KMC 1+1 simulation started

Simulation parameters:
=====================================================
       substrate_lattice_constant [A] = 2.71500
          adatom_lattice_constant [A] = 2.83000
             vertical_lat_spacing [A] = 2.86833
      spring_const_neighbors [eV/A/A] = 2.15025
 spring_const_next_neighbors [eV/A/A] = 1.07513
                     misfit_coeff [A] = 0.04236
                              D [1/s] = 5.19588e+12
                               E [eV] = 0.53000
                     bond_energy [eV] = 0.40000
                               grid_x = 500
                               grid_y = 80
                     substrate_height = 16
           local_relaxation_range_min = 10
           local_relaxation_range_max = 10
                     time_fluence [s] = 8.000
                  simulation_time [s] = 2.000
                      diffusion_range = 8
              deposition_speed [ML/s] = 0.080
                      temperature [K] = 650
=====================================================

           iter       sim_time      new_atoms         pr_acc   real_time[s]        duv_max
           1000       0.001366              1         1.0000            1.9          0.025
           2000       0.001753              1         1.0000            4.0          0.025
           3000       0.002140              1         1.0000            6.0          0.025
           4000       0.002527              1         1.0000            8.1          0.025
           5000       0.002914              1         1.0000           10.1          0.025
           6000       0.003301              1         1.0000           12.2          0.025
           7000       0.003687              1         1.0000           14.2          0.025
           8000       0.004023              2         1.0000           16.3          0.025
           9000       0.004216              2         1.0000           18.3          0.025
          10000       0.004410              2         1.0000           20.4          0.025
          11000       0.005799              3         1.0000           22.4          0.055
          12000       0.007449              4         0.9999           24.4          0.094
          13000       0.007987              6         0.9999           26.5          0.151
          14000       0.008630              8         0.9999           28.5          0.171
          15000       0.008831              8         0.9999           30.5          0.153
          16000       0.009023              8         0.9999           32.5          0.169
          17000       0.009461              9         0.9999           34.6          0.130
          18000       0.009662             10         0.9999           36.6          0.132
          19000       0.010301             12         0.9999           38.6          0.160
          20000       0.011346             13         0.9999           40.6          0.159
          21000       0.011893             13         1.0000           42.6          0.144
          22000       0.013191             14         1.0000           44.6          0.210
          23000       0.013849             16         1.0000           46.6          0.201
          24000       0.014307             16         1.0000           48.6          0.212
          25000       0.015261             16         1.0000           50.5          0.171
          26000       0.015843             18         1.0000           52.5          0.199
          27000       0.016876             18         0.9999           54.5          0.188
          28000       0.018043             21         0.9999           56.4          0.200
          29000       0.018399             21         0.9999           58.4          0.200
          30000       0.018673             21         0.9999           60.4          0.222
          31000       0.018996             22         0.9999           62.4          0.221
          32000       0.019635             24         0.9999           64.4          0.223
          33000       0.020157             24         0.9998           66.3          0.216
          34000       0.020800             24         0.9999           68.2          0.223
          35000       0.021780             24         0.9999           70.1          0.189
          36000       0.022462             24         0.9999           72.1          0.202
          37000       0.022926             25         0.9999           74.1          0.202
          38000       0.023670             26         0.9999           76.0          0.212
          39000       0.024353             27         0.9999           77.9          0.223
          40000       0.025248             28         0.9998           79.8          0.223
          41000       0.026218             29         0.9998           81.7          0.191
          42000       0.027318             30         0.9998           83.6          0.209
          43000       0.028357             32         0.9998           85.5          0.236
          44000       0.028584             32         0.9998           87.5          0.238
          45000       0.029333             33         0.9998           89.4          0.233
          46000       0.030036             34         0.9998           91.4          0.232
          47000       0.030823             35         0.9998           93.2          0.224
          48000       0.031459             35         0.9998           95.1          0.229
          49000       0.032102             36         0.9998           97.0          0.231
          50000       0.033408             37         0.9998           98.9          0.233
          51000       0.034098             38         0.9998          100.8          0.232
          52000       0.034763             39         0.9998          102.7          0.223
          53000       0.035731             41         0.9998          104.6          0.227
          54000       0.037052             42         0.9998          106.4          0.228
          55000       0.038326             42         0.9997          108.2          0.225
          56000       0.038656             42         0.9997          110.2          0.280
          57000       0.039794             44         0.9997          112.0          0.221
          58000       0.040744             46         0.9997          113.9          0.224
          59000       0.041258             47         0.9997          115.8          0.223
          60000       0.042281             48         0.9997          117.6          0.213
          61000       0.043351             50         0.9997          119.4          0.220
          62000       0.044069             50         0.9996          121.3          0.224
          63000       0.044840             50         0.9996          123.2          0.221
          64000       0.046241             50         0.9996          125.0          0.228
          65000       0.047057             50         0.9996          126.8          0.229
          66000       0.047672             50         0.9996          128.7          0.230
          67000       0.048393             50         0.9996          130.5          0.230
          68000       0.049712             50         0.9996          132.3          0.240
          69000       0.050596             50         0.9996          134.0          0.255
          70000       0.051510             51         0.9996          136.7          0.251
          71000       0.052427             51         0.9996          138.5          0.252
          72000       0.053379             51         0.9996          140.3          0.271
          73000       0.054391             52         0.9996          142.1          0.270
          74000       0.055273             53         0.9996          144.0          0.271
          75000       0.056159             54         0.9996          145.8          0.272
          76000       0.057037             56         0.9995          147.7          0.275
          77000       0.057903             56         0.9995          149.5          0.278
          78000       0.059126             56         0.9995          151.2          0.273
          79000       0.059820             57         0.9995          153.0          0.277
          80000       0.060789             58         0.9995          154.8          0.273
          81000       0.061064             58         0.9995          156.8          0.272
          82000       0.061491             59         0.9995          158.7          0.285
          83000       0.062401             59         0.9995          160.4          0.281
          84000       0.063064             60         0.9995          162.3          0.285
          85000       0.063782             61         0.9995          164.2          0.276
          86000       0.064289             62         0.9995          166.0          0.278
          87000       0.064534             62         0.9995          167.9          0.285
          88000       0.064963             64         0.9995          169.8          0.286
          89000       0.065433             64         0.9995          171.6          0.291
          90000       0.066025             64         0.9995          173.5          0.287
          91000       0.066721             64         0.9995          175.3          0.287
          92000       0.067465             66         0.9995          177.1          0.287
          93000       0.067745             66         0.9995          179.0          0.288
          94000       0.069071             68         0.9995          180.8          0.286
          95000       0.069595             69         0.9995          182.5          0.289
          96000       0.070194             70         0.9995          184.4          0.297
          97000       0.070755             70         0.9995          186.2          0.296
          98000       0.071004             70         0.9995          188.2          0.294
          99000       0.072094             70         0.9995          189.8          0.341
         100000       0.072455             71         0.9995          191.7          0.295
         101000       0.073721             71         0.9995          193.5          0.296
         102000       0.074396             74         0.9995          195.3          0.296
         103000       0.075509             75         0.9995          197.1          0.295
         104000       0.076052             76         0.9995          198.9          0.295
         105000       0.076910             77         0.9995          200.7          0.294
         106000       0.077944             78         0.9995          202.4          0.295
         107000       0.078824             80         0.9995          204.2          0.294
         108000       0.079632             82         0.9995          206.0          0.291
         109000       0.080605             84         0.9995          207.8          0.292
         110000       0.081575             85         0.9994          209.5          0.291
         111000       0.082351             86         0.9994          211.3          0.294
         112000       0.083349             86         0.9994          213.1          0.285
         113000       0.084283             88         0.9994          214.9          0.303
         114000       0.085215             90         0.9994          216.6          0.355
         115000       0.086071             90         0.9994          218.4          0.318
         116000       0.086761             91         0.9994          220.2          0.308
         117000       0.087513             93         0.9994          221.9          0.302
         118000       0.088019             93         0.9994          223.7          0.299
         119000       0.088857             93         0.9994          225.5          0.298
         120000       0.089480             95         0.9994          227.2          0.298
         121000       0.090509             96         0.9994          228.9          0.297
         122000       0.090840             96         0.9994          230.7          0.306
         123000       0.091902             96         0.9994          232.4          0.298
         124000       0.092512             97         0.9994          235.2          0.293
         125000       0.093195             97         0.9994          237.0          0.288
         126000       0.094015             99         0.9994          238.8          0.285
         127000       0.094840            100         0.9994          240.5          0.285
         128000       0.095322            101         0.9994          242.3          0.284
         129000       0.096794            103         0.9994          244.0          0.284
         130000       0.097513            104         0.9994          245.9          0.286
         131000       0.097885            104         0.9994          247.7          0.282
         132000       0.098455            105         0.9994          249.5          0.291
         133000       0.099210            106         0.9994          251.3          0.289
         134000       0.100026            108         0.9994          253.0          0.294
         135000       0.100588            109         0.9994          254.7          0.296
         136000       0.101269            110         0.9994          256.4          0.294
         137000       0.102525            110         0.9994          258.1          0.296
         138000       0.103198            110         0.9994          259.8          0.290
         139000       0.104016            111         0.9994          261.5          0.292
         140000       0.105112            113         0.9994          263.2          0.296
         141000       0.105978            115         0.9994          264.9          0.294
         142000       0.106829            116         0.9994          266.7          0.294
         143000       0.107301            116         0.9994          268.4          0.297
         144000       0.108273            117         0.9994          270.1          0.297
         145000       0.109201            118         0.9994          271.8          0.299
         146000       0.110108            119         0.9994          273.6          0.300
         147000       0.111093            120         0.9994          275.3          0.303
         148000       0.112168            120         0.9994          277.0          0.302
         149000       0.113231            120         0.9993          278.7          0.298
         150000       0.114798            120         0.9993          280.4          0.301
         151000       0.115539            121         0.9993          282.1          0.296
         152000       0.116337            121         0.9993          283.9          0.293
         153000       0.117116            122         0.9993          285.6          0.340
         154000       0.117799            122         0.9993          287.3          0.344
         155000       0.118624            122         0.9993          289.0          0.343
         156000       0.119667            125         0.9993          290.8          0.330
         157000       0.120273            125         0.9993          292.5          0.301
         158000       0.121177            126         0.9993          294.2          0.297
         159000       0.121823            126         0.9993          296.0          0.294
         160000       0.122546            126         0.9993          297.7          0.292
         161000       0.123396            127         0.9993          299.4          0.292
         162000       0.124420            127         0.9993          301.0          0.294
         163000       0.124847            127         0.9993          302.7          0.302
         164000       0.125626            127         0.9992          304.4          0.318
         165000       0.126715            127         0.9992          306.1          0.296
         166000       0.127680            130         0.9992          307.8          0.318
         167000       0.128454            132         0.9992          309.5          0.342
         168000       0.129261            132         0.9992          311.2          0.298
         169000       0.130281            132         0.9992          313.0          0.295
         170000       0.131071            132         0.9992          314.7          0.300
         171000       0.132062            132         0.9992          316.4          0.298
         172000       0.132718            132         0.9992          318.1          0.306
         173000       0.133639            132         0.9992          319.8          0.295
         174000       0.134352            132         0.9992          321.5          0.296
         175000       0.135104            133         0.9992          323.2          0.294
         176000       0.135591            133         0.9992          325.0          0.292
         177000       0.136272            134         0.9992          326.7          0.293
         178000       0.137005            135         0.9992          328.3          0.290
         179000       0.137525            136         0.9992          330.0          0.292
         180000       0.137796            136         0.9992          331.8          0.291
         181000       0.138810            136         0.9992          333.5          0.290
         182000       0.139317            137         0.9992          335.2          0.287
         183000       0.140345            138         0.9992          336.9          0.289
         184000       0.141118            140         0.9992          338.6          0.292
         185000       0.141975            141         0.9992          340.3          0.335
         186000       0.142532            141         0.9992          342.1          0.338
         187000       0.143385            144         0.9992          343.8          0.337
         188000       0.144113            146         0.9992          345.5          0.307
         189000       0.144539            147         0.9992          347.2          0.325
         190000       0.145218            147         0.9992          348.9          0.327
         191000       0.146025            148         0.9992          350.6          0.301
         192000       0.146761            148         0.9992          352.3          0.314
         193000       0.147828            148         0.9992          353.9          0.302
         194000       0.148896            148         0.9992          355.6          0.301
         195000       0.150320            149         0.9992          357.2          0.337
         196000       0.151095            151         0.9992          358.9          0.304
         197000       0.151693            151         0.9992          360.6          0.315
         198000       0.152279            153         0.9992          362.3          0.305
         199000       0.152838            154         0.9992          364.0          0.302
         200000       0.153543            154         0.9991          365.6          0.296
         201000       0.154238            154         0.9991          367.3          0.300
         202000       0.155067            154         0.9991          369.0          0.360
         203000       0.155796            154         0.9991          370.6          0.327
         204000       0.156553            155         0.9991          372.3          0.342
         205000       0.157339            155         0.9991          374.0          0.309
         206000       0.157704            155         0.9991          375.8          0.295
         207000       0.158143            158         0.9991          377.4          0.284
         208000       0.158802            159         0.9991          379.1          0.306
         209000       0.159902            159         0.9991          380.8          0.367
         210000       0.160529            159         0.9991          382.4          0.310
         211000       0.161362            161         0.9991          384.1          0.303
         212000       0.162283            162         0.9991          385.8          0.284
         213000       0.162995            163         0.9991          387.4          0.296
         214000       0.163818            164         0.9991          390.0          0.303
         215000       0.164597            166         0.9991          391.6          0.309
         216000       0.165251            166         0.9991          393.3          0.326
         217000       0.165958            166         0.9991          395.0          0.317
         218000       0.166628            166         0.9991          396.7          0.313
         219000       0.167391            169         0.9991          398.4          0.313
         220000       0.168200            169         0.9991          400.1          0.315
         221000       0.168922            170         0.9991          401.8          0.332
         222000       0.169792            170         0.9991          403.4          0.315
         223000       0.170970            170         0.9991          405.1          0.317
         224000       0.171606            172         0.9991          406.8          0.312
         225000       0.172198            173         0.9991          408.5          0.313
         226000       0.172856            173         0.9991          410.1          0.309
         227000       0.173213            173         0.9991          411.8          0.312
         228000       0.174086            174         0.9991          413.4          0.313
         229000       0.174757            175         0.9991          415.1          0.314
         230000       0.175525            175         0.9991          416.8          0.313
         231000       0.175849            176         0.9991          418.5          0.311
         232000       0.176466            177         0.9991          420.2          0.316
         233000       0.177367            177         0.9991          421.9          0.314
         234000       0.178324            179         0.9991          423.5          0.330
         235000       0.179372            180         0.9990          425.2          0.321
         236000       0.179928            181         0.9990          426.9          0.319
         237000       0.180514            182         0.9990          428.6          0.320
         238000       0.181351            182         0.9990          430.3          0.322
         239000       0.181846            182         0.9990          432.0          0.320
         240000       0.182183            182         0.9990          433.7          0.320
         241000       0.183141            182         0.9990          435.3          0.321
         242000       0.184379            185         0.9990          437.0          0.317
         243000       0.185363            186         0.9990          438.7          0.320
         244000       0.186104            188         0.9990          440.4          0.320
         245000       0.186756            188         0.9990          442.1          0.318
         246000       0.187167            189         0.9990          443.7          0.312
         247000       0.187740            190         0.9990          445.5          0.311
         248000       0.188450            191         0.9990          447.2          0.311
         249000       0.189271            192         0.9990          448.8          0.332
         250000       0.190212            192         0.9990          450.5          0.368
         251000       0.190705            192         0.9990          452.2          0.375
         252000       0.191502            192         0.9990          453.8          0.385
         253000       0.192424            193         0.9990          455.5          0.391
         254000       0.193041            195         0.9990          457.2          0.359
         255000       0.193669            195         0.9990          458.8          0.378
         256000       0.194528            196         0.9990          460.4          0.374
         257000       0.195541            197         0.9990          462.1          0.422
         258000       0.196014            198         0.9990          463.7          0.395
         259000       0.196722            198         0.9990          465.4          0.376
         260000       0.197345            199         0.9990          467.0          0.378
         261000       0.198221            202         0.9990          468.7          0.451
         262000       0.199332            202         0.9990          470.4          0.454
         263000       0.200468            203         0.9990          472.0          0.411
         264000       0.201071            206         0.9990          473.7          0.377
         265000       0.202208            206         0.9990          475.3          0.373
         266000       0.202719            206         0.9990          477.0          0.413
         267000       0.203560            207         0.9990          478.6          0.401
         268000       0.204661            207         0.9990          480.2          0.425
         269000       0.205690            207         0.9990          481.8          0.417
         270000       0.206461            207         0.9990          483.5          0.395
         271000       0.207410            209         0.9990          485.1          0.356
         272000       0.207971            210         0.9990          486.7          0.355
         273000       0.208860            210         0.9990          488.3          0.354
         274000       0.209458            210         0.9990          490.0          0.346
         275000       0.210172            210         0.9990          491.6          0.395
         276000       0.211076            211         0.9990          493.2          0.403
         277000       0.211924            212         0.9990          494.8          0.479
         278000       0.212586            214         0.9990          496.4          0.432
         279000       0.213169            214         0.9990          498.1          0.419
         280000       0.213919            214         0.9990          499.7          0.360
         281000       0.215005            215         0.9990          501.3          0.340
         282000       0.215608            216         0.9989          502.9          0.347
         283000       0.216318            217         0.9990          504.5          0.343
         284000       0.216937            217         0.9989          506.1          0.341
         285000       0.217854            218         0.9989          507.8          0.349
         286000       0.218708            219         0.9989          509.4          0.406
         287000       0.219550            222         0.9989          511.1          0.319
         288000       0.220238            222         0.9989          512.7          0.331
         289000       0.220759            224         0.9989          514.4          0.333
         290000       0.221485            226         0.9989          516.1          0.326
         291000       0.222159            227         0.9989          517.7          0.320
         292000       0.222705            228         0.9989          519.3          0.367
         293000       0.223258            228         0.9989          521.0          0.400
         294000       0.224226            230         0.9989          522.6          0.314
         295000       0.224849            231         0.9989          524.2          0.334
         296000       0.225543            231         0.9989          525.9          0.340
         297000       0.226148            232         0.9989          527.5          0.363
         298000       0.226728            234         0.9989          529.2          0.320
         299000       0.227533            236         0.9989          530.8          0.334
         300000       0.228146            236         0.9989          532.4          0.318
         301000       0.228918            236         0.9989          534.0          0.355
         302000       0.229512            236         0.9989          535.7          0.364
         303000       0.230260            238         0.9989          537.3          0.362
         304000       0.230905            238         0.9989          538.9          0.438
         305000       0.231651            240         0.9989          540.5          0.419
         306000       0.232499            240         0.9989          542.2          0.334
         307000       0.233406            241         0.9988          543.8          0.340
         308000       0.234037            241         0.9988          545.4          0.347
         309000       0.234893            242         0.9988          547.1          0.341
         310000       0.235819            242         0.9988          548.7          0.360
         311000       0.236672            243         0.9988          550.3          0.389
         312000       0.237364            244         0.9988          551.9          0.354
         313000       0.238210            244         0.9988          553.6          0.366
         314000       0.239125            244         0.9988          555.2          0.424
         315000       0.239816            244         0.9988          556.9          0.400
         316000       0.240830            246         0.9988          558.5          0.435
         317000       0.241709            247         0.9988          560.1          0.445
         318000       0.242706            247         0.9988          561.7          0.456
         319000       0.243627            247         0.9988          563.4          0.347
         320000       0.244476            247         0.9988          565.0          0.349
         321000       0.245298            248         0.9988          566.6          0.393
         322000       0.246018            248         0.9988          568.2          0.362
         323000       0.246881            248         0.9988          569.8          0.369
         324000       0.247520            249         0.9988          571.4          0.340
         325000       0.248290            251         0.9988          573.0          0.367
         326000       0.249065            252         0.9988          574.7          0.348
         327000       0.249886            252         0.9988          576.3          0.420
         328000       0.250263            252         0.9988          577.9          0.420
         329000       0.251201            253         0.9988          579.5          0.417
         330000       0.252232            253         0.9988          581.1          0.423
         331000       0.253144            254         0.9987          582.7          0.428
         332000       0.253821            254         0.9987          584.3          0.358
         333000       0.254553            254         0.9987          585.9          0.370
         334000       0.255196            255         0.9987          587.5          0.370
         335000       0.255878            256         0.9987          589.2          0.424
         336000       0.256712            258         0.9987          590.8          0.360
         337000       0.257537            258         0.9987          592.4          0.370
         338000       0.258203            262         0.9987          594.0          0.402
         339000       0.258974            262         0.9987          595.6          0.414
         340000       0.259723            262         0.9987          597.2          0.415
         341000       0.260506            262         0.9987          598.8          0.404
         342000       0.261332            263         0.9987          600.5          0.395
         343000       0.262158            263         0.9987          602.1          0.361
         344000       0.262928            264         0.9987          603.7          0.342
         345000       0.263642            264         0.9987          605.3          0.345
         346000       0.264472            264         0.9987          607.0          0.383
         347000       0.265187            264         0.9986          608.6          0.381
         348000       0.265934            264         0.9986          610.2          0.336
         349000       0.266511            265         0.9986          611.9          0.384
         350000       0.267496            267         0.9986          613.5          0.404
         351000       0.268032            267         0.9986          615.2          0.393
         352000       0.268865            268         0.9986          616.8          0.402
         353000       0.269666            268         0.9986          618.4          0.402
         354000       0.270546            270         0.9986          620.0          0.385
         355000       0.271322            270         0.9986          621.6          0.362
         356000       0.272184            270         0.9986          623.2          0.433
         357000       0.272878            271         0.9986          624.9          0.391
         358000       0.273665            272         0.9986          626.5          0.371
         359000       0.274255            272         0.9986          628.1          0.401
         360000       0.274841            272         0.9986          629.7          0.359
         361000       0.275398            273         0.9986          631.3          0.383
         362000       0.276495            275         0.9986          632.9          0.363
         363000       0.277190            275         0.9986          634.5          0.358
         364000       0.278019            276         0.9986          636.1          0.416
         365000       0.278447            277         0.9986          637.7          0.409
         366000       0.279108            279         0.9986          639.4          0.395
         367000       0.279789            281         0.9986          641.0          0.410
         368000       0.280445            283         0.9986          642.6          0.373
         369000       0.281329            284         0.9985          644.2          0.392
         370000       0.282194            284         0.9985          645.8          0.385
         371000       0.283350            286         0.9985          647.4          0.452
         372000       0.284011            286         0.9985          649.1          0.406
         373000       0.284734            286         0.9985          650.7          0.376
         374000       0.285645            286         0.9985          652.3          0.366
         375000       0.286320            288         0.9985          653.9          0.384
         376000       0.287246            289         0.9985          655.5          0.342
         377000       0.287858            290         0.9985          657.1          0.353
         378000       0.288824            290         0.9985          658.7          0.361
         379000       0.289495            290         0.9985          660.3          0.340
         380000       0.290321            291         0.9985          661.9          0.326
         381000       0.291038            292         0.9985          663.5          0.346
         382000       0.291875            292         0.9985          665.1          0.341
         383000       0.292564            294         0.9985          666.7          0.341
         384000       0.293347            294         0.9985          668.3          0.366
         385000       0.294146            294         0.9985          669.9          0.430
         386000       0.294807            296         0.9985          671.5          0.483
         387000       0.295641            296         0.9985          673.1          0.438
         388000       0.296418            297         0.9985          674.7          0.485
         389000       0.297106            298         0.9985          676.3          0.493
         390000       0.298092            299         0.9985          677.9          0.395
         391000       0.299074            300         0.9985          679.5          0.380
         392000       0.299856            301         0.9985          681.1          0.370
         393000       0.300563            301         0.9985          682.7          0.489
         394000       0.301068            301         0.9985          684.3          0.404
         395000       0.301674            301         0.9984          685.9          0.463
         396000       0.302535            301         0.9985          687.5          0.489
         397000       0.303658            303         0.9984          689.1          0.400
         398000       0.304587            304         0.9984          690.7          0.453
         399000       0.305412            305         0.9984          692.3          0.473
         400000       0.306270            306         0.9984          693.9          0.439
         401000       0.306989            307         0.9984          695.5          0.482
         402000       0.307696            309         0.9984          697.0          0.484
         403000       0.308188            311         0.9984          698.6          0.439
         404000       0.309245            313         0.9984          700.2          0.491
         405000       0.309901            315         0.9984          701.8          0.473
         406000       0.310784            316         0.9984          703.4          0.473
         407000       0.311511            317         0.9984          705.0          0.421
         408000       0.312239            318         0.9984          706.6          0.441
         409000       0.313070            318         0.9984          708.2          0.454
         410000       0.313556            319         0.9984          709.8          0.430
         411000       0.314000            319         0.9984          711.3          0.449
         412000       0.314767            319         0.9984          712.9          0.464
         413000       0.315501            323         0.9984          714.5          0.479
         414000       0.316171            323         0.9984          716.1          0.463
         415000       0.316832            323         0.9984          717.7          0.404
         416000       0.317582            323         0.9984          719.3          0.365
         417000       0.318337            323         0.9984          720.9          0.484
         418000       0.319143            324         0.9984          722.5          0.445
         419000       0.320081            324         0.9984          724.1          0.416
         420000       0.320713            324         0.9984          725.7          0.434
         421000       0.321447            328         0.9984          727.3          0.447
         422000       0.322019            329         0.9984          728.9          0.484
         423000       0.323007            330         0.9984          730.4          0.460
         424000       0.323715            330         0.9984          732.0          0.465
         425000       0.324462            331         0.9984          733.6          0.377
         426000       0.325124            331         0.9984          735.2          0.453
         427000       0.326106            332         0.9984          736.8          0.425
         428000       0.327109            332         0.9983          738.4          0.484
         429000       0.327983            334         0.9983          740.0          0.484
         430000       0.328626            336         0.9983          741.6          0.494
         431000       0.329444            337         0.9983          743.2          0.494
         432000       0.329985            339         0.9983          744.8          0.407
         433000       0.330683            341         0.9983          746.4          0.442
         434000       0.331555            342         0.9983          748.0          0.437
         435000       0.332172            342         0.9983          749.6          0.410
         436000       0.332895            342         0.9983          751.2          0.484
         437000       0.333551            343         0.9983          752.7          0.443
         438000       0.334263            343         0.9983          754.3          0.472
         439000       0.335066            343         0.9983          755.9          0.461
         440000       0.335698            344         0.9983          757.5          0.458
         441000       0.336505            344         0.9983          759.1          0.453
         442000       0.337294            347         0.9983          760.7          0.499
         443000       0.337959            348         0.9983          762.3          0.422
         444000       0.338491            349         0.9983          763.9          0.444
         445000       0.339223            349         0.9983          765.4          0.448
         446000       0.339941            351         0.9983          767.0          0.465
         447000       0.340619            351         0.9983          768.6          0.479
         448000       0.341327            351         0.9983          770.2          0.477
         449000       0.342109            351         0.9983          771.8          0.478
         450000       0.342998            352         0.9983          773.4          0.474
         451000       0.343825            352         0.9983          775.0          0.446
         452000       0.344394            352         0.9983          776.6          0.480
         453000       0.345131            354         0.9983          778.2          0.427
         454000       0.345821            354         0.9983          780.4          0.469
         455000       0.346651            354         0.9983          782.0          0.500
         456000       0.347583            354         0.9983          783.6          0.422
         457000       0.348117            355         0.9983          785.2          0.394
         458000       0.348871            355         0.9983          786.8          0.380
         459000       0.349773            356         0.9983          788.4          0.373
         460000       0.350461            358         0.9983          790.0          0.472
         461000       0.351136            358         0.9983          791.6          0.425
         462000       0.351771            359         0.9983          793.2          0.419
         463000       0.352417            359         0.9983          794.8          0.473
         464000       0.353115            361         0.9983          796.4          0.416
         465000       0.353696            361         0.9983          797.9          0.488
         466000       0.354469            361         0.9983          799.5          0.492
         467000       0.355063            362         0.9983          801.1          0.445
         468000       0.355741            363         0.9982          802.7          0.494
         469000       0.356591            364         0.9982          804.3          0.499
         470000       0.357287            366         0.9982          805.9          0.501
         471000       0.357937            366         0.9982          807.5          0.422
         472000       0.358872            367         0.9982          809.1          0.484
         473000       0.359739            367         0.9982          810.7          0.421
         474000       0.360529            368         0.9982          812.3          0.434
         475000       0.361260            370         0.9982          813.9          0.464
         476000       0.362064            371         0.9982          815.6          0.477
         477000       0.362766            371         0.9982          817.2          0.446
         478000       0.363433            371         0.9982          818.8          0.483
         479000       0.364175            373         0.9982          820.4          0.423
         480000       0.364726            373         0.9982          822.0          0.416
         481000       0.365566            373         0.9982          823.6          0.412
         482000       0.366305            374         0.9982          825.2          0.388
         483000       0.367024            374         0.9982          826.8          0.450
         484000       0.367667            374         0.9982          828.4          0.369
         485000       0.368361            374         0.9982          830.1          0.359
         486000       0.369118            374         0.9982          831.7          0.345
         487000       0.369827            374         0.9982          833.3          0.368
         488000       0.370573            374         0.9982          835.0          0.340
         489000       0.371286            374         0.9982          836.6          0.352
         490000       0.372038            376         0.9982          838.2          0.420
         491000       0.372724            376         0.9982          839.8          0.414
         492000       0.373308            376         0.9982          841.4          0.476
         493000       0.373929            376         0.9982          843.0          0.444
         494000       0.374496            377         0.9982          844.7          0.500
         495000       0.375264            378         0.9982          846.3          0.503
         496000       0.376060            378         0.9982          847.9          0.384
         497000       0.376868            380         0.9982          849.5          0.369
         498000       0.377672            380         0.9982          851.1          0.379
         499000       0.378557            381         0.9982          852.7          0.501
         500000       0.379461            381         0.9982          854.3          0.460
         501000       0.379967            381         0.9982          855.9          0.431
         502000       0.380688            382         0.9982          857.6          0.426
         503000       0.381370            383         0.9982          859.2          0.349
         504000       0.381996            383         0.9982          860.8          0.358
         505000       0.382861            383         0.9982          862.4          0.349
         506000       0.383580            384         0.9982          864.0          0.347
         507000       0.384070            384         0.9982          865.7          0.337
         508000       0.384725            385         0.9982          867.3          0.340
         509000       0.385639            385         0.9982          868.9          0.344
         510000       0.386181            386         0.9982          870.6          0.346
         511000       0.386870            387         0.9982          872.2          0.387
         512000       0.387631            387         0.9982          873.8          0.405
         513000       0.388202            388         0.9982          875.5          0.412
         514000       0.388574            388         0.9982          877.1          0.452
         515000       0.389295            388         0.9982          878.7          0.512
         516000       0.389989            390         0.9982          880.4          0.455
         517000       0.390691            390         0.9982          882.0          0.507
         518000       0.391111            390         0.9982          883.7          0.507
         519000       0.391868            390         0.9982          885.3          0.454
         520000       0.392542            390         0.9982          886.9          0.458
         521000       0.393346            390         0.9982          888.6          0.402
         522000       0.394001            390         0.9982          890.3          0.420
         523000       0.394707            391         0.9982          891.9          0.401
         524000       0.395271            392         0.9982          893.5          0.449
         525000       0.396179            393         0.9982          895.1          0.401
         526000       0.397240            395         0.9981          896.7          0.403
         527000       0.397981            395         0.9981          898.4          0.453
         528000       0.398670            396         0.9981          900.0          0.398
         529000       0.399520            396         0.9981          901.6          0.433
         530000       0.400072            396         0.9981          903.2          0.437
         531000       0.400668            397         0.9981          904.9          0.407
         532000       0.401331            397         0.9981          906.5          0.372
         533000       0.402097            400         0.9981          908.1          0.335
         534000       0.402616            400         0.9981          909.7          0.337
         535000       0.403376            400         0.9981          911.3          0.337
         536000       0.404181            401         0.9981          912.9          0.368
         537000       0.404904            401         0.9981          914.6          0.386
         538000       0.405706            403         0.9981          916.2          0.433
         539000       0.406455            404         0.9981          917.8          0.465
         540000       0.407306            404         0.9981          919.4          0.428
         541000       0.408082            404         0.9981          921.0          0.460
         542000       0.408739            404         0.9981          922.6          0.448
         543000       0.409641            405         0.9981          924.2          0.417
         544000       0.410270            405         0.9981          925.8          0.412
         545000       0.411120            406         0.9981          927.4          0.473
         546000       0.411799            407         0.9981          929.0          0.473
         547000       0.412649            407         0.9981          930.5          0.450
         548000       0.413300            407         0.9981          932.1          0.494
         549000       0.414084            407         0.9981          933.7          0.461
         550000       0.414713            408         0.9981          935.3          0.462
         551000       0.415369            410         0.9981          936.9          0.431
         552000       0.416067            410         0.9981          938.4          0.447
         553000       0.416762            410         0.9981          940.0          0.464
         554000       0.417561            412         0.9981          941.6          0.464
         555000       0.418286            413         0.9981          943.2          0.431
         556000       0.418808            413         0.9981          944.8          0.466
         557000       0.419400            414         0.9981          946.4          0.420
         558000       0.420140            415         0.9981          947.9          0.481
         559000       0.420825            415         0.9981          949.5          0.460
         560000       0.421477            415         0.9981          951.1          0.385
         561000       0.421995            415         0.9981          952.7          0.408
         562000       0.422815            415         0.9981          954.3          0.459
         563000       0.423543            418         0.9981          955.9          0.417
         564000       0.424099            418         0.9981          957.5          0.382
         565000       0.424792            419         0.9981          959.0          0.369
         566000       0.425505            421         0.9981          960.6          0.357
         567000       0.426289            421         0.9981          962.2          0.511
         568000       0.427030            422         0.9981          963.8          0.452
         569000       0.427792            422         0.9981          965.4          0.477
         570000       0.428830            422         0.9981          967.0          0.465
         571000       0.429625            423         0.9981          968.6          0.407
         572000       0.430353            423         0.9981          970.2          0.497
         573000       0.431229            424         0.9980          971.9          0.496
         574000       0.432053            424         0.9980          973.4          0.444
         575000       0.432798            424         0.9980          975.0          0.369
         576000       0.433508            425         0.9980          976.6          0.432
         577000       0.434223            425         0.9980          978.2          0.492
         578000       0.434872            425         0.9980          979.8          0.429
         579000       0.435527            426         0.9980          981.4          0.439
         580000       0.436307            427         0.9980          983.0          0.487
         581000       0.437099            428         0.9980          984.6          0.489
         582000       0.437914            428         0.9980          986.2          0.409
         583000       0.438512            428         0.9980          987.8          0.382
         584000       0.439253            428         0.9980          989.4          0.491
         585000       0.439895            428         0.9980          990.9          0.386
         586000       0.440564            428         0.9980          992.5          0.430
         587000       0.441536            430         0.9980          994.1          0.475
         588000       0.442459            430         0.9980          995.7          0.422
         589000       0.442951            430         0.9980          997.3          0.465
         590000       0.443605            430         0.9980          998.9          0.466
         591000       0.444481            432         0.9980         1000.5          0.452
         592000       0.445153            432         0.9980         1002.1          0.455
         593000       0.445844            432         0.9980         1003.7          0.414
         594000       0.446517            432         0.9980         1005.2          0.422
         595000       0.447131            433         0.9980         1006.8          0.476
         596000       0.448008            434         0.9980         1008.4          0.433
         597000       0.448731            434         0.9980         1010.0          0.433
         598000       0.449450            434         0.9980         1011.6          0.433
         599000       0.450333            435         0.9980         1013.2          0.450
         600000       0.451108            436         0.9980         1014.7          0.474
         601000       0.451772            436         0.9980         1016.3          0.472
         602000       0.452462            437         0.9980         1017.9          0.470
         603000       0.453079            438         0.9980         1019.4          0.515
         604000       0.453726            439         0.9980         1021.0          0.459
         605000       0.454402            440         0.9980         1022.6          0.483
         606000       0.455184            442         0.9980         1024.2          0.502
         607000       0.456105            444         0.9980         1025.8          0.481
         608000       0.456769            445         0.9980         1027.3          0.486
         609000       0.457423            445         0.9980         1028.9          0.483
         610000       0.458256            446         0.9980         1030.5          0.506
         611000       0.459125            448         0.9980         1032.0          0.505
         612000       0.460173            451         0.9979         1033.6          0.446
         613000       0.461007            451         0.9979         1035.2          0.499
         614000       0.461636            452         0.9979         1036.8          0.495
         615000       0.462376            453         0.9980         1038.4          0.482
         616000       0.463176            453         0.9979         1039.9          0.473
         617000       0.464057            453         0.9979         1041.5          0.492
         618000       0.464756            453         0.9979         1043.1          0.473
         619000       0.465553            455         0.9979         1044.6          0.520
         620000       0.466283            458         0.9979         1046.2          0.463
         621000       0.467030            458         0.9979         1047.8          0.430
         622000       0.467679            458         0.9979         1049.4          0.411
         623000       0.468434            460         0.9979         1050.9          0.419
         624000       0.469151            462         0.9979         1052.5          0.433
         625000       0.470023            463         0.9979         1054.1          0.488
         626000       0.470939            463         0.9979         1055.7          0.507
         627000       0.471915            464         0.9979         1057.2          0.506
         628000       0.472612            464         0.9979         1058.9          0.452
         629000       0.473051            464         0.9979         1060.4          0.447
         630000       0.474083            465         0.9979         1062.0          0.519
         631000       0.474778            465         0.9979         1063.6          0.444
         632000       0.475537            466         0.9979         1065.1          0.517
         633000       0.476306            466         0.9979         1066.7          0.499
         634000       0.477109            467         0.9979         1068.2          0.507
         635000       0.477799            468         0.9979         1069.8          0.521
         636000       0.478625            469         0.9979         1071.4          0.501
         637000       0.479415            470         0.9979         1072.9          0.455
         638000       0.480218            470         0.9979         1074.5          0.525
         639000       0.480916            473         0.9979         1076.1          0.525
         640000       0.481478            476         0.9979         1077.6          0.462
         641000       0.482069            477         0.9979         1079.2          0.474
         642000       0.482893            477         0.9979         1080.8          0.522
         643000       0.483703            477         0.9979         1082.4          0.509
         644000       0.484483            477         0.9979         1083.9          0.515
         645000       0.485383            478         0.9979         1085.5          0.505
         646000       0.486136            479         0.9979         1087.1          0.531
         647000       0.486924            481         0.9979         1088.6          0.422
         648000       0.487884            481         0.9979         1090.2          0.397
         649000       0.488740            481         0.9979         1091.8          0.423
         650000       0.489611            483         0.9979         1093.4          0.431
         651000       0.490576            483         0.9979         1094.9          0.510
         652000       0.491065            484         0.9979         1096.5          0.456
         653000       0.491739            484         0.9979         1098.1          0.420
         654000       0.492439            485         0.9979         1099.6          0.457
         655000       0.493203            486         0.9979         1101.2          0.516
         656000       0.494046            486         0.9979         1102.7          0.439
         657000       0.494792            487         0.9979         1104.3          0.443
         658000       0.495333            487         0.9979         1105.9          0.418
         659000       0.496174            487         0.9979         1107.4          0.535
         660000       0.496936            487         0.9979         1109.0          0.500
         661000       0.497714            487         0.9979         1110.5          0.420
         662000       0.498618            488         0.9979         1112.1          0.464
         663000       0.499121            488         0.9978         1113.6          0.560
         664000       0.499921            489         0.9979         1115.2          0.469
         665000       0.500765            489         0.9978         1116.8          0.456
         666000       0.501328            489         0.9978         1118.3          0.526
         667000       0.502019            489         0.9978         1119.8          0.521
         668000       0.502651            492         0.9978         1121.4          0.512
         669000       0.503442            493         0.9978         1123.0          0.512
         670000       0.504211            496         0.9978         1124.5          0.518
         671000       0.504759            496         0.9978         1126.1          0.506
         672000       0.505543            497         0.9978         1127.6          0.514
         673000       0.506170            498         0.9978         1129.2          0.581
         674000       0.506971            499         0.9978         1130.7          0.489
         675000       0.507875            501         0.9978         1132.3          0.443
         676000       0.508619            502         0.9978         1133.9          0.425
         677000       0.509159            503         0.9978         1135.4          0.454
         678000       0.509958            503         0.9978         1137.0          0.498
         679000       0.510840            503         0.9978         1138.5          0.426
         680000       0.511574            503         0.9978         1140.1          0.462
         681000       0.512104            503         0.9978         1141.6          0.462
         682000       0.512760            503         0.9978         1143.2          0.458
         683000       0.513410            504         0.9978         1144.7          0.499
         684000       0.514245            504         0.9978         1146.3          0.457
         685000       0.514658            504         0.9978         1147.9          0.499
         686000       0.515329            504         0.9978         1149.4          0.537
         687000       0.515919            505         0.9978         1150.9          0.520
         688000       0.516662            506         0.9978         1152.5          0.518
         689000       0.517468            508         0.9978         1154.0          0.550
         690000       0.518180            508         0.9978         1155.6          0.529
         691000       0.519155            509         0.9978         1157.1          0.492
         692000       0.520046            512         0.9978         1158.7          0.513
         693000       0.520652            512         0.9978         1160.3          0.513
         694000       0.521315            514         0.9978         1161.8          0.564
         695000       0.522164            515         0.9978         1163.4          0.570
         696000       0.522963            516         0.9978         1165.0          0.516
         697000       0.523460            516         0.9978         1166.5          0.522
         698000       0.524079            518         0.9978         1168.1          0.551
         699000       0.524748            518         0.9978         1169.6          0.550
         700000       0.525561            518         0.9978         1171.2          0.585
         701000       0.526389            519         0.9978         1172.7          0.601
         702000       0.527135            519         0.9978         1174.3          0.597
         703000       0.527949            521         0.9978         1175.8          0.628
         704000       0.528615            521         0.9978         1177.4          0.521
         705000       0.529433            521         0.9978         1179.0          0.542
         706000       0.530246            523         0.9978         1180.5          0.493
         707000       0.531222            523         0.9978         1182.1          0.495
         708000       0.531956            523         0.9978         1183.7          0.454
         709000       0.532678            525         0.9978         1185.2          0.462
         710000       0.533357            525         0.9978         1186.8          0.466
         711000       0.534188            526         0.9978         1188.3          0.460
         712000       0.534857            527         0.9978         1189.9          0.492
         713000       0.535744            529         0.9978         1191.4          0.490
         714000       0.536596            533         0.9978         1193.0          0.493
         715000       0.537494            533         0.9978         1194.6          0.515
         716000       0.538149            536         0.9978         1196.1          0.506
         717000       0.538859            539         0.9978         1197.7          0.493
         718000       0.539613            539         0.9978         1199.2          0.478
         719000       0.540275            540         0.9978         1200.8          0.568
         720000       0.540864            540         0.9978         1202.3          0.569
         721000       0.541613            541         0.9978         1203.9          0.461
         722000       0.542375            542         0.9978         1205.4          0.511
         723000       0.543215            543         0.9978         1207.0          0.508
         724000       0.543910            543         0.9978         1208.6          0.547
         725000       0.544651            543         0.9978         1210.1          0.546
         726000       0.545383            543         0.9977         1211.6          0.558
         727000       0.546365            545         0.9977         1213.2          0.605
         728000       0.547140            546         0.9977         1214.7          0.555
         729000       0.547900            546         0.9977         1216.3          0.543
         730000       0.548648            546         0.9977         1217.8          0.558
         731000       0.549441            547         0.9977         1219.4          0.532
         732000       0.550136            547         0.9977         1220.9          0.514
         733000       0.550946            547         0.9977         1222.5          0.676
         734000       0.551754            547         0.9977         1224.0          0.596
         735000       0.552457            548         0.9977         1225.5          0.622
         736000       0.553262            549         0.9977         1227.1          0.638
         737000       0.553894            549         0.9977         1228.6          0.710
         738000       0.554574            549         0.9977         1230.2          0.710
         739000       0.555297            550         0.9977         1231.7          0.632
         740000       0.555963            550         0.9977         1233.3          0.634
         741000       0.556847            551         0.9977         1234.8          0.635
         742000       0.557615            552         0.9977         1236.3          0.535
         743000       0.558403            552         0.9977         1237.9          0.548
         744000       0.559020            552         0.9977         1239.5          0.550
         745000       0.559730            553         0.9977         1241.0          0.597
         746000       0.560508            553         0.9977         1242.6          0.547
         747000       0.561097            553         0.9977         1244.2          0.610
         748000       0.561867            555         0.9977         1245.8          0.599
         749000       0.562629            558         0.9977         1247.3          0.630
         750000       0.563346            559         0.9977         1248.9          0.636
         751000       0.564239            560         0.9977         1250.4          0.570
         752000       0.564734            560         0.9977         1252.0          0.617
         753000       0.565385            561         0.9977         1253.5          0.566
         754000       0.566172            562         0.9977         1255.0          0.483
         755000       0.566773            562         0.9977         1256.6          0.507
         756000       0.567517            562         0.9977         1258.1          0.570
         757000       0.568292            563         0.9977         1259.7          0.509
         758000       0.569176            564         0.9977         1261.2          0.506
         759000       0.569934            566         0.9977         1262.8          0.542
         760000       0.570759            566         0.9977         1264.3          0.524
         761000       0.571768            566         0.9977         1265.8          0.566
         762000       0.572488            566         0.9977         1267.4          0.556
         763000       0.573274            569         0.9977         1268.9          0.551
         764000       0.574253            570         0.9977         1270.5          0.600
         765000       0.574915            570         0.9977         1272.0          0.651
         766000       0.575654            571         0.9977         1273.6          0.622
         767000       0.576477            571         0.9977         1275.1          0.623
         768000       0.577125            572         0.9977         1276.7          0.577
         769000       0.577839            572         0.9977         1278.3          0.549
         770000       0.578634            572         0.9977         1279.8          0.578
         771000       0.579391            572         0.9976         1281.3          0.619
         772000       0.580086            572         0.9976         1282.9          0.680
         773000       0.580803            572         0.9976         1284.4          0.614
         774000       0.581558            572         0.9976         1286.0          0.533
         775000       0.582429            573         0.9976         1287.5          0.611
         776000       0.583278            573         0.9976         1289.1          0.653
         777000       0.584047            573         0.9976         1290.7          0.543
         778000       0.585036            573         0.9976         1292.2          0.520
         779000       0.585685            574         0.9976         1293.7          0.521
         780000       0.586518            576         0.9976         1295.3          0.534
         781000       0.587315            580         0.9976         1296.9          0.583
         782000       0.588065            583         0.9976         1298.4          0.528
         783000       0.588786            584         0.9976         1299.9          0.649
         784000       0.589532            585         0.9976         1301.5          0.613
         785000       0.590095            585         0.9976         1303.0          0.576
         786000       0.590893            585         0.9976         1304.5          0.666
         787000       0.591830            586         0.9976         1306.1          0.589
         788000       0.592384            586         0.9976         1307.6          0.626
         789000       0.593409            588         0.9976         1309.2          0.695
         790000       0.594230            591         0.9976         1310.7          0.870
         791000       0.594864            593         0.9976         1312.2          0.660
         792000       0.595728            594         0.9976         1313.8          0.709
         793000       0.596513            595         0.9976         1315.3          0.697
         794000       0.597293            596         0.9976         1316.9          0.761
         795000       0.598075            597         0.9976         1318.4          0.717
         796000       0.598840            597         0.9976         1320.0          0.648
         797000       0.599679            597         0.9976         1321.5          0.703
         798000       0.600214            598         0.9976         1323.0          0.776
         799000       0.600825            600         0.9976         1324.6          0.792
         800000       0.601520            602         0.9975         1326.1          0.782
         801000       0.602370            604         0.9975         1327.7          0.735
         802000       0.603087            606         0.9975         1329.2          0.754
         803000       0.603935            608         0.9975         1330.8          0.712
         804000       0.604865            608         0.9975         1332.4          0.595
         805000       0.605611            610         0.9975         1333.9          0.679
         806000       0.606484            610         0.9975         1335.5          0.689
         807000       0.607244            610         0.9975         1337.0          0.774
         808000       0.607858            612         0.9975         1338.6          0.674
         809000       0.608526            612         0.9975         1340.1          0.634
         810000       0.609109            612         0.9975         1341.7          0.548
         811000       0.609776            615         0.9975         1343.2          0.594
         812000       0.610566            615         0.9975         1344.8          0.583
         813000       0.611276            616         0.9975         1346.3          0.559
         814000       0.611883            616         0.9975         1347.9          0.552
         815000       0.612458            616         0.9975         1349.4          0.553
         816000       0.613285            616         0.9975         1351.0          0.605
         817000       0.614103            616         0.9975         1352.5          0.572
         818000       0.614773            617         0.9975         1354.1          0.547
         819000       0.615725            619         0.9975         1355.6          0.576
         820000       0.616575            621         0.9975         1357.2          0.601
         821000       0.617316            622         0.9975         1358.8          0.573
         822000       0.618159            622         0.9975         1360.3          0.604
         823000       0.618980            623         0.9975         1361.8          0.690
         824000       0.619875            624         0.9975         1363.4          0.596
         825000       0.620781            624         0.9975         1364.9          0.669
         826000       0.621606            626         0.9975         1366.5          0.671
         827000       0.622230            627         0.9975         1368.0          0.592
         828000       0.622988            627         0.9975         1369.5          0.712
         829000       0.623721            627         0.9975         1371.1          0.713
         830000       0.624502            628         0.9975         1372.6          0.719
         831000       0.625356            628         0.9974         1374.2          0.668
         832000       0.626001            629         0.9974         1375.7          0.676
         833000       0.626687            630         0.9974         1377.2          0.580
         834000       0.627493            631         0.9974         1379.8          0.584
         835000       0.628360            632         0.9974         1381.3          0.506
         836000       0.629050            632         0.9974         1382.9          0.613
         837000       0.630018            632         0.9974         1384.9          0.707
         838000       0.630624            632         0.9974         1386.4          0.696
         839000       0.631334            632         0.9974         1388.0          0.638
         840000       0.632070            632         0.9974         1389.5          0.661
         841000       0.632663            633         0.9974         1391.0          0.657
         842000       0.633495            633         0.9974         1392.6          0.622
         843000       0.634172            635         0.9974         1394.1          0.527
         844000       0.634914            635         0.9974         1395.7          0.584
         845000       0.635662            635         0.9974         1397.2          0.587
         846000       0.636558            636         0.9974         1398.8          0.591
         847000       0.637372            637         0.9974         1400.3          0.593
         848000       0.638262            637         0.9974         1401.9          0.587
         849000       0.639086            640         0.9974         1403.4          0.596
         850000       0.640089            640         0.9974         1405.0          0.591
         851000       0.640805            641         0.9974         1406.5          0.589
         852000       0.641465            643         0.9974         1408.1          0.539
         853000       0.642139            644         0.9974         1409.6          0.598
         854000       0.642857            646         0.9974         1411.2          0.522
         855000       0.643567            646         0.9974         1412.7          0.550
         856000       0.644267            646         0.9974         1414.2          0.630
         857000       0.645061            647         0.9974         1415.8          0.625
         858000       0.645906            648         0.9974         1417.3          0.695
         859000       0.646733            648         0.9974         1418.9          0.694
         860000       0.647514            648         0.9974         1420.5          0.617
         861000       0.648244            649         0.9974         1422.0          0.583
         862000       0.649122            652         0.9974         1423.6          0.578
         863000       0.649729            652         0.9974         1425.1          0.584
         864000       0.650564            652         0.9974         1426.7          0.606
         865000       0.651315            652         0.9974         1428.2          0.619
         866000       0.651960            652         0.9974         1429.7          0.629
         867000       0.652632            654         0.9974         1431.3          0.624
         868000       0.653416            654         0.9974         1432.8          0.583
         869000       0.654255            655         0.9974         1434.4          0.694
         870000       0.655112            657         0.9974         1435.9          0.681
         871000       0.656030            657         0.9974         1437.5          0.668
         872000       0.656920            657         0.9974         1439.0          0.725
         873000       0.657666            658         0.9974         1440.5          0.744
         874000       0.658426            661         0.9974         1442.1          0.753
         875000       0.659202            661         0.9974         1443.6          0.739
         876000       0.659897            662         0.9974         1445.1          0.748
         877000       0.660443            663         0.9974         1446.6          0.849
         878000       0.661195            663         0.9974         1448.2          0.846
         879000       0.661913            666         0.9974         1449.7          0.820
         880000       0.662971            666         0.9974         1451.2          0.780
         881000       0.663747            666         0.9974         1452.7          0.812
         882000       0.664582            667         0.9973         1454.3          0.707
         883000       0.665286            668         0.9973         1455.8          0.726
         884000       0.665955            670         0.9973         1457.4          0.822
         885000       0.666620            673         0.9973         1458.9          0.812
         886000       0.667264            675         0.9973         1460.4          0.812
         887000       0.667884            676         0.9973         1461.9          0.773
         888000       0.668688            677         0.9973         1463.4          0.756
         889000       0.669423            678         0.9973         1465.0          0.758
         890000       0.670140            679         0.9973         1466.5          0.731
         891000       0.670981            679         0.9973         1468.0          0.714
         892000       0.671682            682         0.9973         1469.5          0.680
         893000       0.672464            684         0.9973         1471.1          0.675
         894000       0.673137            684         0.9973         1472.6          0.657
         895000       0.674016            685         0.9973         1474.2          0.732
         896000       0.674786            685         0.9973         1475.7          0.707
         897000       0.675493            687         0.9973         1477.3          0.686
         898000       0.676254            687         0.9973         1478.8          0.704
         899000       0.677192            687         0.9973         1480.4          0.694
         900000       0.677813            688         0.9973         1481.9          0.755
         901000       0.678556            688         0.9973         1483.5          0.792
         902000       0.679229            688         0.9973         1485.0          0.713
         903000       0.680190            691         0.9973         1486.5          0.813
         904000       0.680963            692         0.9973         1488.1          0.764
         905000       0.681810            692         0.9973         1489.6          0.723
         906000       0.682545            692         0.9973         1491.1          0.729
         907000       0.683195            694         0.9973         1492.6          0.769
         908000       0.683838            695         0.9973         1494.2          0.709
         909000       0.684411            695         0.9973         1495.7          0.670
         910000       0.684966            695         0.9973         1497.2          0.744
         911000       0.685587            697         0.9973         1498.7          0.749
         912000       0.686323            697         0.9973         1500.2          0.704
         913000       0.686931            697         0.9973         1501.7          0.715
         914000       0.687698            698         0.9973         1503.3          0.753
         915000       0.688383            698         0.9973         1504.8          0.720
         916000       0.689069            699         0.9973         1506.3          0.715
         917000       0.690035            700         0.9973         1507.8          0.794
         918000       0.690818            702         0.9973         1509.4          0.723
         919000       0.691587            702         0.9973         1510.9          0.655
         920000       0.692571            703         0.9973         1512.5          0.602
         921000       0.693460            703         0.9973         1514.0          0.627
         922000       0.694273            705         0.9973         1515.5          0.633
         923000       0.695028            706         0.9973         1517.1          0.565
         924000       0.695683            708         0.9973         1518.6          0.592
         925000       0.696351            708         0.9973         1520.1          0.570
         926000       0.697226            709         0.9973         1521.7          0.611
         927000       0.697994            710         0.9973         1523.2          0.561
         928000       0.698932            710         0.9973         1524.7          0.582
         929000       0.699705            710         0.9973         1526.3          0.718
         930000       0.700453            710         0.9973         1527.8          0.791
         931000       0.701206            710         0.9973         1529.3          0.616
         932000       0.701887            710         0.9973         1530.9          0.700
         933000       0.702609            710         0.9973         1532.4          0.713
         934000       0.703457            712         0.9973         1533.9          0.605
         935000       0.704240            713         0.9973         1535.4          0.561
         936000       0.704931            713         0.9973         1537.0          0.590
         937000       0.705591            713         0.9973         1538.5          0.669
         938000       0.706366            713         0.9973         1540.0          0.695
         939000       0.707028            714         0.9973         1541.6          0.628
         940000       0.707647            714         0.9973         1543.1          0.714
         941000       0.708527            715         0.9973         1544.6          0.696
         942000       0.709151            715         0.9973         1546.1          0.694
         943000       0.709749            715         0.9973         1547.6          0.690
         944000       0.710479            716         0.9973         1549.2          0.713
         945000       0.711325            716         0.9973         1550.7          0.706
         946000       0.712114            716         0.9973         1552.2          0.687
         947000       0.712784            716         0.9972         1553.8          0.642
         948000       0.713607            719         0.9972         1555.3          0.607
         949000       0.714354            720         0.9972         1556.8          0.704
         950000       0.715081            720         0.9972         1558.4          0.727
         951000       0.715850            720         0.9972         1559.9          0.663
         952000       0.716507            720         0.9972         1561.4          0.741
         953000       0.717413            720         0.9972         1563.0          0.711
         954000       0.718283            721         0.9972         1564.5          0.655
         955000       0.719064            723         0.9972         1566.0          0.763
         956000       0.719576            723         0.9972         1567.6          0.764
         957000       0.720131            724         0.9972         1569.2          0.766
         958000       0.720838            725         0.9972         1570.7          0.660
         959000       0.721611            725         0.9972         1572.2          0.699
         960000       0.722569            725         0.9972         1573.8          0.651
         961000       0.723088            725         0.9972         1575.4          0.610
         962000       0.723630            726         0.9972         1576.9          0.631
         963000       0.724528            728         0.9972         1578.4          0.627
         964000       0.725026            728         0.9972         1580.0          0.593
         965000       0.725831            729         0.9972         1581.5          0.659
         966000       0.726824            730         0.9972         1583.1          0.652
         967000       0.727617            731         0.9972         1584.6          0.659
         968000       0.728168            731         0.9972         1586.2          0.634
         969000       0.728756            731         0.9972         1587.7          0.618
         970000       0.729594            731         0.9972         1589.3          0.690
         971000       0.730362            732         0.9972         1590.9          0.616
         972000       0.731155            733         0.9972         1592.4          0.658
         973000       0.731914            734         0.9972         1593.9          0.639
         974000       0.732671            734         0.9972         1595.4          0.701
         975000       0.733389            734         0.9972         1596.9          0.667
         976000       0.734036            734         0.9972         1598.4          0.619
         977000       0.734748            735         0.9972         1600.0          0.639
         978000       0.735428            736         0.9972         1601.5          0.657
         979000       0.736034            736         0.9972         1603.0          0.713
         980000       0.736643            736         0.9972         1604.6          0.809
         981000       0.737381            737         0.9972         1606.1          0.695
         982000       0.738042            738         0.9972         1607.6          0.747
         983000       0.738800            739         0.9972         1609.1          0.695
         984000       0.739316            739         0.9972         1610.6          0.586
         985000       0.739976            740         0.9972         1612.2          0.566
         986000       0.740661            740         0.9972         1613.7          0.582
         987000       0.741289            746         0.9972         1615.2          0.672
         988000       0.741941            747         0.9972         1616.7          0.574
         989000       0.742621            747         0.9972         1618.2          0.585
         990000       0.743185            747         0.9972         1619.8          0.600
         991000       0.744061            749         0.9972         1621.3          0.616
         992000       0.744476            749         0.9972         1622.9          0.619
         993000       0.745039            751         0.9972         1624.4          0.603
         994000       0.745906            753         0.9972         1625.9          0.584
         995000       0.746538            753         0.9972         1627.5          0.654
         996000       0.747351            754         0.9972         1629.0          0.646
         997000       0.748129            756         0.9972         1630.6          0.638
         998000       0.748842            757         0.9972         1632.2          0.635
         999000       0.749372            757         0.9972         1633.8          0.647
        1000000       0.750113            758         0.9972         1635.3          0.563
        1001000       0.750729            760         0.9972         1636.9          0.662
        1002000       0.751537            760         0.9972         1638.4          0.664
        1003000       0.752379            762         0.9972         1640.0          0.638
        1004000       0.753069            762         0.9972         1641.5          0.671
        1005000       0.754055            762         0.9972         1643.0          0.620
        1006000       0.754774            763         0.9972         1644.6          0.595
        1007000       0.755459            764         0.9972         1646.1          0.612
        1008000       0.756492            765         0.9972         1647.6          0.687
        1009000       0.757396            766         0.9972         1649.1          0.605
        1010000       0.758047            766         0.9972         1650.7          0.587
        1011000       0.759024            767         0.9972         1652.2          0.573
        1012000       0.759662            767         0.9972         1653.8          0.637
        1013000       0.760342            767         0.9972         1655.3          0.640
        1014000       0.760900            767         0.9972         1656.9          0.681
        1015000       0.761398            767         0.9972         1658.4          0.650
        1016000       0.762068            767         0.9972         1660.0          0.656
        1017000       0.762678            767         0.9972         1661.6          0.621
        1018000       0.763523            767         0.9972         1663.1          0.670
        1019000       0.764079            768         0.9972         1664.7          0.656
        1020000       0.764781            768         0.9972         1666.2          0.610
        1021000       0.765649            770         0.9972         1667.8          0.615
        1022000       0.766492            771         0.9972         1669.3          0.617
        1023000       0.767223            773         0.9972         1670.9          0.621
        1024000       0.767808            774         0.9972         1672.4          0.740
        1025000       0.768519            776         0.9972         1674.0          0.678
        1026000       0.769300            778         0.9972         1675.5          0.706
        1027000       0.770012            778         0.9972         1677.1          0.684
        1028000       0.770932            780         0.9972         1678.6          0.629
        1029000       0.771871            780         0.9972         1680.2          0.621
        1030000       0.772631            781         0.9972         1682.6          0.686
        1031000       0.773357            781         0.9972         1684.1          0.637
        1032000       0.774109            782         0.9972         1685.7          0.655
        1033000       0.774735            782         0.9972         1687.4          0.598
        1034000       0.775258            782         0.9972         1689.0          0.716
        1035000       0.775976            783         0.9972         1690.6          0.656
        1036000       0.776824            785         0.9971         1692.2          0.598
        1037000       0.777722            786         0.9971         1693.7          0.673
        1038000       0.778562            786         0.9971         1695.3          0.711
        1039000       0.779378            786         0.9971         1696.8          0.742
        1040000       0.779894            787         0.9971         1698.4          0.744
        1041000       0.780453            788         0.9971         1700.1          0.724
        1042000       0.781084            790         0.9971         1701.7          0.781
        1043000       0.782191            790         0.9971         1703.2          0.739
        1044000       0.783112            790         0.9971         1704.8          0.759
        1045000       0.783853            792         0.9971         1706.3          0.720
        1046000       0.784555            793         0.9971         1707.9          0.718
        1047000       0.785639            793         0.9971         1709.5          0.770
        1048000       0.786245            794         0.9971         1711.0          0.713
        1049000       0.786827            795         0.9971         1712.6          0.691
        1050000       0.787599            796         0.9971         1714.2          0.733
        1051000       0.788376            797         0.9971         1715.7          0.705
        1052000       0.789265            798         0.9971         1717.3          0.749
        1053000       0.789806            798         0.9971         1718.9          0.718
        1054000       0.790619            799         0.9971         1720.5          0.719
        1055000       0.791512            799         0.9971         1722.1          0.740
        1056000       0.792063            800         0.9971         1723.8          0.739
        1057000       0.792612            800         0.9971         1725.4          0.712
        1058000       0.793394            800         0.9971         1727.0          0.688
        1059000       0.794169            800         0.9971         1728.5          0.647
        1060000       0.794744            801         0.9971         1730.2          0.625
        1061000       0.795433            804         0.9971         1731.8          0.691
        1062000       0.796120            805         0.9971         1733.4          0.610
        1063000       0.796814            807         0.9971         1735.0          0.639
        1064000       0.797298            807         0.9971         1736.6          0.774
        1065000       0.798110            807         0.9971         1738.1          0.712
        1066000       0.798753            807         0.9971         1739.7          0.746
        1067000       0.799379            808         0.9971         1741.3          0.752
        1068000       0.800061            808         0.9971         1742.9          0.656
        1069000       0.800741            809         0.9971         1744.5          0.735
        1070000       0.801601            809         0.9971         1746.1          0.742
        1071000       0.802650            809         0.9971         1747.7          0.738
        1072000       0.803363            810         0.9971         1749.3          0.743
        1073000       0.804076            811         0.9971         1750.8          0.725
        1074000       0.804921            811         0.9971         1752.4          0.735
        1075000       0.805544            811         0.9971         1754.0          0.701
        1076000       0.806177            811         0.9971         1755.6          0.703
        1077000       0.806869            812         0.9971         1757.1          0.597
        1078000       0.807425            812         0.9971         1758.7          0.598
        1079000       0.808111            814         0.9971         1760.2          0.522
        1080000       0.808772            815         0.9971         1761.8          0.528
        1081000       0.809509            818         0.9971         1763.3          0.601
        1082000       0.810171            820         0.9971         1764.9          0.612
        1083000       0.810816            820         0.9971         1766.4          0.618
        1084000       0.811437            820         0.9971         1768.0          0.615
        1085000       0.812095            821         0.9971         1769.6          0.640
        1086000       0.812914            822         0.9971         1771.1          0.616
        1087000       0.813620            822         0.9971         1772.6          0.681
        1088000       0.814222            822         0.9971         1774.2          0.666
        1089000       0.814829            823         0.9971         1775.8          0.724
        1090000       0.815735            824         0.9971         1777.3          0.680
        1091000       0.816375            824         0.9971         1778.8          0.680
        1092000       0.817214            826         0.9971         1780.3          0.681
        1093000       0.817927            826         0.9971         1781.9          0.705
        1094000       0.818756            826         0.9971         1783.4          0.657
        1095000       0.819775            827         0.9971         1784.9          0.601
        1096000       0.820811            828         0.9971         1786.5          0.689
        1097000       0.821659            828         0.9971         1788.0          0.584
        1098000       0.822200            828         0.9971         1789.5          0.663
        1099000       0.823093            829         0.9971         1791.1          0.723
        1100000       0.823812            829         0.9971         1792.6          0.677
        1101000       0.824437            831         0.9971         1794.1          0.652
        1102000       0.825113            831         0.9971         1795.6          0.602
        1103000       0.825837            832         0.9971         1797.2          0.753
        1104000       0.826604            832         0.9971         1798.7          0.699
        1105000       0.827396            832         0.9971         1800.2          0.775
        1106000       0.828326            832         0.9971         1801.8          0.664
        1107000       0.828998            832         0.9971         1803.3          0.749
        1108000       0.829490            833         0.9971         1804.8          0.765
        1109000       0.830304            835         0.9971         1806.3          0.741
        1110000       0.831084            835         0.9971         1807.9          0.736
        1111000       0.831853            835         0.9971         1809.4          0.678
        1112000       0.832632            835         0.9971         1810.9          0.728
        1113000       0.833357            836         0.9971         1812.5          0.748
        1114000       0.834172            837         0.9971         1814.0          0.737
        1115000       0.834981            837         0.9971         1815.5          0.694
        1116000       0.835812            838         0.9971         1817.0          0.677
        1117000       0.836388            839         0.9971         1818.5          0.761
        1118000       0.837183            841         0.9971         1820.1          0.660
        1119000       0.837836            843         0.9971         1821.6          0.719
        1120000       0.838573            847         0.9971         1823.1          0.710
        1121000       0.839178            847         0.9971         1824.6          0.659
        1122000       0.839817            848         0.9971         1826.1          0.625
        1123000       0.840576            848         0.9971         1827.6          0.654
        1124000       0.841407            849         0.9971         1829.2          0.638
        1125000       0.842338            850         0.9971         1830.7          0.696
        1126000       0.843037            852         0.9971         1832.2          0.737
        1127000       0.843616            853         0.9971         1833.9          0.654
        1128000       0.844244            854         0.9970         1835.4          0.699
        1129000       0.844861            858         0.9970         1836.9          0.788
        1130000       0.845634            858         0.9970         1838.5          0.785
        1131000       0.846335            860         0.9970         1840.0          0.737
        1132000       0.847107            862         0.9970         1841.6          0.835
        1133000       0.847762            863         0.9970         1843.1          0.758
        1134000       0.848468            863         0.9970         1844.7          0.734
        1135000       0.849125            863         0.9970         1846.2          0.796
        1136000       0.849841            864         0.9970         1847.8          0.775
        1137000       0.850693            864         0.9970         1849.3          0.763
        1138000       0.851483            865         0.9970         1850.8          0.827
        1139000       0.852244            867         0.9970         1852.3          0.761
        1140000       0.852927            871         0.9970         1853.9          0.844
        1141000       0.853719            872         0.9970         1855.4          0.793
        1142000       0.854538            874         0.9970         1856.9          0.821
        1143000       0.855244            876         0.9970         1858.5          0.769
        1144000       0.855905            877         0.9970         1860.0          0.753
        1145000       0.856897            879         0.9970         1861.6          0.747
        1146000       0.857743            879         0.9970         1863.1          0.746
        1147000       0.858440            880         0.9970         1864.6          0.799
        1148000       0.859334            880         0.9970         1866.1          0.827
        1149000       0.860016            880         0.9970         1867.7          0.746
        1150000       0.860690            881         0.9970         1869.2          0.749
        1151000       0.861397            882         0.9970         1870.7          0.732
        1152000       0.862151            882         0.9970         1872.2          0.694
        1153000       0.862780            882         0.9970         1873.7          0.741
        1154000       0.863467            884         0.9970         1875.2          0.685
        1155000       0.864116            886         0.9970         1876.7          0.695
        1156000       0.864934            888         0.9970         1878.3          0.741
        1157000       0.865642            889         0.9970         1879.8          0.687
        1158000       0.866434            889         0.9970         1881.3          0.686
        1159000       0.867048            890         0.9970         1882.8          0.682
        1160000       0.867763            891         0.9970         1884.3          0.710
        1161000       0.868584            891         0.9970         1885.9          0.730
        1162000       0.869362            892         0.9970         1887.4          0.778
        1163000       0.870031            892         0.9970         1888.9          0.778
        1164000       0.870911            894         0.9970         1890.4          0.714
        1165000       0.871608            896         0.9970         1892.0          0.677
        1166000       0.872326            896         0.9970         1893.5          0.704
        1167000       0.873078            898         0.9970         1895.0          0.689
        1168000       0.873780            899         0.9970         1896.6          0.650
        1169000       0.874488            899         0.9970         1898.1          0.740
        1170000       0.875292            899         0.9970         1899.7          0.697
        1171000       0.876079            903         0.9970         1901.2          0.727
        1172000       0.876779            905         0.9970         1902.7          0.685
        1173000       0.877335            908         0.9970         1904.3          0.678
        1174000       0.878411            908         0.9970         1905.8          0.735
        1175000       0.879048            909         0.9970         1907.3          0.660
        1176000       0.879990            909         0.9970         1908.9          0.631
        1177000       0.880883            909         0.9970         1910.4          0.613
        1178000       0.881494            909         0.9970         1911.9          0.596
        1179000       0.882342            911         0.9970         1913.5          0.609
        1180000       0.882959            911         0.9970         1915.0          0.719
        1181000       0.883626            911         0.9970         1916.5          0.676
        1182000       0.884469            912         0.9969         1918.1          0.609
        1183000       0.885333            912         0.9969         1919.6          0.585
        1184000       0.885944            913         0.9969         1921.1          0.588
        1185000       0.886758            914         0.9969         1922.6          0.649
        1186000       0.887538            914         0.9969         1924.2          0.649
        1187000       0.888347            914         0.9969         1925.7          0.663
        1188000       0.889347            916         0.9969         1927.3          0.663
        1189000       0.890156            917         0.9969         1928.8          0.663
        1190000       0.890854            918         0.9969         1930.3          0.644
        1191000       0.891516            919         0.9969         1931.9          0.621
        1192000       0.892226            920         0.9969         1933.4          0.694
        1193000       0.893110            920         0.9969         1935.0          0.662
        1194000       0.893795            921         0.9969         1936.5          0.725
        1195000       0.894635            922         0.9969         1938.0          0.666
        1196000       0.895353            922         0.9969         1939.6          0.653
        1197000       0.896130            922         0.9969         1941.1          0.802
        1198000       0.896830            922         0.9969         1942.6          0.723
        1199000       0.897507            923         0.9969         1944.1          0.724
        1200000       0.898263            924         0.9969         1945.7          0.678
        1201000       0.898938            924         0.9969         1947.2          0.695
        1202000       0.899522            926         0.9969         1948.7          0.728
        1203000       0.900266            926         0.9969         1950.2          0.691
        1204000       0.900964            927         0.9969         1951.7          0.718
        1205000       0.901617            927         0.9969         1953.3          0.702
        1206000       0.902334            927         0.9969         1954.8          0.691
        1207000       0.903043            928         0.9969         1956.3          0.635
        1208000       0.903812            929         0.9969         1957.8          0.657
        1209000       0.904705            930         0.9969         1959.4          0.732
        1210000       0.905565            931         0.9969         1960.9          0.691
        1211000       0.906387            933         0.9969         1962.4          0.703
        1212000       0.907159            934         0.9969         1964.0          0.636
        1213000       0.907916            934         0.9969         1965.5          0.764
        1214000       0.908669            935         0.9969         1967.1          0.735
        1215000       0.909406            938         0.9969         1968.6          0.755
        1216000       0.910294            939         0.9969         1970.1          0.730
        1217000       0.911045            940         0.9969         1971.7          0.758
        1218000       0.911763            941         0.9969         1973.2          0.739
        1219000       0.912445            941         0.9969         1974.7          0.889
        1220000       0.913271            941         0.9969         1976.3          0.905
        1221000       0.914094            942         0.9969         1977.8          0.932
        1222000       0.914744            943         0.9969         1979.3          0.891
        1223000       0.915531            943         0.9969         1980.8          0.853
        1224000       0.916248            945         0.9968         1982.4          0.844
        1225000       0.917185            945         0.9968         1983.9          0.886
        1226000       0.917909            945         0.9968         1985.4          0.860
        1227000       0.918680            945         0.9968         1987.0          0.873
        1228000       0.919364            945         0.9968         1988.5          0.873
        1229000       0.920177            945         0.9968         1990.0          0.810
        1230000       0.921056            946         0.9968         1991.5          0.738
        1231000       0.921711            947         0.9968         1993.1          0.708
        1232000       0.922552            948         0.9968         1994.6          0.739
        1233000       0.923362            949         0.9968         1996.2          0.749
        1234000       0.924006            950         0.9968         1998.8          0.791
        1235000       0.924585            952         0.9968         2000.3          0.906
        1236000       0.925154            952         0.9968         2001.8          0.797
        1237000       0.925982            953         0.9968         2003.3          0.891
        1238000       0.926613            954         0.9968         2004.8          0.871
        1239000       0.927330            954         0.9968         2006.3          0.786
        1240000       0.928051            955         0.9968         2007.8          0.822
        1241000       0.928887            955         0.9968         2009.3          0.758
        1242000       0.929704            956         0.9968         2010.8          0.753
        1243000       0.930432            956         0.9968         2012.3          0.781
        1244000       0.931231            957         0.9968         2013.9          0.777
        1245000       0.931919            958         0.9968         2015.4          0.867
        1246000       0.932768            959         0.9968         2016.9          0.855
        1247000       0.933474            962         0.9968         2018.5          0.855
        1248000       0.934214            962         0.9968         2020.0          0.870
        1249000       0.934960            962         0.9968         2021.5          0.807
        1250000       0.935917            964         0.9968         2023.0          0.749
        1251000       0.936720            965         0.9968         2024.6          0.762
        1252000       0.937359            965         0.9968         2026.1          0.821
        1253000       0.937999            965         0.9968         2027.7          0.794
        1254000       0.938888            966         0.9968         2029.2          0.818
        1255000       0.939686            966         0.9968         2030.7          0.774
        1256000       0.940302            966         0.9968         2032.2          0.801
        1257000       0.941025            970         0.9968         2033.7          0.706
        1258000       0.941617            972         0.9968         2035.2          0.755
        1259000       0.942414            973         0.9968         2036.8          0.763
        1260000       0.943251            973         0.9968         2038.3          0.726
        1261000       0.943903            974         0.9968         2039.8          0.734
        1262000       0.944790            975         0.9968         2041.4          0.785
        1263000       0.945700            977         0.9968         2042.9          0.747
        1264000       0.946417            977         0.9968         2044.4          0.746
        1265000       0.946939            979         0.9968         2046.0          0.781
        1266000       0.947668            979         0.9968         2047.5          0.813
        1267000       0.948285            979         0.9968         2049.0          0.798
        1268000       0.948920            981         0.9968         2050.6          0.801
        1269000       0.949829            982         0.9968         2052.1          0.920
        1270000       0.950494            982         0.9968         2053.7          0.817
        1271000       0.951257            983         0.9968         2055.2          0.857
        1272000       0.951953            986         0.9968         2056.8          0.792
        1273000       0.952954            987         0.9968         2058.3          0.753
        1274000       0.953524            987         0.9968         2059.9          0.767
        1275000       0.954136            987         0.9968         2061.4          0.852
        1276000       0.954887            988         0.9968         2062.9          0.831
        1277000       0.955844            988         0.9968         2064.5          0.819
        1278000       0.956459            988         0.9967         2066.1          0.836
        1279000       0.957032            989         0.9967         2067.6          0.841
        1280000       0.957696            992         0.9967         2069.1          0.792
        1281000       0.958447            992         0.9967         2070.7          0.749
        1282000       0.959230            993         0.9967         2072.2          0.853
        1283000       0.960081            993         0.9967         2073.7          0.782
        1284000       0.960791            994         0.9967         2075.3          0.798
        1285000       0.961387            994         0.9967         2076.8          0.909
        1286000       0.962115            994         0.9967         2078.4          0.884
        1287000       0.962957            994         0.9967         2079.9          0.893
        1288000       0.963715            994         0.9967         2081.5          0.855
        1289000       0.964278            994         0.9967         2083.0          0.875
        1290000       0.964981            995         0.9967         2084.6          0.804
        1291000       0.965797            997         0.9967         2086.1          0.845
        1292000       0.966475            997         0.9967         2087.7          0.828
        1293000       0.967179            998         0.9967         2089.2          0.786
        1294000       0.967924            998         0.9967         2090.8          0.752
        1295000       0.968542            998         0.9967         2092.3          0.831
        1296000       0.969270            999         0.9967         2093.9          0.900
        1297000       0.969901            999         0.9967         2095.5          0.852
        1298000       0.970641           1000         0.9967         2097.0          0.820
        1299000       0.971237           1002         0.9967         2098.5          0.774
        1300000       0.971939           1006         0.9967         2100.0          0.840
        1301000       0.972520           1007         0.9967         2101.6          0.841
        1302000       0.973219           1007         0.9967         2103.2          0.791
        1303000       0.974015           1008         0.9967         2104.7          0.866
        1304000       0.974677           1009         0.9967         2106.3          0.790
        1305000       0.975366           1009         0.9967         2107.9          0.764
        1306000       0.976088           1009         0.9967         2109.5          0.760
        1307000       0.976883           1009         0.9967         2111.1          0.827
        1308000       0.977574           1012         0.9967         2112.6          0.831
        1309000       0.978159           1014         0.9967         2114.2          0.821
        1310000       0.978757           1016         0.9967         2115.8          0.815
        1311000       0.979633           1016         0.9967         2117.3          0.776
        1312000       0.980238           1016         0.9967         2118.9          0.735
        1313000       0.981026           1017         0.9967         2120.4          0.780
        1314000       0.981658           1019         0.9967         2122.0          0.829
        1315000       0.982358           1020         0.9967         2123.6          0.834
        1316000       0.983246           1020         0.9967         2125.1          0.775
        1317000       0.983997           1021         0.9967         2126.7          0.768
        1318000       0.984589           1023         0.9967         2128.3          0.759
        1319000       0.985351           1023         0.9967         2129.8          0.812
        1320000       0.985908           1023         0.9967         2131.4          0.756
        1321000       0.986608           1023         0.9967         2132.9          0.818
        1322000       0.987473           1025         0.9967         2134.5          0.817
        1323000       0.988252           1025         0.9967         2136.0          0.767
        1324000       0.988887           1027         0.9967         2137.6          0.734
        1325000       0.989607           1028         0.9967         2139.2          0.814
        1326000       0.990136           1028         0.9967         2140.7          0.792
        1327000       0.990859           1029         0.9967         2142.3          0.818
        1328000       0.991474           1029         0.9967         2143.8          0.815
        1329000       0.992039           1030         0.9967         2145.3          0.791
        1330000       0.992839           1030         0.9967         2146.9          0.848
        1331000       0.993528           1031         0.9967         2148.4          0.851
        1332000       0.994373           1033         0.9967         2150.0          0.850
        1333000       0.994955           1033         0.9967         2151.5          0.799
        1334000       0.995565           1033         0.9967         2153.0          0.824
        1335000       0.996545           1034         0.9967         2154.6          0.737
        1336000       0.997438           1034         0.9967         2156.1          0.734
        1337000       0.998345           1034         0.9967         2157.7          0.797
        1338000       0.998919           1035         0.9967         2159.3          0.876
        1339000       0.999629           1036         0.9967         2160.8          0.786
        1340000       1.000504           1037         0.9967         2162.3          0.881
        1341000       1.001430           1039         0.9967         2163.9          0.897
        1342000       1.002285           1040         0.9966         2165.5          0.920
        1343000       1.002994           1042         0.9966         2167.0          0.853
        1344000       1.003862           1043         0.9966         2168.6          0.836
        1345000       1.004546           1043         0.9966         2170.1          0.846
        1346000       1.005395           1043         0.9966         2171.7          0.753
        1347000       1.005961           1043         0.9966         2173.4          0.701
        1348000       1.006541           1043         0.9966         2174.9          0.800
        1349000       1.007129           1043         0.9966         2176.5          0.810
        1350000       1.007784           1043         0.9966         2178.1          0.796
        1351000       1.008442           1045         0.9966         2179.7          0.885
        1352000       1.009210           1045         0.9966         2181.2          0.946
        1353000       1.010066           1046         0.9966         2182.7          0.941
        1354000       1.010733           1046         0.9966         2184.3          0.937
        1355000       1.011673           1047         0.9966         2185.9          0.874
        1356000       1.012789           1047         0.9966         2187.5          0.909
        1357000       1.013343           1047         0.9966         2189.0          0.838
        1358000       1.014069           1047         0.9966         2190.6          0.843
        1359000       1.014730           1047         0.9966         2192.2          0.854
        1360000       1.015361           1049         0.9966         2193.7          0.814
        1361000       1.016112           1050         0.9966         2195.3          0.922
        1362000       1.016600           1050         0.9966         2196.8          0.938
        1363000       1.017619           1050         0.9966         2198.4          0.928
        1364000       1.018220           1051         0.9966         2199.9          0.940
        1365000       1.018975           1051         0.9966         2201.5          0.902
        1366000       1.019549           1053         0.9966         2203.1          0.882
        1367000       1.020412           1054         0.9966         2204.6          0.900
        1368000       1.021277           1054         0.9966         2206.1          0.889
        1369000       1.022119           1054         0.9966         2207.7          0.885
        1370000       1.022979           1055         0.9966         2209.2          0.923
        1371000       1.023569           1055         0.9966         2210.8          0.914
        1372000       1.024198           1055         0.9966         2212.3          0.791
        1373000       1.024969           1057         0.9966         2213.9          0.905
        1374000       1.025632           1057         0.9966         2215.5          0.951
        1375000       1.026405           1058         0.9966         2217.0          0.875
        1376000       1.027288           1059         0.9966         2218.5          0.830
        1377000       1.028010           1060         0.9966         2220.1          0.776
        1378000       1.028555           1061         0.9966         2221.6          0.794
        1379000       1.029433           1065         0.9966         2223.2          0.814
        1380000       1.030127           1065         0.9966         2224.7          0.770
        1381000       1.030909           1065         0.9966         2226.3          0.852
        1382000       1.031595           1066         0.9966         2227.8          0.743
        1383000       1.032302           1068         0.9966         2229.4          0.762
        1384000       1.033266           1070         0.9966         2230.9          0.738
        1385000       1.033938           1071         0.9966         2232.5          0.779
        1386000       1.034771           1072         0.9966         2234.1          0.799
        1387000       1.035359           1072         0.9966         2235.7          0.750
        1388000       1.035914           1072         0.9966         2237.3          0.760
        1389000       1.036640           1073         0.9966         2238.8          0.828
        1390000       1.037137           1073         0.9966         2240.4          0.842
        1391000       1.037847           1073         0.9966         2242.0          0.825
        1392000       1.038657           1074         0.9966         2243.5          0.903
        1393000       1.039570           1075         0.9966         2245.0          0.889
        1394000       1.040224           1077         0.9966         2246.6          0.884
        1395000       1.041083           1077         0.9966         2248.2          0.802
        1396000       1.041882           1077         0.9966         2249.7          0.809
        1397000       1.042584           1079         0.9966         2251.3          0.819
        1398000       1.043436           1081         0.9966         2252.8          0.881
        1399000       1.043884           1081         0.9966         2254.4          0.795
        1400000       1.044666           1082         0.9965         2255.9          0.819
        1401000       1.045413           1083         0.9965         2257.5          0.798
        1402000       1.046173           1084         0.9965         2259.1          0.735
        1403000       1.046929           1084         0.9965         2260.6          0.726
        1404000       1.047698           1084         0.9965         2262.2          0.771
        1405000       1.048506           1084         0.9965         2263.7          0.874
        1406000       1.049397           1084         0.9965         2265.3          0.863
        1407000       1.050102           1084         0.9965         2266.8          0.848
        1408000       1.050892           1084         0.9965         2268.4          0.895
        1409000       1.051704           1084         0.9965         2270.0          0.860
        1410000       1.052366           1084         0.9965         2271.5          0.849
        1411000       1.053001           1085         0.9965         2273.0          0.880
        1412000       1.053664           1085         0.9965         2274.6          0.846
        1413000       1.054499           1086         0.9965         2276.1          0.853
        1414000       1.055195           1086         0.9965         2277.7          0.776
        1415000       1.056005           1087         0.9965         2279.2          0.752
        1416000       1.056757           1087         0.9965         2280.8          0.704
        1417000       1.057538           1088         0.9965         2282.3          0.688
        1418000       1.058261           1088         0.9965         2283.9          0.704
        1419000       1.059161           1089         0.9965         2285.5          0.733
        1420000       1.059835           1090         0.9965         2287.0          0.826
        1421000       1.060571           1091         0.9965         2288.5          0.824
        1422000       1.061226           1092         0.9965         2290.1          0.764
        1423000       1.062015           1093         0.9965         2291.6          0.692
        1424000       1.062739           1094         0.9965         2293.2          0.770
        1425000       1.063506           1095         0.9965         2294.7          0.709
        1426000       1.064174           1096         0.9965         2296.3          0.803
        1427000       1.064877           1098         0.9965         2297.8          0.730
        1428000       1.065707           1098         0.9965         2299.4          0.755
        1429000       1.066439           1100         0.9965         2300.9          0.778
        1430000       1.067164           1102         0.9965         2302.4          0.807
        1431000       1.068038           1102         0.9965         2304.0          0.715
        1432000       1.068863           1103         0.9965         2305.6          0.765
        1433000       1.069690           1103         0.9965         2307.1          0.822
        1434000       1.070382           1103         0.9965         2308.7          0.768
        1435000       1.071042           1105         0.9965         2310.2          0.778
        1436000       1.071841           1106         0.9965         2311.7          0.897
        1437000       1.072633           1108         0.9965         2313.3          0.797
        1438000       1.073436           1108         0.9965         2314.8          0.742
        1439000       1.074037           1110         0.9965         2316.3          0.837
        1440000       1.074726           1113         0.9965         2317.9          0.822
        1441000       1.075553           1114         0.9965         2319.4          0.751
        1442000       1.076315           1115         0.9965         2321.0          0.777
        1443000       1.077034           1117         0.9965         2322.5          0.701
        1444000       1.077656           1117         0.9965         2324.0          0.761
        1445000       1.078474           1121         0.9965         2325.6          0.700
        1446000       1.079137           1121         0.9965         2327.1          0.723
        1447000       1.079809           1121         0.9965         2328.6          0.788
        1448000       1.080485           1123         0.9965         2330.2          0.785
        1449000       1.081381           1123         0.9965         2331.7          0.745
        1450000       1.082129           1123         0.9965         2333.3          0.766
        1451000       1.083042           1123         0.9965         2334.8          0.777
        1452000       1.083783           1123         0.9965         2336.4          0.816
        1453000       1.084387           1123         0.9965         2337.9          0.883
        1454000       1.085358           1124         0.9965         2339.5          0.892
        1455000       1.086117           1125         0.9965         2341.0          0.998
        1456000       1.086684           1126         0.9965         2342.6          0.939
        1457000       1.087321           1126         0.9965         2344.1          0.948
        1458000       1.088154           1128         0.9965         2345.6          0.806
        1459000       1.088793           1130         0.9965         2347.1          0.888
        1460000       1.089427           1130         0.9965         2348.7          0.914
        1461000       1.090287           1130         0.9964         2350.2          0.879
        1462000       1.090947           1131         0.9964         2351.7          0.894
        1463000       1.091606           1131         0.9964         2353.2          0.943
        1464000       1.092334           1132         0.9964         2354.7          0.922
        1465000       1.093228           1132         0.9964         2356.3          0.813
        1466000       1.094051           1132         0.9964         2357.8          0.811
        1467000       1.094828           1137         0.9964         2359.3          0.726
        1468000       1.095556           1138         0.9964         2360.9          0.816
        1469000       1.096340           1139         0.9964         2362.4          0.813
        1470000       1.097071           1141         0.9964         2363.9          0.704
        1471000       1.097940           1141         0.9964         2365.5          0.782
        1472000       1.098808           1141         0.9964         2367.0          0.758
        1473000       1.099648           1142         0.9964         2368.6          0.711
        1474000       1.100500           1144         0.9964         2370.1          0.715
        1475000       1.101167           1144         0.9964         2371.6          0.702
        1476000       1.101904           1145         0.9964         2373.1          0.797
        1477000       1.102872           1145         0.9964         2374.7          0.818
        1478000       1.103799           1145         0.9964         2376.2          0.760
        1479000       1.104606           1145         0.9964         2377.8          0.778
        1480000       1.105321           1146         0.9964         2379.3          0.749
        1481000       1.106168           1147         0.9964         2380.8          0.796
        1482000       1.106938           1149         0.9964         2382.3          0.789
        1483000       1.107607           1150         0.9964         2383.9          0.750
        1484000       1.108403           1151         0.9964         2385.4          0.744
        1485000       1.109184           1152         0.9964         2386.9          0.797
        1486000       1.109921           1154         0.9964         2388.5          0.772
        1487000       1.110619           1156         0.9964         2390.0          0.804
        1488000       1.111417           1158         0.9964         2391.5          0.727
        1489000       1.112334           1159         0.9964         2393.0          0.817
        1490000       1.113083           1162         0.9964         2394.5          0.835
        1491000       1.113938           1163         0.9964         2396.1          0.776
        1492000       1.114685           1165         0.9964         2397.6          0.755
        1493000       1.115384           1165         0.9964         2399.1          0.766
        1494000       1.116107           1165         0.9964         2400.6          0.777
        1495000       1.117015           1167         0.9964         2402.2          0.857
        1496000       1.117808           1167         0.9964         2403.7          0.829
        1497000       1.118455           1168         0.9964         2405.2          0.816
        1498000       1.119292           1168         0.9964         2406.7          0.888
        1499000       1.119913           1169         0.9964         2408.2          0.893
        1500000       1.120571           1169         0.9964         2409.7          0.913
        1501000       1.121376           1172         0.9964         2411.2          0.896
        1502000       1.122202           1173         0.9964         2412.7          0.946
        1503000       1.122987           1176         0.9964         2414.2          0.897
        1504000       1.123781           1176         0.9964         2415.7          0.892
        1505000       1.124480           1176         0.9964         2417.2          0.883
        1506000       1.125265           1176         0.9964         2418.7          0.870
        1507000       1.125861           1177         0.9964         2420.3          0.911
        1508000       1.126610           1178         0.9964         2421.8          0.874
        1509000       1.127423           1178         0.9964         2423.3          0.912
        1510000       1.128132           1180         0.9964         2424.8          0.875
        1511000       1.128851           1182         0.9964         2426.3          0.962
        1512000       1.129697           1182         0.9964         2427.8          0.930
        1513000       1.130418           1184         0.9964         2429.2          0.936
        1514000       1.131103           1185         0.9964         2430.7          0.948
        1515000       1.131810           1185         0.9964         2432.2          0.966
        1516000       1.132649           1187         0.9964         2433.7          0.925
        1517000       1.133468           1187         0.9964         2435.2          0.940
        1518000       1.134272           1187         0.9964         2436.8          0.950
        1519000       1.134956           1187         0.9964         2438.3          0.865
        1520000       1.135652           1188         0.9964         2439.8          0.813
        1521000       1.136500           1189         0.9964         2441.3          0.898
        1522000       1.137190           1191         0.9964         2442.8          0.931
        1523000       1.137923           1193         0.9964         2444.3          0.902
        1524000       1.138727           1193         0.9964         2445.8          0.877
        1525000       1.139503           1193         0.9964         2447.3          0.902
        1526000       1.140257           1195         0.9964         2448.8          0.884
        1527000       1.140954           1195         0.9964         2450.4          0.864
        1528000       1.141687           1195         0.9964         2451.9          0.881
        1529000       1.142477           1195         0.9964         2453.4          0.871
        1530000       1.143029           1195         0.9964         2454.9          0.914
        1531000       1.143754           1196         0.9964         2456.5          0.870
        1532000       1.144550           1197         0.9964         2458.0          0.840
        1533000       1.145272           1199         0.9964         2459.5          0.920
        1534000       1.146037           1199         0.9964         2461.0          0.882
        1535000       1.146836           1200         0.9964         2462.6          0.872
        1536000       1.147668           1200         0.9964         2464.1          0.818
        1537000       1.148342           1201         0.9964         2465.6          0.887
        1538000       1.149051           1201         0.9964         2467.1          0.852
        1539000       1.149741           1201         0.9964         2468.7          0.830
        1540000       1.150461           1201         0.9964         2470.2          0.873
        1541000       1.151041           1201         0.9964         2471.8          0.910
        1542000       1.151814           1202         0.9964         2473.3          0.856
        1543000       1.152441           1202         0.9964         2474.8          0.907
        1544000       1.153148           1202         0.9964         2476.3          0.947
        1545000       1.153859           1202         0.9964         2477.8          0.874
        1546000       1.154490           1202         0.9964         2479.3          0.880
        1547000       1.155348           1203         0.9963         2480.8          0.917
        1548000       1.156043           1203         0.9963         2482.3          0.909
        1549000       1.156844           1203         0.9963         2483.9          0.967
        1550000       1.157554           1206         0.9963         2485.4          0.898
        1551000       1.158348           1207         0.9963         2487.0          0.955
        1552000       1.159297           1207         0.9963         2488.5          0.898
        1553000       1.160066           1208         0.9963         2490.1          0.872
        1554000       1.160962           1208         0.9963         2491.6          0.945
        1555000       1.161649           1208         0.9963         2493.1          0.951
        1556000       1.162303           1209         0.9963         2494.7          0.954
        1557000       1.162942           1209         0.9963         2496.2          0.953
        1558000       1.163662           1210         0.9963         2497.7          0.924
        1559000       1.164447           1210         0.9963         2499.3          0.939
        1560000       1.165174           1211         0.9963         2500.8          0.933
        1561000       1.166035           1211         0.9963         2502.3          0.909
        1562000       1.166592           1212         0.9963         2503.9          0.893
        1563000       1.167275           1212         0.9963         2505.4          0.941
        1564000       1.167859           1212         0.9963         2506.9          0.880
        1565000       1.168683           1214         0.9963         2508.5          0.918
        1566000       1.169456           1216         0.9963         2510.0          0.898
        1567000       1.170295           1216         0.9963         2511.5          0.825
        1568000       1.171230           1217         0.9963         2513.1          0.920
        1569000       1.172008           1220         0.9963         2514.6          0.925
        1570000       1.172746           1223         0.9963         2516.1          0.941
        1571000       1.173545           1224         0.9963         2517.7          0.900
        1572000       1.174466           1225         0.9963         2519.2          0.907
        1573000       1.175160           1225         0.9963         2520.8          0.911
        1574000       1.175916           1225         0.9963         2522.3          0.956
        1575000       1.176703           1225         0.9963         2523.8          0.881
        1576000       1.177442           1225         0.9963         2525.4          0.865
        1577000       1.178408           1225         0.9963         2526.9          0.852
        1578000       1.179077           1225         0.9963         2528.4          0.869
        1579000       1.179890           1225         0.9963         2529.9          0.991
        1580000       1.180643           1226         0.9963         2531.4          0.970
        1581000       1.181380           1228         0.9963         2532.9          0.985
        1582000       1.182167           1228         0.9963         2534.5          0.889
        1583000       1.182930           1228         0.9963         2536.0          0.880
        1584000       1.183627           1229         0.9963         2537.5          0.839
        1585000       1.184376           1230         0.9963         2539.0          0.854
        1586000       1.184999           1230         0.9963         2540.5          0.872
        1587000       1.185810           1230         0.9963         2542.0          0.923
        1588000       1.186578           1230         0.9963         2543.5          0.830
        1589000       1.187292           1231         0.9963         2545.0          0.797
        1590000       1.187750           1232         0.9963         2546.5          0.815
        1591000       1.188617           1234         0.9963         2548.0          0.893
        1592000       1.189437           1234         0.9963         2549.5          0.844
        1593000       1.190103           1235         0.9963         2551.0          0.898
        1594000       1.190884           1236         0.9963         2552.5          0.871
        1595000       1.191560           1237         0.9963         2554.0          0.913
        1596000       1.192077           1238         0.9963         2555.5          0.943
        1597000       1.192705           1240         0.9963         2556.9          0.970
        1598000       1.193465           1240         0.9963         2558.4          0.987
        1599000       1.194173           1240         0.9963         2559.9          0.898
        1600000       1.194849           1240         0.9963         2561.4          0.918
        1601000       1.195535           1241         0.9963         2562.9          0.873
        1602000       1.196278           1242         0.9963         2564.5          0.909
        1603000       1.197059           1243         0.9963         2566.0          0.874
        1604000       1.197789           1243         0.9963         2567.5          0.856
        1605000       1.198596           1244         0.9963         2569.0          0.886
        1606000       1.199280           1244         0.9963         2570.5          0.888
        1607000       1.200044           1244         0.9963         2572.0          0.865
        1608000       1.200566           1245         0.9963         2573.4          0.878
        1609000       1.201493           1245         0.9963         2575.0          0.812
        1610000       1.202284           1247         0.9963         2576.5          0.811
        1611000       1.202894           1248         0.9963         2577.9          0.891
        1612000       1.203714           1248         0.9963         2579.4          0.896
        1613000       1.204508           1249         0.9963         2580.9          0.890
        1614000       1.205145           1250         0.9963         2582.4          0.791
        1615000       1.205933           1251         0.9963         2583.8          0.769
        1616000       1.206844           1252         0.9963         2585.3          0.810
        1617000       1.207621           1254         0.9963         2586.9          0.794
        1618000       1.208457           1254         0.9963         2588.4          0.804
        1619000       1.209221           1254         0.9963         2589.8          0.878
        1620000       1.209969           1254         0.9963         2591.4          0.828
        1621000       1.210757           1254         0.9963         2592.9          0.843
        1622000       1.211540           1254         0.9963         2594.4          0.938
        1623000       1.212193           1254         0.9963         2595.9          0.942
        1624000       1.213101           1255         0.9963         2597.4          0.903
        1625000       1.213862           1256         0.9963         2598.8          0.899
        1626000       1.214840           1257         0.9963         2600.3          0.868
        1627000       1.215495           1257         0.9963         2601.8          0.844
        1628000       1.216356           1257         0.9963         2603.3          0.803
        1629000       1.217122           1258         0.9963         2604.9          0.878
        1630000       1.217785           1260         0.9963         2606.4          0.782
        1631000       1.218602           1260         0.9962         2607.9          0.930
        1632000       1.219345           1261         0.9962         2609.4          0.844
        1633000       1.220111           1261         0.9962         2611.0          0.858
        1634000       1.220918           1262         0.9962         2612.5          0.918
        1635000       1.221647           1263         0.9962         2614.0          0.854
        1636000       1.222482           1263         0.9962         2615.5          0.761
        1637000       1.222921           1263         0.9962         2617.0          0.736
        1638000       1.223691           1263         0.9962         2618.6          0.735
        1639000       1.224404           1263         0.9962         2620.1          0.750
        1640000       1.224944           1264         0.9962         2621.6          0.717
        1641000       1.225673           1266         0.9962         2623.1          0.734
        1642000       1.226290           1266         0.9962         2624.7          0.770
        1643000       1.227040           1266         0.9962         2626.2          0.741
        1644000       1.227685           1266         0.9962         2627.7          0.768
        1645000       1.228294           1267         0.9962         2629.3          0.858
        1646000       1.229067           1268         0.9962         2630.8          0.819
        1647000       1.229577           1269         0.9962         2632.3          0.834
        1648000       1.230301           1269         0.9962         2633.9          0.887
        1649000       1.231002           1269         0.9962         2635.4          0.891
        1650000       1.231825           1269         0.9962         2636.9          0.916
        1651000       1.232550           1269         0.9962         2638.5          0.884
        1652000       1.233314           1270         0.9962         2640.0          0.878
        1653000       1.234109           1271         0.9962         2641.5          0.818
        1654000       1.234908           1273         0.9962         2643.1          0.838
        1655000       1.235581           1273         0.9962         2644.6          0.822
        1656000       1.236445           1273         0.9962         2646.2          0.796
        1657000       1.237050           1274         0.9962         2647.7          0.798
        1658000       1.237777           1274         0.9962         2649.2          0.778
        1659000       1.238464           1275         0.9962         2650.8          0.763
        1660000       1.239233           1275         0.9962         2652.3          0.831
        1661000       1.239933           1277         0.9962         2653.9          0.773
        1662000       1.240684           1277         0.9962         2655.4          0.745
        1663000       1.241275           1279         0.9962         2656.9          0.741
        1664000       1.242174           1281         0.9962         2658.5          0.715
        1665000       1.242822           1282         0.9962         2660.0          0.772
        1666000       1.243595           1283         0.9962         2661.6          0.784
        1667000       1.244383           1285         0.9962         2663.1          0.721
        1668000       1.245126           1285         0.9962         2664.7          0.778
        1669000       1.245918           1286         0.9962         2666.2          0.783
        1670000       1.246468           1286         0.9962         2667.7          0.815
        1671000       1.247161           1286         0.9962         2669.3          0.779
        1672000       1.248040           1286         0.9962         2670.8          0.847
        1673000       1.248890           1286         0.9962         2672.4          0.885
        1674000       1.249424           1286         0.9962         2673.9          0.872
        1675000       1.250165           1287         0.9962         2675.4          0.823
        1676000       1.250854           1287         0.9962         2677.0          0.764
        1677000       1.251355           1288         0.9962         2678.6          0.783
        1678000       1.252006           1288         0.9962         2680.1          0.900
        1679000       1.252938           1290         0.9962         2681.7          0.699
        1680000       1.253425           1292         0.9962         2683.2          0.810
        1681000       1.254103           1292         0.9962         2684.7          0.778
        1682000       1.254978           1293         0.9962         2686.3          0.696
        1683000       1.255700           1294         0.9962         2687.9          0.752
        1684000       1.256305           1295         0.9962         2689.4          0.857
        1685000       1.257138           1295         0.9962         2691.0          0.802
        1686000       1.258054           1295         0.9962         2692.5          0.837
        1687000       1.258855           1296         0.9962         2694.1          0.810
        1688000       1.259488           1296         0.9962         2695.6          0.858
        1689000       1.260196           1296         0.9962         2697.2          0.803
        1690000       1.260829           1296         0.9962         2698.7          0.873
        1691000       1.261539           1296         0.9962         2700.3          0.805
        1692000       1.262233           1297         0.9962         2701.8          0.829
        1693000       1.262853           1298         0.9962         2703.4          0.782
        1694000       1.263368           1298         0.9962         2705.0          0.869
        1695000       1.263947           1300         0.9962         2706.6          0.831
        1696000       1.264461           1300         0.9962         2708.2          0.870
        1697000       1.265259           1300         0.9962         2709.7          0.937
        1698000       1.265872           1300         0.9962         2711.3          0.873
        1699000       1.266729           1302         0.9962         2712.8          0.766
        1700000       1.267392           1302         0.9962         2714.3          0.844
        1701000       1.267961           1302         0.9962         2715.9          0.749
        1702000       1.268626           1304         0.9962         2717.4          0.846
        1703000       1.269625           1305         0.9962         2719.0          0.893
        1704000       1.270547           1307         0.9962         2720.6          0.876
        1705000       1.271401           1308         0.9962         2722.1          0.840
        1706000       1.272177           1308         0.9962         2723.7          0.850
        1707000       1.272738           1308         0.9962         2725.3          0.900
        1708000       1.273584           1310         0.9962         2726.8          0.905
        1709000       1.274344           1311         0.9962         2728.4          0.915
        1710000       1.275222           1311         0.9962         2730.0          0.872
        1711000       1.275990           1312         0.9962         2731.5          0.836
        1712000       1.276701           1312         0.9962         2733.1          0.866
        1713000       1.277380           1313         0.9962         2734.7          0.872
        1714000       1.278178           1318         0.9962         2736.2          0.863
        1715000       1.278943           1319         0.9962         2737.8          0.928
        1716000       1.279816           1319         0.9962         2739.4          0.903
        1717000       1.280721           1320         0.9961         2740.9          0.941
        1718000       1.281449           1322         0.9961         2742.5          0.990
        1719000       1.282140           1322         0.9961         2744.0          0.945
        1720000       1.282853           1322         0.9961         2745.6          0.887
        1721000       1.283515           1323         0.9961         2747.1          0.880
        1722000       1.284095           1324         0.9961         2748.7          0.906
        1723000       1.284794           1324         0.9961         2750.2          0.896
        1724000       1.285632           1324         0.9961         2751.7          0.928
        1725000       1.286434           1327         0.9961         2753.3          1.003
        1726000       1.287369           1329         0.9961         2754.8          0.981
        1727000       1.287964           1329         0.9961         2756.3          0.988
        1728000       1.288521           1331         0.9961         2757.9          0.931
        1729000       1.289210           1331         0.9961         2759.4          0.878
        1730000       1.289929           1331         0.9961         2761.0          0.926
        1731000       1.290707           1332         0.9961         2762.5          0.973
        1732000       1.291630           1333         0.9961         2764.1          0.980
        1733000       1.292283           1333         0.9961         2765.6          0.913
        1734000       1.292914           1334         0.9961         2767.2          0.829
        1735000       1.293569           1336         0.9961         2768.7          0.818
        1736000       1.294347           1336         0.9961         2770.2          0.895
        1737000       1.295169           1338         0.9961         2771.8          0.890
        1738000       1.296042           1338         0.9961         2773.4          0.891
        1739000       1.296970           1338         0.9961         2775.0          0.929
        1740000       1.297703           1338         0.9961         2776.5          0.831
        1741000       1.298493           1338         0.9961         2778.1          0.906
        1742000       1.299272           1340         0.9961         2779.6          0.913
        1743000       1.300033           1340         0.9961         2781.2          0.907
        1744000       1.300747           1340         0.9961         2782.7          0.854
        1745000       1.301637           1340         0.9961         2784.3          0.842
        1746000       1.302451           1342         0.9961         2785.8          0.892
        1747000       1.303132           1342         0.9961         2787.4          0.945
        1748000       1.303885           1343         0.9961         2788.9          0.924
        1749000       1.304440           1344         0.9961         2790.5          0.896
        1750000       1.305082           1347         0.9961         2792.0          0.930
        1751000       1.305843           1348         0.9961         2793.5          0.880
        1752000       1.306683           1351         0.9961         2795.1          0.876
        1753000       1.307443           1351         0.9961         2796.6          0.868
        1754000       1.308140           1352         0.9961         2798.1          0.819
        1755000       1.308912           1353         0.9961         2799.7          0.837
        1756000       1.309639           1354         0.9961         2801.2          0.918
        1757000       1.310296           1355         0.9961         2802.7          0.944
        1758000       1.310944           1355         0.9961         2804.3          0.993
        1759000       1.311732           1355         0.9961         2805.8          0.929
        1760000       1.312321           1355         0.9961         2807.3          0.870
        1761000       1.313138           1356         0.9961         2808.8          0.811
        1762000       1.313679           1356         0.9961         2810.3          0.811
        1763000       1.314261           1356         0.9961         2811.9          0.802
        1764000       1.314816           1357         0.9961         2813.4          0.909
        1765000       1.315708           1358         0.9961         2815.0          0.912
        1766000       1.316342           1358         0.9961         2816.5          0.923
        1767000       1.317016           1360         0.9961         2818.0          0.969
        1768000       1.317525           1361         0.9961         2819.5          0.906
        1769000       1.318255           1363         0.9961         2821.0          0.972
        1770000       1.319139           1364         0.9961         2822.5          0.960
        1771000       1.319884           1364         0.9961         2824.0          0.944
        1772000       1.320730           1366         0.9961         2825.5          0.968
        1773000       1.321510           1367         0.9961         2827.1          1.053
        1774000       1.322269           1367         0.9961         2828.6          0.995
        1775000       1.322957           1369         0.9961         2830.1          0.937
        1776000       1.323782           1370         0.9961         2831.7          0.999
        1777000       1.324478           1370         0.9961         2833.2          1.022
        1778000       1.325272           1371         0.9961         2834.7          0.889
        1779000       1.326123           1373         0.9961         2836.2          0.956
        1780000       1.326856           1376         0.9961         2837.8          0.921
        1781000       1.327587           1377         0.9961         2839.3          1.047
        1782000       1.328569           1377         0.9961         2840.8          1.039
        1783000       1.329291           1379         0.9961         2842.3          1.061
        1784000       1.330051           1379         0.9961         2843.9          1.088
        1785000       1.330909           1380         0.9961         2845.4          1.074
        1786000       1.331619           1381         0.9961         2846.9          1.073
        1787000       1.332427           1381         0.9961         2848.5          1.119
        1788000       1.333057           1382         0.9960         2850.0          1.110
        1789000       1.333738           1383         0.9960         2851.5          1.101
        1790000       1.334419           1383         0.9960         2853.1          1.089
        1791000       1.335190           1383         0.9960         2854.6          1.144
        1792000       1.335899           1386         0.9960         2856.1          1.048
        1793000       1.336660           1387         0.9960         2857.6          1.065
        1794000       1.337340           1387         0.9960         2859.1          1.054
        1795000       1.338122           1387         0.9960         2860.7          1.031
        1796000       1.339012           1387         0.9960         2862.2          1.113
        1797000       1.339654           1387         0.9960         2863.7          1.074
        1798000       1.340525           1388         0.9960         2865.2          1.027
        1799000       1.341212           1388         0.9960         2866.7          0.929
        1800000       1.342094           1389         0.9960         2868.3          1.082
        1801000       1.343011           1390         0.9960         2869.9          1.019
        1802000       1.343805           1390         0.9960         2871.4          1.077
        1803000       1.344544           1390         0.9960         2872.9          1.054
        1804000       1.345215           1390         0.9960         2874.4          1.082
        1805000       1.345951           1390         0.9960         2875.9          0.956
        1806000       1.346571           1390         0.9960         2877.5          1.056
        1807000       1.347240           1390         0.9960         2879.0          0.969
        1808000       1.348013           1391         0.9960         2880.5          1.013
        1809000       1.348821           1391         0.9960         2882.1          0.953
        1810000       1.349725           1393         0.9960         2883.6          1.000
        1811000       1.350495           1394         0.9960         2885.1          0.984
        1812000       1.351214           1396         0.9960         2886.7          0.999
        1813000       1.351967           1397         0.9960         2888.2          1.022
        1814000       1.352897           1397         0.9960         2889.7          1.056
        1815000       1.353767           1397         0.9960         2891.2          1.039
        1816000       1.354620           1397         0.9960         2892.8          1.053
        1817000       1.355517           1397         0.9960         2894.3          0.973
        1818000       1.356271           1397         0.9960         2895.8          0.976
        1819000       1.356904           1398         0.9960         2897.3          1.030
        1820000       1.357409           1398         0.9960         2898.9          1.094
        1821000       1.357983           1398         0.9960         2900.4          1.128
        1822000       1.358702           1399         0.9960         2901.9          1.139
        1823000       1.359511           1399         0.9960         2903.5          1.118
        1824000       1.359983           1399         0.9960         2905.0          1.112
        1825000       1.360654           1399         0.9960         2906.5          1.102
        1826000       1.361385           1400         0.9960         2908.1          1.076
        1827000       1.362006           1401         0.9960         2909.6          1.061
        1828000       1.362836           1402         0.9960         2911.1          0.939
        1829000       1.363642           1403         0.9960         2912.6          1.025
        1830000       1.364416           1404         0.9960         2914.2          1.074
        1831000       1.365198           1404         0.9960         2915.7          1.049
        1832000       1.365809           1406         0.9960         2917.2          1.137
        1833000       1.366509           1407         0.9960         2918.8          1.069
        1834000       1.367284           1407         0.9960         2920.3          1.052
        1835000       1.368014           1407         0.9960         2921.8          0.966
        1836000       1.368797           1408         0.9960         2923.3          1.023
        1837000       1.369591           1409         0.9960         2924.8          1.069
        1838000       1.370317           1411         0.9960         2926.4          1.067
        1839000       1.371059           1411         0.9960         2927.9          0.998
        1840000       1.371764           1412         0.9960         2929.4          0.979
        1841000       1.372643           1413         0.9960         2931.0          0.997
        1842000       1.373215           1413         0.9960         2932.4          1.028
        1843000       1.374062           1414         0.9960         2934.0          1.084
        1844000       1.375058           1414         0.9960         2935.5          1.084
        1845000       1.375878           1414         0.9960         2937.0          1.039
        1846000       1.376534           1414         0.9960         2938.5          1.036
        1847000       1.377319           1416         0.9960         2940.1          1.122
        1848000       1.378224           1416         0.9960         2941.6          0.967
        1849000       1.379036           1416         0.9960         2943.1          0.857
        1850000       1.379674           1416         0.9960         2944.6          0.819
        1851000       1.380553           1417         0.9959         2946.1          0.898
        1852000       1.381124           1418         0.9959         2947.6          0.893
        1853000       1.381824           1418         0.9959         2949.2          0.882
        1854000       1.382472           1418         0.9959         2950.7          0.906
        1855000       1.383177           1418         0.9959         2952.2          0.896
        1856000       1.383811           1419         0.9959         2953.7          0.863
        1857000       1.384373           1419         0.9959         2955.2          0.947
        1858000       1.385091           1419         0.9959         2956.7          0.989
        1859000       1.385915           1421         0.9959         2958.3          0.946
        1860000       1.386772           1421         0.9959         2959.8          0.952
        1861000       1.387447           1422         0.9959         2961.3          0.973
        1862000       1.388169           1422         0.9959         2962.8          0.972
        1863000       1.388913           1424         0.9959         2964.4          0.976
        1864000       1.389596           1425         0.9959         2965.9          0.930
        1865000       1.390303           1425         0.9959         2967.4          0.957
        1866000       1.390957           1425         0.9959         2969.0          0.990
        1867000       1.391639           1425         0.9959         2970.5          1.031
        1868000       1.392367           1425         0.9959         2972.0          1.115
        1869000       1.393093           1425         0.9959         2973.5          1.110
        1870000       1.394106           1427         0.9959         2975.0          1.100
        1871000       1.394890           1428         0.9959         2976.5          0.973
        1872000       1.395764           1428         0.9959         2978.0          1.012
        1873000       1.396420           1430         0.9959         2979.6          1.083
        1874000       1.397252           1430         0.9959         2981.1          1.003
        1875000       1.397880           1430         0.9959         2982.6          0.948
        1876000       1.398666           1430         0.9959         2984.1          0.988
        1877000       1.399253           1430         0.9959         2985.7          0.972
        1878000       1.399893           1430         0.9959         2987.2          0.978
        1879000       1.400762           1431         0.9959         2988.8          0.987
        1880000       1.401422           1432         0.9959         2990.3          1.029
        1881000       1.402167           1432         0.9959         2991.8          1.000
        1882000       1.403058           1434         0.9959         2993.4          0.939
        1883000       1.403732           1436         0.9959         2994.9          0.997
        1884000       1.404233           1437         0.9959         2996.4          0.977
        1885000       1.404862           1439         0.9959         2998.0          0.984
        1886000       1.405627           1439         0.9959         2999.5          1.011
        1887000       1.406458           1439         0.9959         3001.0          0.987
        1888000       1.407150           1439         0.9959         3002.5          1.054
        1889000       1.407789           1439         0.9959         3004.1          0.949
        1890000       1.408559           1439         0.9959         3005.6          1.097
        1891000       1.409301           1440         0.9959         3007.1          1.091
        1892000       1.410002           1440         0.9959         3008.6          1.118
        1893000       1.410699           1440         0.9959         3010.1          1.078
        1894000       1.411489           1441         0.9959         3011.7          0.950
        1895000       1.412202           1441         0.9959         3013.2          1.100
        1896000       1.412795           1441         0.9959         3014.7          1.034
        1897000       1.413586           1442         0.9959         3016.2          0.963
        1898000       1.414216           1444         0.9959         3017.8          0.961
        1899000       1.415119           1445         0.9959         3019.3          0.927
        1900000       1.415815           1446         0.9959         3020.8          0.915
        1901000       1.416615           1448         0.9959         3022.3          0.856
        1902000       1.417622           1449         0.9959         3023.8          0.874
        1903000       1.418382           1451         0.9959         3025.3          0.918
        1904000       1.419148           1453         0.9959         3026.9          1.013
        1905000       1.419815           1454         0.9959         3028.4          0.963
        1906000       1.420455           1456         0.9959         3029.9          0.884
        1907000       1.421020           1456         0.9959         3031.4          0.963
        1908000       1.421618           1457         0.9959         3032.9          0.890
        1909000       1.422402           1457         0.9959         3034.5          0.933
        1910000       1.423123           1458         0.9959         3036.1          0.951
        1911000       1.423818           1458         0.9959         3037.6          0.907
        1912000       1.424434           1458         0.9959         3039.1          0.933
        1913000       1.425125           1459         0.9959         3040.6          0.852
        1914000       1.425950           1460         0.9959         3042.1          0.960
        1915000       1.426541           1460         0.9959         3043.7          0.932
        1916000       1.427273           1460         0.9959         3045.2          0.951
        1917000       1.427879           1460         0.9959         3046.7          0.956
        1918000       1.428617           1460         0.9959         3048.2          1.025
        1919000       1.429409           1461         0.9959         3049.7          0.933
        1920000       1.430114           1461         0.9959         3051.2          0.873
        1921000       1.430827           1461         0.9959         3052.7          0.895
        1922000       1.431611           1461         0.9959         3054.2          0.891
        1923000       1.432347           1462         0.9959         3055.7          0.874
        1924000       1.433026           1462         0.9959         3057.3          0.869
        1925000       1.433459           1462         0.9959         3058.8          0.826
        1926000       1.434109           1463         0.9959         3060.3          0.857
        1927000       1.434695           1463         0.9959         3061.8          0.839
        1928000       1.435406           1463         0.9959         3063.3          0.902
        1929000       1.436169           1463         0.9959         3064.8          0.892
        1930000       1.437029           1463         0.9959         3066.3          0.976
        1931000       1.437843           1463         0.9959         3067.9          1.065
        1932000       1.438647           1463         0.9959         3069.4          1.058
        1933000       1.439200           1464         0.9959         3070.9          1.142
        1934000       1.439968           1465         0.9959         3072.4          1.134
        1935000       1.440717           1465         0.9959         3074.0          1.104
        1936000       1.441767           1466         0.9959         3075.5          0.977
        1937000       1.442656           1467         0.9959         3077.0          1.098
        1938000       1.443306           1468         0.9959         3078.5          1.051
        1939000       1.444071           1468         0.9959         3080.1          1.073
        1940000       1.444669           1470         0.9959         3081.6          1.100
        1941000       1.445548           1473         0.9959         3083.1          1.166
        1942000       1.446190           1473         0.9959         3084.7          1.117
        1943000       1.446976           1474         0.9959         3086.2          1.101
        1944000       1.447771           1474         0.9959         3087.7          1.125
        1945000       1.448437           1475         0.9959         3089.3          1.115
        1946000       1.449146           1477         0.9959         3090.8          1.098
        1947000       1.450002           1477         0.9959         3092.4          1.131
        1948000       1.450795           1478         0.9959         3093.9          1.079
        1949000       1.451513           1478         0.9959         3095.4          1.038
        1950000       1.452217           1478         0.9959         3097.0          0.978
        1951000       1.453082           1481         0.9959         3098.5          1.098
        1952000       1.453836           1482         0.9959         3100.0          0.914
        1953000       1.454513           1482         0.9959         3101.5          0.981
        1954000       1.455129           1482         0.9959         3103.0          1.028
        1955000       1.455909           1484         0.9959         3104.6          1.035
        1956000       1.456595           1484         0.9959         3106.1          1.002
        1957000       1.457342           1485         0.9959         3107.6          0.987
        1958000       1.458073           1485         0.9959         3109.1          0.997
        1959000       1.458894           1486         0.9959         3110.6          0.941
        1960000       1.459568           1486         0.9959         3112.2          0.970
        1961000       1.460504           1489         0.9959         3113.7          1.121
        1962000       1.461186           1490         0.9959         3115.2          1.062
        1963000       1.461791           1490         0.9958         3116.8          1.073
        1964000       1.462572           1492         0.9958         3118.3          1.057
        1965000       1.463365           1492         0.9958         3119.8          1.188
        1966000       1.463962           1493         0.9958         3121.3          1.171
        1967000       1.464723           1493         0.9958         3122.9          1.120
        1968000       1.465394           1493         0.9958         3124.4          1.171
        1969000       1.466266           1493         0.9958         3125.9          1.161
        1970000       1.466957           1494         0.9958         3127.5          1.164
        1971000       1.467810           1495         0.9958         3129.0          1.235
        1972000       1.468513           1495         0.9958         3130.6          1.197
        1973000       1.469334           1496         0.9958         3132.1          1.196
        1974000       1.470039           1497         0.9958         3133.7          1.214
        1975000       1.470597           1497         0.9958         3135.2          1.192
        1976000       1.471253           1498         0.9958         3136.7          1.162
        1977000       1.472016           1498         0.9958         3138.2          1.161
        1978000       1.472817           1498         0.9958         3139.8          1.240
        1979000       1.473429           1499         0.9958         3141.3          1.250
        1980000       1.474212           1501         0.9958         3142.9          1.227
        1981000       1.475033           1502         0.9958         3144.4          1.156
        1982000       1.475566           1503         0.9958         3146.0          1.094
        1983000       1.476219           1503         0.9958         3147.6          1.130
        1984000       1.476865           1505         0.9958         3149.1          1.172
        1985000       1.477606           1505         0.9958         3150.7          1.170
        1986000       1.478087           1506         0.9958         3152.2          1.194
        1987000       1.478623           1506         0.9958         3153.7          1.212
        1988000       1.479266           1507         0.9958         3155.2          1.172
        1989000       1.479998           1507         0.9958         3156.7          1.087
        1990000       1.480595           1508         0.9958         3158.3          1.120
        1991000       1.481264           1510         0.9958         3159.8          1.127
        1992000       1.481991           1510         0.9958         3161.3          1.174
        1993000       1.482656           1512         0.9958         3162.8          1.136
        1994000       1.483456           1513         0.9958         3164.4          1.115
        1995000       1.484130           1514         0.9958         3165.9          1.176
        1996000       1.484920           1515         0.9958         3167.4          1.201
        1997000       1.485518           1517         0.9958         3169.0          1.218
        1998000       1.486214           1518         0.9958         3170.5          1.240
        1999000       1.486909           1518         0.9958         3172.0          1.223
        2000000       1.487626           1518         0.9958         3173.6          1.144
        2001000       1.488294           1518         0.9958         3175.1          1.172
        2002000       1.489060           1520         0.9958         3176.6          1.132
        2003000       1.489844           1520         0.9958         3178.2          1.138
        2004000       1.490526           1520         0.9958         3179.7          1.133
        2005000       1.491249           1521         0.9958         3181.2          1.095
        2006000       1.492097           1523         0.9958         3182.7          1.134
        2007000       1.492793           1524         0.9958         3184.3          1.196
        2008000       1.493503           1524         0.9958         3185.8          1.226
        2009000       1.494188           1524         0.9958         3187.4          1.128
        2010000       1.494854           1524         0.9958         3188.9          1.168
        2011000       1.495668           1527         0.9958         3190.4          1.166
        2012000       1.496333           1528         0.9958         3192.0          1.160
        2013000       1.497276           1529         0.9958         3193.5          1.142
        2014000       1.498066           1529         0.9958         3195.1          1.139
        2015000       1.498636           1532         0.9958         3196.6          1.182
        2016000       1.499568           1532         0.9958         3198.2          1.184
        2017000       1.500288           1534         0.9958         3199.8          1.220
        2018000       1.501219           1536         0.9958         3201.3          1.094
        2019000       1.501968           1537         0.9958         3203.2          1.108
        2020000       1.502800           1537         0.9958         3204.9          1.109
        2021000       1.503647           1538         0.9958         3206.5          1.161
        2022000       1.504446           1539         0.9958         3208.1          1.136
        2023000       1.505090           1541         0.9958         3209.6          1.187
        2024000       1.505953           1541         0.9958         3211.1          1.051
        2025000       1.506873           1544         0.9958         3212.7          1.122
        2026000       1.507642           1544         0.9958         3214.2          1.160
        2027000       1.508408           1544         0.9958         3215.7          1.153
        2028000       1.508946           1545         0.9958         3217.2          1.165
        2029000       1.509734           1545         0.9958         3218.7          1.119
        2030000       1.510598           1546         0.9958         3220.2          1.170
        2031000       1.511384           1548         0.9958         3221.7          1.169
        2032000       1.512228           1548         0.9958         3223.4          1.125
        2033000       1.513156           1549         0.9958         3224.9          1.218
        2034000       1.513966           1550         0.9958         3226.4          1.236
        2035000       1.514786           1553         0.9958         3228.0          1.140
        2036000       1.515494           1554         0.9958         3229.6          1.229
        2037000       1.516187           1555         0.9958         3231.1          1.127
        2038000       1.516673           1556         0.9958         3232.7          1.141
        2039000       1.517273           1556         0.9958         3234.2          1.130
        2040000       1.517916           1557         0.9958         3235.7          1.210
        2041000       1.518474           1560         0.9958         3237.2          1.158
        2042000       1.519262           1565         0.9958         3238.7          1.175
        2043000       1.519904           1565         0.9958         3240.3          1.213
        2044000       1.520777           1565         0.9958         3241.8          1.216
        2045000       1.521556           1565         0.9958         3243.3          1.212
        2046000       1.522224           1566         0.9958         3245.0          1.217
        2047000       1.523033           1567         0.9958         3246.4          1.192
        2048000       1.523744           1567         0.9958         3247.9          1.154
        2049000       1.524523           1569         0.9958         3249.4          1.097
        2050000       1.525074           1571         0.9958         3251.0          1.083
        2051000       1.525944           1572         0.9958         3252.5          1.172
        2052000       1.526725           1572         0.9958         3254.1          1.212
        2053000       1.527314           1574         0.9958         3255.6          1.186
        2054000       1.527994           1574         0.9958         3257.1          1.217
        2055000       1.528886           1575         0.9958         3258.6          1.230
        2056000       1.529651           1575         0.9958         3260.3          1.250
        2057000       1.530357           1575         0.9958         3262.2          1.272
        2058000       1.530917           1575         0.9958         3263.9          1.269
        2059000       1.531637           1577         0.9958         3265.6          1.243
        2060000       1.532069           1577         0.9958         3267.1          1.245
        2061000       1.532671           1578         0.9958         3268.8          1.241
        2062000       1.533231           1578         0.9958         3270.3          1.227
        2063000       1.533915           1578         0.9958         3271.8          1.210
        2064000       1.534660           1579         0.9958         3273.3          1.233
        2065000       1.535584           1580         0.9958         3275.0          1.194
        2066000       1.536301           1580         0.9958         3276.6          1.181
        2067000       1.537039           1581         0.9958         3278.2          1.121
        2068000       1.537943           1582         0.9958         3279.7          1.098
        2069000       1.538496           1583         0.9958         3281.3          1.208
        2070000       1.539272           1584         0.9958         3282.9          1.188
        2071000       1.540019           1584         0.9958         3284.4          1.156
        2072000       1.540642           1584         0.9958         3286.0          1.081
        2073000       1.541561           1584         0.9958         3287.5          1.130
        2074000       1.542436           1585         0.9958         3289.1          1.139
        2075000       1.543130           1585         0.9957         3290.6          1.141
        2076000       1.543924           1585         0.9957         3292.1          1.171
        2077000       1.544777           1585         0.9957         3293.7          1.206
        2078000       1.545643           1587         0.9957         3295.2          1.150
        2079000       1.546425           1587         0.9957         3296.7          1.018
        2080000       1.547040           1588         0.9957         3298.2          1.152
        2081000       1.547791           1590         0.9957         3299.8          1.214
        2082000       1.548607           1590         0.9957         3301.3          1.161
        2083000       1.549428           1592         0.9957         3302.8          1.088
        2084000       1.550060           1593         0.9957         3304.4          1.160
        2085000       1.550864           1594         0.9957         3305.9          1.072
        2086000       1.551541           1596         0.9957         3307.6          1.102
        2087000       1.552399           1596         0.9957         3309.4          1.163
        2088000       1.553036           1596         0.9957         3311.0          1.126
        2089000       1.553733           1598         0.9957         3312.5          1.151
        2090000       1.554468           1598         0.9957         3314.0          1.158
        2091000       1.555305           1600         0.9957         3315.6          1.056
        2092000       1.556044           1601         0.9957         3317.1          1.076
        2093000       1.556797           1601         0.9957         3318.6          1.037
        2094000       1.557575           1601         0.9957         3320.1          1.044
        2095000       1.558188           1603         0.9957         3321.7          1.070
        2096000       1.558974           1604         0.9957         3323.2          1.074
        2097000       1.559596           1604         0.9957         3324.7          1.056
        2098000       1.560468           1605         0.9957         3326.2          1.032
        2099000       1.561130           1605         0.9957         3327.7          1.055
        2100000       1.561858           1605         0.9957         3329.3          1.014
        2101000       1.562581           1605         0.9957         3330.8          0.983
        2102000       1.563338           1605         0.9957         3332.5          1.031
        2103000       1.564175           1607         0.9957         3334.0          1.022
        2104000       1.564834           1608         0.9957         3335.5          0.998
        2105000       1.565518           1609         0.9957         3337.0          1.081
        2106000       1.566118           1613         0.9957         3338.5          1.080
        2107000       1.566879           1615         0.9957         3340.0          1.023
        2108000       1.567760           1615         0.9957         3341.5          1.006
        2109000       1.568622           1617         0.9957         3343.0          1.046
        2110000       1.569416           1618         0.9957         3344.5          1.086
        2111000       1.570126           1618         0.9957         3345.9          1.143
        2112000       1.570874           1618         0.9957         3347.4          1.077
        2113000       1.571623           1619         0.9957         3348.9          1.038
        2114000       1.572222           1621         0.9957         3350.4          1.026
        2115000       1.573003           1622         0.9957         3351.9          1.088
        2116000       1.573858           1623         0.9957         3353.4          1.063
        2117000       1.574464           1623         0.9957         3354.9          1.005
        2118000       1.575329           1623         0.9957         3356.4          1.072
        2119000       1.576091           1623         0.9957         3358.0          1.210
        2120000       1.576774           1624         0.9957         3359.5          1.307
        2121000       1.577501           1624         0.9957         3360.9          1.239
        2122000       1.578209           1625         0.9957         3362.5          1.210
        2123000       1.578877           1625         0.9957         3364.0          1.108
        2124000       1.579682           1625         0.9957         3365.5          1.158
        2125000       1.580342           1625         0.9957         3367.0          1.087
        2126000       1.581124           1626         0.9957         3368.5          1.042
        2127000       1.581969           1628         0.9957         3370.0          1.078
        2128000       1.582816           1631         0.9957         3371.5          1.088
        2129000       1.583506           1632         0.9957         3373.1          1.054
        2130000       1.584417           1632         0.9957         3374.6          1.070
        2131000       1.585076           1632         0.9957         3376.1          1.139
        2132000       1.585781           1633         0.9957         3377.6          1.142
        2133000       1.586580           1633         0.9957         3379.2          1.134
        2134000       1.587402           1633         0.9957         3380.7          1.113
        2135000       1.588193           1635         0.9957         3382.2          1.140
        2136000       1.588955           1636         0.9957         3383.7          1.059
        2137000       1.589690           1637         0.9957         3385.2          1.100
        2138000       1.590385           1638         0.9957         3386.7          1.113
        2139000       1.591153           1638         0.9957         3388.2          1.070
        2140000       1.592059           1638         0.9957         3389.7          1.105
        2141000       1.592817           1639         0.9957         3391.1          1.153
        2142000       1.593471           1639         0.9957         3392.6          1.165
        2143000       1.594243           1641         0.9957         3394.2          1.089
        2144000       1.594840           1641         0.9957         3395.7          1.116
        2145000       1.595629           1642         0.9956         3397.2          1.202
        2146000       1.596645           1644         0.9956         3398.7          1.237
        2147000       1.597357           1645         0.9956         3400.2          1.130
        2148000       1.598121           1646         0.9956         3401.6          1.085
        2149000       1.598819           1647         0.9956         3403.1          1.061
        2150000       1.599477           1647         0.9956         3404.6          1.086
        2151000       1.600317           1649         0.9956         3406.1          1.076
        2152000       1.601203           1649         0.9956         3407.6          1.108
        2153000       1.602063           1650         0.9956         3409.1          1.100
        2154000       1.602830           1651         0.9956         3410.7          1.236
        2155000       1.603623           1652         0.9956         3412.9          1.217
        2156000       1.604309           1652         0.9956         3415.2          1.268
        2157000       1.605006           1652         0.9956         3417.3          1.194
        2158000       1.605700           1652         0.9956         3419.2          1.249
        2159000       1.606363           1653         0.9956         3420.8          1.241
        2160000       1.607197           1654         0.9956         3422.4          1.213
        2161000       1.607839           1654         0.9956         3423.9          1.156
        2162000       1.608606           1654         0.9956         3425.8          1.162
        2163000       1.609344           1656         0.9956         3427.9          1.174
        2164000       1.610060           1658         0.9956         3430.1          1.185
        2165000       1.610680           1658         0.9956         3431.7          1.168
        2166000       1.611520           1658         0.9956         3433.3          1.130
        2167000       1.612327           1658         0.9956         3434.8          1.104
        2168000       1.612969           1658         0.9956         3436.4          1.049
        2169000       1.613673           1658         0.9956         3437.9          1.056
        2170000       1.614440           1658         0.9956         3439.5          1.058
        2171000       1.615223           1659         0.9956         3441.1          1.143
        2172000       1.616016           1660         0.9956         3443.4          1.102
        2173000       1.616741           1660         0.9956         3445.3          1.131
        2174000       1.617513           1661         0.9956         3447.6          1.120
        2175000       1.618157           1663         0.9956         3449.1          1.117
        2176000       1.618868           1665         0.9956         3450.7          1.148
        2177000       1.619482           1666         0.9956         3452.3          1.080
        2178000       1.620153           1666         0.9956         3453.8          1.053
        2179000       1.620769           1666         0.9956         3456.1          1.150
        2180000       1.621427           1666         0.9956         3458.6          1.263
        2181000       1.622224           1666         0.9956         3460.7          1.265
        2182000       1.622930           1666         0.9956         3462.7          1.282
        2183000       1.623693           1668         0.9956         3464.5          1.277
        2184000       1.624452           1669         0.9956         3466.2          1.280
        2185000       1.625255           1669         0.9956         3467.9          1.226
        2186000       1.626139           1671         0.9956         3469.5          1.217
        2187000       1.626958           1672         0.9956         3471.1          1.218
        2188000       1.627722           1672         0.9956         3472.6          1.218
        2189000       1.628490           1672         0.9956         3474.1          1.201
        2190000       1.629303           1673         0.9956         3475.6          1.108
        2191000       1.630071           1673         0.9956         3477.1          1.093
        2192000       1.630695           1674         0.9956         3478.7          1.099
        2193000       1.631430           1674         0.9956         3480.2          1.116
        2194000       1.632062           1676         0.9955         3481.7          1.158
        2195000       1.632866           1676         0.9955         3483.3          1.145
        2196000       1.633672           1676         0.9955         3484.8          1.101
        2197000       1.634310           1677         0.9955         3486.2          1.175
        2198000       1.635004           1677         0.9955         3487.9          1.197
        2199000       1.635822           1677         0.9955         3489.4          1.200
        2200000       1.636733           1678         0.9955         3491.3          1.253
        2201000       1.637333           1678         0.9955         3493.3          1.238
        2202000       1.638222           1679         0.9955         3494.9          1.221
        2203000       1.638895           1679         0.9955         3496.5          1.271
        2204000       1.639509           1680         0.9955         3498.3          1.342
        2205000       1.640259           1680         0.9955         3500.0          1.275
        2206000       1.640916           1683         0.9955         3502.0          1.180
        2207000       1.641597           1683         0.9955         3503.8          1.161
        2208000       1.642298           1684         0.9955         3505.3          1.148
        2209000       1.642901           1685         0.9955         3506.8          1.186
        2210000       1.643787           1686         0.9955         3508.4          1.185
        2211000       1.644492           1686         0.9955         3509.8          1.233
        2212000       1.645205           1686         0.9955         3511.3          1.199
        2213000       1.645912           1686         0.9955         3512.8          1.156
        2214000       1.646503           1686         0.9955         3514.3          1.131
        2215000       1.647234           1687         0.9955         3515.7          1.185
        2216000       1.647942           1688         0.9955         3517.2          1.147
        2217000       1.648832           1690         0.9955         3518.7          1.231
        2218000       1.649460           1690         0.9955         3520.2          1.227
        2219000       1.650094           1690         0.9955         3521.6          1.217
        2220000       1.650829           1690         0.9955         3523.1          1.232
        2221000       1.651643           1691         0.9955         3524.5          1.211
        2222000       1.652494           1692         0.9955         3526.0          1.077
        2223000       1.653129           1693         0.9955         3527.5          1.071
        2224000       1.653961           1694         0.9955         3529.0          1.130
        2225000       1.654673           1694         0.9955         3530.5          1.185
        2226000       1.655299           1696         0.9955         3532.3          1.150
        2227000       1.656329           1696         0.9955         3534.1          1.129
        2228000       1.657043           1696         0.9955         3535.7          1.166
        2229000       1.657773           1698         0.9955         3537.2          1.251
        2230000       1.658604           1699         0.9955         3538.6          1.239
        2231000       1.659310           1699         0.9955         3540.2          1.299
        2232000       1.660106           1700         0.9955         3541.8          1.298
        2233000       1.660925           1700         0.9955         3543.3          1.247
        2234000       1.661614           1700         0.9955         3544.8          1.275
        2235000       1.662423           1702         0.9955         3546.3          1.303
        2236000       1.663083           1703         0.9955         3547.7          1.285
        2237000       1.664007           1704         0.9955         3549.3          1.205
        2238000       1.664814           1705         0.9955         3550.9          1.319
        2239000       1.665485           1706         0.9955         3552.3          1.304
        2240000       1.666202           1707         0.9955         3554.0          1.324
        2241000       1.666995           1708         0.9955         3555.6          1.313
        2242000       1.667792           1708         0.9955         3557.2          1.301
        2243000       1.668540           1708         0.9955         3558.8          1.292
        2244000       1.669157           1709         0.9955         3560.4          1.309
        2245000       1.669844           1710         0.9955         3561.8          1.419
        2246000       1.670628           1711         0.9955         3563.3          1.226
        2247000       1.671188           1712         0.9955         3564.7          1.212
        2248000       1.671939           1713         0.9955         3566.2          1.227
        2249000       1.672697           1714         0.9955         3567.7          1.243
        2250000       1.673364           1714         0.9955         3569.1          1.240
        2251000       1.673974           1716         0.9955         3570.6          1.223
        2252000       1.674657           1718         0.9955         3572.1          1.233
        2253000       1.675328           1718         0.9955         3573.5          1.256
        2254000       1.675988           1719         0.9955         3575.0          1.190
        2255000       1.676652           1720         0.9955         3576.6          1.143
        2256000       1.677390           1721         0.9955         3578.1          1.160
        2257000       1.678195           1722         0.9955         3579.6          1.088
        2258000       1.678980           1722         0.9955         3581.0          1.109
        2259000       1.679683           1724         0.9955         3582.6          1.129
        2260000       1.680416           1724         0.9955         3584.1          1.134
        2261000       1.681003           1725         0.9955         3585.6          1.049
        2262000       1.681768           1727         0.9955         3587.0          1.098
        2263000       1.682585           1728         0.9954         3588.5          1.106
        2264000       1.683334           1728         0.9954         3590.0          1.118
        2265000       1.684010           1729         0.9954         3591.4          1.082
        2266000       1.684692           1730         0.9954         3592.9          1.089
        2267000       1.685280           1732         0.9954         3594.5          1.175
        2268000       1.686082           1732         0.9954         3596.0          1.170
        2269000       1.686672           1733         0.9954         3597.5          1.106
        2270000       1.687368           1736         0.9954         3599.0          1.152
        2271000       1.688309           1736         0.9954         3600.5          1.188
        2272000       1.689074           1736         0.9954         3602.0          1.187
        2273000       1.690029           1737         0.9954         3603.5          1.245
        2274000       1.690759           1738         0.9954         3605.1          1.157
        2275000       1.691563           1739         0.9954         3606.6          1.208
        2276000       1.692380           1740         0.9954         3608.1          1.266
        2277000       1.693086           1740         0.9954         3609.6          1.277
        2278000       1.693817           1741         0.9954         3611.1          1.216
        2279000       1.694501           1742         0.9954         3612.7          1.229
        2280000       1.695130           1744         0.9954         3614.2          1.151
        2281000       1.695755           1744         0.9954         3615.9          1.168
        2282000       1.696617           1747         0.9954         3617.5          1.251
        2283000       1.697226           1747         0.9954         3619.1          1.265
        2284000       1.698207           1748         0.9954         3620.6          1.268
        2285000       1.698935           1748         0.9954         3622.1          1.311
        2286000       1.699878           1750         0.9954         3623.6          1.335
        2287000       1.700650           1750         0.9954         3625.2          1.358
        2288000       1.701268           1750         0.9954         3627.0          1.288
        2289000       1.702165           1750         0.9954         3628.6          1.299
        2290000       1.702834           1751         0.9954         3630.2          1.382
        2291000       1.703553           1752         0.9954         3631.6          1.368
        2292000       1.704325           1752         0.9954         3633.1          1.357
        2293000       1.705191           1752         0.9954         3634.7          1.364
        2294000       1.705826           1753         0.9954         3636.2          1.304
        2295000       1.706541           1753         0.9954         3637.6          1.318
        2296000       1.707236           1753         0.9954         3639.1          1.327
        2297000       1.708087           1754         0.9954         3640.9          1.329
        2298000       1.709069           1754         0.9954         3642.4          1.257
        2299000       1.709805           1755         0.9954         3643.8          1.277
        2300000       1.710482           1755         0.9954         3645.5          1.268
        2301000       1.711207           1757         0.9954         3647.2          1.286
        2302000       1.712065           1757         0.9954         3648.9          1.310
        2303000       1.712903           1757         0.9954         3650.9          1.368
        2304000       1.713679           1757         0.9954         3652.7          1.334
        2305000       1.714393           1757         0.9954         3654.2          1.256
        2306000       1.715181           1758         0.9954         3655.7          1.187
        2307000       1.715774           1759         0.9954         3657.3          1.187
        2308000       1.716469           1759         0.9954         3658.7          1.149
        2309000       1.717344           1759         0.9954         3660.2          1.150
        2310000       1.718079           1761         0.9954         3661.7          1.197
        2311000       1.718821           1761         0.9954         3663.3          1.213
        2312000       1.719480           1761         0.9954         3664.7          1.220
        2313000       1.720192           1761         0.9954         3666.2          1.246
        2314000       1.720973           1762         0.9954         3667.7          1.302
        2315000       1.721811           1764         0.9954         3669.2          1.293
        2316000       1.722497           1765         0.9954         3670.9          1.250
        2317000       1.723235           1767         0.9954         3672.4          1.285
        2318000       1.724068           1769         0.9954         3673.9          1.278
        2319000       1.724814           1770         0.9954         3675.4          1.231
        2320000       1.725548           1770         0.9954         3676.9          1.276
        2321000       1.726336           1771         0.9954         3678.5          1.306
        2322000       1.727125           1771         0.9954         3680.0          1.334
        2323000       1.727916           1772         0.9954         3681.5          1.338
        2324000       1.728654           1772         0.9954         3683.0          1.181
        2325000       1.729294           1772         0.9954         3684.5          1.125
        2326000       1.729996           1773         0.9954         3686.0          1.180
        2327000       1.730660           1773         0.9954         3687.4          1.089
        2328000       1.731366           1774         0.9954         3689.0          1.137
        2329000       1.732009           1775         0.9954         3690.6          1.165
        2330000       1.732737           1775         0.9954         3692.1          1.124
        2331000       1.733585           1775         0.9953         3693.7          1.277
        2332000       1.734390           1775         0.9953         3695.1          1.240
        2333000       1.735144           1775         0.9953         3696.8          1.126
        2334000       1.735973           1775         0.9953         3698.2          1.244
        2335000       1.736741           1777         0.9953         3699.9          1.191
        2336000       1.737503           1781         0.9953         3701.4          1.176
        2337000       1.738295           1781         0.9953         3703.0          1.205
        2338000       1.738961           1783         0.9953         3704.5          1.135
        2339000       1.739733           1783         0.9953         3705.9          1.222
        2340000       1.740532           1783         0.9953         3707.5          1.339
        2341000       1.741170           1783         0.9953         3709.0          1.267
        2342000       1.742016           1784         0.9953         3711.1          1.294
        2343000       1.742733           1786         0.9953         3712.7          1.324
        2344000       1.743596           1786         0.9953         3714.2          1.261
        2345000       1.744288           1786         0.9953         3715.7          1.324
        2346000       1.744952           1786         0.9953         3717.1          1.319
        2347000       1.745627           1786         0.9953         3718.6          1.386
        2348000       1.746260           1786         0.9953         3720.7          1.391
        2349000       1.746800           1786         0.9953         3722.2          1.291
        2350000       1.747502           1786         0.9953         3724.0          1.360
        2351000       1.748152           1787         0.9953         3726.0          1.351
        2352000       1.748896           1787         0.9953         3727.8          1.349
        2353000       1.749737           1788         0.9953         3729.2          1.358
        2354000       1.750419           1789         0.9953         3730.9          1.327
        2355000       1.751096           1789         0.9953         3732.6          1.379
        2356000       1.751777           1789         0.9953         3734.1          1.358
        2357000       1.752571           1789         0.9953         3735.8          1.342
        2358000       1.753218           1789         0.9953         3737.4          1.259
        2359000       1.754001           1791         0.9953         3739.0          1.307
        2360000       1.754718           1792         0.9953         3740.6          1.392
        2361000       1.755479           1792         0.9953         3742.3          1.288
        2362000       1.756372           1792         0.9953         3744.1          1.274
        2363000       1.757112           1793         0.9953         3746.1          1.246
        2364000       1.757775           1793         0.9953         3747.6          1.189
        2365000       1.758440           1794         0.9953         3749.4          1.286
        2366000       1.759157           1796         0.9953         3750.9          1.285
        2367000       1.759746           1796         0.9953         3753.0          1.288
        2368000       1.760539           1796         0.9953         3754.6          1.349
        2369000       1.761321           1796         0.9953         3756.3          1.313
        2370000       1.761975           1797         0.9953         3758.2          1.386
        2371000       1.762784           1797         0.9953         3759.8          1.406
        2372000       1.763530           1799         0.9953         3761.7          1.376
        2373000       1.764373           1800         0.9953         3763.4          1.386
        2374000       1.765082           1801         0.9953         3765.3          1.381
        2375000       1.765681           1802         0.9953         3767.4          1.394
        2376000       1.766413           1802         0.9953         3769.2          1.437
        2377000       1.767225           1803         0.9953         3771.3          1.405
        2378000       1.767973           1803         0.9953         3773.4          1.333
        2379000       1.768756           1804         0.9953         3775.5          1.375
        2380000       1.769564           1804         0.9953         3777.5          1.402
        2381000       1.770417           1806         0.9953         3779.1          1.358
        2382000       1.771149           1807         0.9953         3781.0          1.383
        2383000       1.771817           1807         0.9953         3783.4          1.480
        2384000       1.772647           1807         0.9953         3785.3          1.337
        2385000       1.773421           1808         0.9953         3787.2          1.354
        2386000       1.774101           1808         0.9953         3789.2          1.319
        2387000       1.774806           1809         0.9953         3791.3          1.362
        2388000       1.775531           1809         0.9953         3792.8          1.370
        2389000       1.776151           1810         0.9953         3795.6          1.305
        2390000       1.776844           1810         0.9952         3797.3          1.282
        2391000       1.777708           1810         0.9952         3799.0          1.361
        2392000       1.778589           1812         0.9952         3800.7          1.417
        2393000       1.779236           1812         0.9952         3802.8          1.410
        2394000       1.780023           1812         0.9952         3804.6          1.361
        2395000       1.780478           1813         0.9952         3807.1          1.297
        2396000       1.781234           1813         0.9952         3809.0          1.283
        2397000       1.782021           1813         0.9952         3810.5          1.288
        2398000       1.782710           1814         0.9952         3812.2          1.375
        2399000       1.783558           1815         0.9952         3813.9          1.384
        2400000       1.784177           1815         0.9952         3815.5          1.335
        2401000       1.785040           1817         0.9952         3817.4          1.296
        2402000       1.785917           1818         0.9952         3819.2          1.260
        2403000       1.786630           1820         0.9952         3820.7          1.260
        2404000       1.787324           1821         0.9952         3822.3          1.247
        2405000       1.788126           1821         0.9952         3823.8          1.232
        2406000       1.788825           1822         0.9952         3825.3          1.314
        2407000       1.789556           1823         0.9952         3826.8          1.327
        2408000       1.790275           1824         0.9952         3828.5          1.289
        2409000       1.791025           1826         0.9952         3830.3          1.272
        2410000       1.791741           1827         0.9952         3831.7          1.233
        2411000       1.792531           1827         0.9952         3833.5          1.369
        2412000       1.793243           1827         0.9952         3835.3          1.317
        2413000       1.794030           1828         0.9952         3836.9          1.355
        2414000       1.794914           1829         0.9952         3838.5          1.265
        2415000       1.795619           1829         0.9952         3840.1          1.317
        2416000       1.796323           1831         0.9952         3841.5          1.327
        2417000       1.797075           1831         0.9952         3843.8          1.308
        2418000       1.797806           1831         0.9952         3845.2          1.296
        2419000       1.798578           1832         0.9952         3846.8          1.310
        2420000       1.799287           1832         0.9952         3848.4          1.252
        2421000       1.800073           1833         0.9952         3849.9          1.242
        2422000       1.800753           1833         0.9952         3851.5          1.362
        2423000       1.801423           1834         0.9952         3853.3          1.334
        2424000       1.802226           1834         0.9952         3854.9          1.355
        2425000       1.802985           1836         0.9952         3856.5          1.292
        2426000       1.803693           1836         0.9952         3858.0          1.299
        2427000       1.804701           1836         0.9952         3859.6          1.332
        2428000       1.805324           1836         0.9952         3861.1          1.350
        2429000       1.805995           1837         0.9952         3863.0          1.225
        2430000       1.806700           1837         0.9952         3864.5          1.292
        2431000       1.807642           1837         0.9952         3866.2          1.332
        2432000       1.808486           1838         0.9952         3867.9          1.303
        2433000       1.809219           1840         0.9952         3869.6          1.356
        2434000       1.810110           1840         0.9952         3871.1          1.388
        2435000       1.810937           1841         0.9952         3873.2          1.391
        2436000       1.811831           1841         0.9952         3875.0          1.290
        2437000       1.812592           1841         0.9952         3876.6          1.385
        2438000       1.813405           1844         0.9952         3878.3          1.439
        2439000       1.813991           1845         0.9952         3880.3          1.465
        2440000       1.814719           1845         0.9952         3881.8          1.465
        2441000       1.815583           1845         0.9952         3883.8          1.463
        2442000       1.816530           1846         0.9952         3885.6          1.463
        2443000       1.817282           1846         0.9952         3887.7          1.463
        2444000       1.818167           1846         0.9952         3889.2          1.432
        2445000       1.818935           1846         0.9952         3890.9          1.426
        2446000       1.819531           1846         0.9952         3892.6          1.401
        2447000       1.820282           1847         0.9952         3894.4          1.470
        2448000       1.821059           1848         0.9952         3896.8          1.463
        2449000       1.821956           1848         0.9952         3898.6          1.460
        2450000       1.822787           1849         0.9952         3900.2          1.390
        2451000       1.823520           1849         0.9952         3902.4          1.358
        2452000       1.824218           1850         0.9952         3904.6          1.400
        2453000       1.824986           1850         0.9952         3906.1          1.333
        2454000       1.825605           1851         0.9952         3907.8          1.321
        2455000       1.826345           1851         0.9952         3909.7          1.321
        2456000       1.827115           1851         0.9952         3911.2          1.305
        2457000       1.827883           1853         0.9952         3912.9          1.320
        2458000       1.828596           1855         0.9952         3914.4          1.273
        2459000       1.829463           1857         0.9952         3916.5          1.315
        2460000       1.830193           1857         0.9952         3918.1          1.381
        2461000       1.831019           1857         0.9952         3919.7          1.403
        2462000       1.831783           1858         0.9952         3921.6          1.353
        2463000       1.832586           1858         0.9952         3923.3          1.352
        2464000       1.833300           1858         0.9952         3925.1          1.389
        2465000       1.833901           1858         0.9951         3926.7          1.293
        2466000       1.834609           1858         0.9951         3928.2          1.323
        2467000       1.835397           1859         0.9951         3929.9          1.434
        2468000       1.836171           1860         0.9951         3931.7          1.407
        2469000       1.837017           1862         0.9951         3933.2          1.344
        2470000       1.837806           1863         0.9951         3934.8          1.360
        2471000       1.838499           1863         0.9951         3936.5          1.323
        2472000       1.839280           1865         0.9951         3938.6          1.340
        2473000       1.839980           1866         0.9951         3940.1          1.279
        2474000       1.840795           1866         0.9951         3941.8          1.293
        2475000       1.841669           1866         0.9951         3943.4          1.306
        2476000       1.842342           1867         0.9951         3944.9          1.353
        2477000       1.843220           1867         0.9951         3946.9          1.425
        2478000       1.844117           1868         0.9951         3948.3          1.421
        2479000       1.844875           1868         0.9951         3950.1          1.493
        2480000       1.845610           1869         0.9951         3952.1          1.486
        2481000       1.846353           1869         0.9951         3953.8          1.472
        2482000       1.847158           1870         0.9951         3955.8          1.452
        2483000       1.847949           1871         0.9951         3957.9          1.483
        2484000       1.848805           1872         0.9951         3959.3          1.483
        2485000       1.849585           1873         0.9951         3961.3          1.425
        2486000       1.850426           1873         0.9951         3963.8          1.358
        2487000       1.851257           1874         0.9951         3965.4          1.377
        2488000       1.851921           1874         0.9951         3967.3          1.333
        2489000       1.852556           1877         0.9951         3968.9          1.470
        2490000       1.853274           1879         0.9951         3970.9          1.396
        2491000       1.854014           1882         0.9951         3972.5          1.402
        2492000       1.854670           1882         0.9951         3974.7          1.380
        2493000       1.855362           1883         0.9951         3976.7          1.351
        2494000       1.856261           1883         0.9951         3978.8          1.354
        2495000       1.857010           1883         0.9951         3980.4          1.434
        2496000       1.857828           1884         0.9951         3982.4          1.430
        2497000       1.858557           1884         0.9951         3984.1          1.423
        2498000       1.859198           1884         0.9951         3986.2          1.395
        2499000       1.859815           1886         0.9951         3988.3          1.487
        2500000       1.860712           1886         0.9951         3990.2          1.465
        2501000       1.861404           1887         0.9951         3992.1          1.355
        2502000       1.862259           1887         0.9951         3993.9          1.337
        2503000       1.862838           1888         0.9951         3995.4          1.303
        2504000       1.863827           1891         0.9951         3996.9          1.264
        2505000       1.864507           1892         0.9951         3998.8          1.316
        2506000       1.865210           1892         0.9951         4000.8          1.337
        2507000       1.865735           1895         0.9951         4002.5          1.341
        2508000       1.866585           1896         0.9951         4004.1          1.325
        2509000       1.867293           1898         0.9951         4006.4          1.431
        2510000       1.868108           1900         0.9951         4008.8          1.425
        2511000       1.868755           1900         0.9951         4010.7          1.461
        2512000       1.869318           1900         0.9951         4012.3          1.463
        2513000       1.870094           1902         0.9951         4014.4          1.386
        2514000       1.870802           1903         0.9951         4015.8          1.397
        2515000       1.871597           1906         0.9951         4017.6          1.402
        2516000       1.872265           1907         0.9951         4019.8          1.423
        2517000       1.873056           1908         0.9951         4022.0          1.475
        2518000       1.873849           1909         0.9951         4023.8          1.458
        2519000       1.874649           1910         0.9951         4025.6          1.428
        2520000       1.875407           1910         0.9951         4027.8          1.389
        2521000       1.876211           1911         0.9951         4029.6          1.420
        2522000       1.876986           1913         0.9951         4032.8          1.418
        2523000       1.877775           1913         0.9951         4034.6          1.454
        2524000       1.878572           1913         0.9951         4036.1          1.422
        2525000       1.879326           1915         0.9951         4037.8          1.335
        2526000       1.879997           1915         0.9951         4039.5          1.327
        2527000       1.880795           1915         0.9951         4041.4          1.369
        2528000       1.881579           1915         0.9951         4043.5          1.411
        2529000       1.882303           1917         0.9951         4045.1          1.432
        2530000       1.882847           1919         0.9951         4046.8          1.412
        2531000       1.883566           1919         0.9951         4048.5          1.280
        2532000       1.884233           1921         0.9951         4050.8          1.364
        2533000       1.885002           1922         0.9951         4053.1          1.451
        2534000       1.885689           1923         0.9951         4054.9          1.486
        2535000       1.886475           1923         0.9951         4056.6          1.491
        2536000       1.887197           1925         0.9951         4059.4          1.435
        2537000       1.888056           1927         0.9951         4061.0          1.465
        2538000       1.888784           1928         0.9951         4063.0          1.417
        2539000       1.889502           1930         0.9951         4064.8          1.485
        2540000       1.890234           1930         0.9951         4066.8          1.500
        2541000       1.891074           1930         0.9951         4069.0          1.451
        2542000       1.891837           1930         0.9951         4070.6          1.352
        2543000       1.892658           1930         0.9951         4072.7          1.388
        2544000       1.893384           1931         0.9950         4074.3          1.396
        2545000       1.894042           1932         0.9950         4075.7          1.443
        2546000       1.894633           1932         0.9950         4078.1          1.450
        2547000       1.895473           1932         0.9950         4080.9          1.401
        2548000       1.896234           1933         0.9950         4082.5          1.393
        2549000       1.896991           1933         0.9950         4084.1          1.430
        2550000       1.897823           1933         0.9950         4086.1          1.402
        2551000       1.898645           1934         0.9950         4087.9          1.413
        2552000       1.899437           1935         0.9950         4089.8          1.388
        2553000       1.900194           1936         0.9950         4091.9          1.414
        2554000       1.900945           1937         0.9950         4093.9          1.472
        2555000       1.901669           1938         0.9950         4095.8          1.483
        2556000       1.902445           1941         0.9950         4097.4          1.432
        2557000       1.903136           1942         0.9950         4099.6          1.440
        2558000       1.903892           1943         0.9950         4101.4          1.393
        2559000       1.904607           1944         0.9950         4103.3          1.416
        2560000       1.905508           1946         0.9950         4105.9          1.527
        2561000       1.906147           1946         0.9950         4108.4          1.526
        2562000       1.906967           1946         0.9950         4110.5          1.518
        2563000       1.907719           1946         0.9950         4112.2          1.521
        2564000       1.908447           1947         0.9950         4114.1          1.507
        2565000       1.909306           1947         0.9950         4116.5          1.535
        2566000       1.910119           1949         0.9950         4118.5          1.530
        2567000       1.910878           1949         0.9950         4120.3          1.534
        2568000       1.911582           1951         0.9950         4122.4          1.531
        2569000       1.912438           1952         0.9950         4124.1          1.511
        2570000       1.913254           1952         0.9950         4126.0          1.510
        2571000       1.913922           1954         0.9950         4128.0          1.513
        2572000       1.914844           1955         0.9950         4130.0          1.521
        2573000       1.915730           1955         0.9950         4131.8          1.490
        2574000       1.916455           1956         0.9950         4133.2          1.495
        2575000       1.917195           1956         0.9950         4135.5          1.502
        2576000       1.917928           1957         0.9950         4137.3          1.503
        2577000       1.918729           1957         0.9950         4139.2          1.490
        2578000       1.919390           1958         0.9950         4140.8          1.463
        2579000       1.920166           1958         0.9950         4142.9          1.521
        2580000       1.920955           1960         0.9950         4145.1          1.464
        2581000       1.921797           1960         0.9950         4147.2          1.343
        2582000       1.922338           1960         0.9950         4149.7          1.391
        2583000       1.922983           1960         0.9950         4151.7          1.399
        2584000       1.923718           1963         0.9950         4154.4          1.470
        2585000       1.924430           1964         0.9950         4156.3          1.410
        2586000       1.925184           1966         0.9950         4158.7          1.442
        2587000       1.925935           1966         0.9950         4160.6          1.455
        2588000       1.926616           1969         0.9950         4162.6          1.416
        2589000       1.927421           1970         0.9950         4164.6          1.436
        2590000       1.928280           1973         0.9950         4167.0          1.421
        2591000       1.928926           1973         0.9950         4169.7          1.420
        2592000       1.929747           1975         0.9950         4171.9          1.385
        2593000       1.930539           1975         0.9950         4173.7          1.398
        2594000       1.931299           1975         0.9950         4176.2          1.429
        2595000       1.932009           1975         0.9950         4178.4          1.452
        2596000       1.932835           1976         0.9950         4180.8          1.305
        2597000       1.933587           1977         0.9950         4182.7          1.322
        2598000       1.934283           1977         0.9950         4185.6          1.387
        2599000       1.935070           1977         0.9950         4188.1          1.454
        2600000       1.935791           1978         0.9950         4190.2          1.437
        2601000       1.936444           1978         0.9950         4192.8          1.438
        2602000       1.937104           1978         0.9950         4195.2          1.466
        2603000       1.937922           1979         0.9950         4197.0          1.476
        2604000       1.938489           1979         0.9950         4198.9          1.472
        2605000       1.939168           1980         0.9950         4200.9          1.446
        2606000       1.939815           1980         0.9950         4202.6          1.467
        2607000       1.940573           1980         0.9950         4204.8          1.475
        2608000       1.941474           1981         0.9950         4206.6          1.496
        2609000       1.942444           1981         0.9950         4209.7          1.463
        2610000       1.943312           1982         0.9950         4211.5          1.375
        2611000       1.944112           1983         0.9950         4213.3          1.388
        2612000       1.944819           1983         0.9950         4214.8          1.337
        2613000       1.945799           1983         0.9950         4217.0          1.404
        2614000       1.946573           1983         0.9950         4218.7          1.413
        2615000       1.947315           1985         0.9950         4220.9          1.414
        2616000       1.948000           1988         0.9950         4223.0          1.384
        2617000       1.948777           1988         0.9950         4225.1          1.492
        2618000       1.949538           1989         0.9950         4227.2          1.531
        2619000       1.950352           1990         0.9950         4229.0          1.534
        2620000       1.950984           1990         0.9950         4231.1          1.553
        2621000       1.951670           1990         0.9950         4233.1          1.545
        2622000       1.952403           1990         0.9950         4235.4          1.541
        2623000       1.953277           1990         0.9950         4237.8          1.541
        2624000       1.954003           1991         0.9950         4240.1          1.510
        2625000       1.954741           1991         0.9950         4242.4          1.502
        2626000       1.955636           1992         0.9950         4244.2          1.522
        2627000       1.956426           1992         0.9949         4246.2          1.518
        2628000       1.957254           1992         0.9949         4248.5          1.547
        2629000       1.958065           1993         0.9949         4250.9          1.555
        2630000       1.958862           1994         0.9949         4253.1          1.501
        2631000       1.959488           1995         0.9949         4255.4          1.514
        2632000       1.960236           1995         0.9949         4257.0          1.401
        2633000       1.960936           1996         0.9949         4260.0          1.407
        2634000       1.961682           1998         0.9949         4262.0          1.488
        2635000       1.962481           1999         0.9949         4263.7          1.453
        2636000       1.963182           2001         0.9949         4265.5          1.354
        2637000       1.963826           2003         0.9949         4267.1          1.381
        2638000       1.964606           2004         0.9949         4268.9          1.326
        2639000       1.965387           2004         0.9949         4270.6          1.349
        2640000       1.966251           2005         0.9949         4272.5          1.286
        2641000       1.966998           2006         0.9949         4274.1          1.275
        2642000       1.967739           2006         0.9949         4275.7          1.255
        2643000       1.968409           2006         0.9949         4277.1          1.217
        2644000       1.969196           2009         0.9949         4278.8          1.235
        2645000       1.969990           2009         0.9949         4280.6          1.303
        2646000       1.970769           2009         0.9949         4282.2          1.229
        2647000       1.971501           2010         0.9949         4283.8          1.265
        2648000       1.972246           2010         0.9949         4285.6          1.285
        2649000       1.973163           2012         0.9949         4287.4          1.410
        2650000       1.973974           2012         0.9949         4289.6          1.512
        2651000       1.974655           2012         0.9949         4292.3          1.513
        2652000       1.975426           2012         0.9949         4293.9          1.502
        2653000       1.976115           2012         0.9949         4295.4          1.518
        2654000       1.976813           2013         0.9949         4297.7          1.489
        2655000       1.977575           2013         0.9949         4299.8          1.531
        2656000       1.978388           2014         0.9949         4302.0          1.524
        2657000       1.979059           2014         0.9949         4304.8          1.525
        2658000       1.979936           2016         0.9949         4307.2          1.533
        2659000       1.980688           2016         0.9949         4309.2          1.516
        2660000       1.981612           2017         0.9949         4311.4          1.538
        2661000       1.982430           2018         0.9949         4313.4          1.443
        2662000       1.983164           2019         0.9949         4315.6          1.414
        2663000       1.983911           2020         0.9949         4317.3          1.384
        2664000       1.984746           2024         0.9949         4318.9          1.364
        2665000       1.985454           2024         0.9949         4320.7          1.341
        2666000       1.986262           2024         0.9949         4322.7          1.282
        2667000       1.987037           2024         0.9949         4324.5          1.349
        2668000       1.987681           2025         0.9949         4326.1          1.395
        2669000       1.988269           2025         0.9949         4327.7          1.410
        2670000       1.988893           2026         0.9949         4329.4          1.437
        2671000       1.989636           2028         0.9949         4331.5          1.453
        2672000       1.990319           2028         0.9949         4333.1          1.445
        2673000       1.991076           2028         0.9949         4334.8          1.417
        2674000       1.991943           2029         0.9949         4336.9          1.412
        2675000       1.992418           2029         0.9949         4338.5          1.356
        2676000       1.993162           2031         0.9949         4340.7          1.359
        2677000       1.993807           2031         0.9949         4342.3          1.382
        2678000       1.994614           2031         0.9949         4344.0          1.430
        2679000       1.995612           2031         0.9949         4346.0          1.342
        2680000       1.996525           2033         0.9949         4347.7          1.305
        2681000       1.997284           2034         0.9949         4349.3          1.380
        2682000       1.998124           2034         0.9949         4351.5          1.461
        2683000       1.998662           2035         0.9949         4354.1          1.493
        2684000       1.999435           2035         0.9949         4356.1          1.486
