KMC 1+1 simulation started

Simulation parameters:
=====================================================
       substrate_lattice_constant [A] = 2.71500
          adatom_lattice_constant [A] = 2.83000
             vertical_lat_spacing [A] = 2.86833
      spring_const_neighbors [eV/A/A] = 2.15025
 spring_const_next_neighbors [eV/A/A] = 1.07513
                     misfit_coeff [A] = 0.04236
                              D [1/s] = 5.19588e+12
                               E [eV] = 0.53000
                     bond_energy [eV] = 0.40000
                               grid_x = 500
                               grid_y = 80
                     substrate_height = 16
           local_relaxation_range_min = 10
           local_relaxation_range_max = 10
                     time_fluence [s] = 8.000
                  simulation_time [s] = 2.000
                      diffusion_range = 8
              deposition_speed [ML/s] = 0.160
                      temperature [K] = 700
=====================================================

           iter       sim_time      new_atoms         pr_acc   real_time[s]        duv_max
           1000       0.000772              3         1.0000            1.9          0.054
           2000       0.001144              4         1.0000            4.0          0.055
           3000       0.001255              4         1.0000            6.0          0.054
           4000       0.001337              4         1.0000            8.0          0.056
           5000       0.001561              4         1.0000           10.1          0.054
           6000       0.001627              4         1.0000           12.1          0.054
           7000       0.001693              4         1.0000           14.2          0.025
           8000       0.001752              4         1.0000           16.2          0.054
           9000       0.001917              4         1.0000           18.3          0.054
          10000       0.002017              4         1.0000           20.3          0.094
          11000       0.002425              4         1.0000           22.3          0.095
          12000       0.002564              4         1.0000           24.3          0.058
          13000       0.002642              4         1.0000           26.4          0.054
          14000       0.002723              4         1.0000           28.4          0.054
          15000       0.002805              4         1.0000           30.4          0.054
          16000       0.002972              4         1.0000           32.5          0.054
          17000       0.003054              4         1.0000           34.5          0.054
          18000       0.003350              5         1.0000           36.5          0.096
          19000       0.003497              5         1.0000           38.6          0.126
          20000       0.003869              6         1.0000           40.5          0.097
          21000       0.004248              6         1.0000           42.5          0.094
          22000       0.004664              6         1.0000           44.5          0.096
          23000       0.005044              7         1.0000           46.5          0.125
          24000       0.005522              7         1.0000           48.5          0.056
          25000       0.005759              8         1.0000           50.5          0.126
          26000       0.006296              9         0.9999           52.5          0.126
          27000       0.006427             10         0.9999           54.5          0.096
          28000       0.006658             10         0.9999           56.5          0.125
          29000       0.007081             10         0.9999           58.5          0.203
          30000       0.007194             10         0.9999           60.5          0.201
          31000       0.007347             10         0.9999           62.5          0.214
          32000       0.007472             10         0.9999           64.5          0.203
          33000       0.007632             10         0.9999           66.6          0.200
          34000       0.007748             11         0.9999           68.6          0.202
          35000       0.007853             11         0.9999           70.6          0.208
          36000       0.008097             11         0.9999           72.6          0.211
          37000       0.008484             12         0.9999           74.6          0.214
          38000       0.008736             13         0.9999           76.6          0.232
          39000       0.008834             13         0.9999           78.6          0.230
          40000       0.009094             13         0.9999           80.5          0.237
          41000       0.009355             13         0.9999           82.5          0.238
          42000       0.009598             14         0.9999           84.5          0.232
          43000       0.010122             14         0.9999           86.4          0.201
          44000       0.010465             16         0.9999           88.4          0.206
          45000       0.010789             18         0.9998           90.3          0.188
          46000       0.011147             18         0.9998           92.2          0.189
          47000       0.011322             18         0.9999           94.2          0.153
          48000       0.011633             19         0.9998           96.1          0.187
          49000       0.011979             21         0.9998           98.1          0.187
          50000       0.012097             21         0.9998          100.0          0.201
          51000       0.012423             22         0.9998          102.0          0.199
          52000       0.012769             23         0.9998          103.9          0.212
          53000       0.013084             24         0.9998          105.8          0.201
          54000       0.013357             24         0.9998          107.7          0.201
          55000       0.013650             24         0.9998          109.6          0.249
          56000       0.013799             24         0.9998          111.6          0.211
          57000       0.014143             24         0.9998          113.5          0.211
          58000       0.014521             24         0.9998          115.4          0.209
          59000       0.014716             24         0.9997          117.3          0.219
          60000       0.015094             27         0.9997          119.2          0.226
          61000       0.015210             27         0.9997          121.2          0.226
          62000       0.015463             27         0.9997          123.1          0.214
          63000       0.015771             27         0.9997          124.9          0.224
          64000       0.015923             27         0.9997          126.8          0.215
          65000       0.016242             27         0.9997          128.7          0.202
          66000       0.016423             28         0.9997          130.6          0.221
          67000       0.016761             28         0.9997          133.1          0.223
          68000       0.017014             29         0.9997          135.0          0.212
          69000       0.017224             29         0.9997          136.9          0.202
          70000       0.017460             29         0.9996          138.9          0.213
          71000       0.017706             31         0.9996          140.8          0.214
          72000       0.017904             31         0.9996          142.7          0.187
          73000       0.018112             32         0.9996          144.6          0.187
          74000       0.018482             32         0.9996          146.5          0.185
          75000       0.018713             32         0.9996          148.4          0.188
          76000       0.019020             33         0.9996          150.2          0.189
          77000       0.019383             34         0.9996          152.1          0.192
          78000       0.019588             34         0.9996          154.1          0.200
          79000       0.019867             34         0.9996          156.0          0.202
          80000       0.020216             34         0.9996          157.8          0.200
          81000       0.020390             34         0.9996          159.7          0.188
          82000       0.020544             34         0.9996          161.7          0.188
          83000       0.020680             34         0.9996          163.6          0.212
          84000       0.020790             34         0.9996          165.5          0.222
          85000       0.020866             35         0.9996          167.4          0.242
          86000       0.021010             35         0.9996          169.4          0.253
          87000       0.021085             35         0.9996          171.3          0.249
          88000       0.021193             35         0.9996          173.2          0.234
          89000       0.021602             36         0.9996          175.1          0.223
          90000       0.021812             36         0.9996          177.0          0.232
          91000       0.021942             36         0.9996          178.8          0.224
          92000       0.022206             37         0.9996          180.7          0.232
          93000       0.022376             37         0.9996          182.6          0.223
          94000       0.022646             38         0.9996          184.4          0.223
          95000       0.022860             40         0.9996          186.3          0.226
          96000       0.023161             40         0.9996          188.1          0.190
          97000       0.023473             41         0.9996          190.0          0.191
          98000       0.023679             41         0.9996          191.8          0.187
          99000       0.023843             41         0.9996          193.7          0.189
         100000       0.023995             41         0.9996          195.6          0.230
         101000       0.024146             41         0.9996          197.5          0.210
         102000       0.024316             41         0.9996          199.4          0.213
         103000       0.024528             41         0.9996          201.2          0.232
         104000       0.024693             41         0.9996          203.1          0.252
         105000       0.024805             41         0.9996          205.0          0.254
         106000       0.024978             42         0.9996          207.0          0.248
         107000       0.025264             43         0.9995          208.9          0.241
         108000       0.025607             43         0.9995          210.7          0.230
         109000       0.025804             44         0.9995          212.5          0.230
         110000       0.025960             44         0.9995          214.5          0.225
         111000       0.026112             45         0.9995          216.3          0.225
         112000       0.026194             45         0.9995          218.3          0.223
         113000       0.026440             45         0.9995          220.2          0.238
         114000       0.026831             45         0.9995          222.0          0.236
         115000       0.026949             47         0.9995          223.8          0.238
         116000       0.027284             49         0.9995          225.6          0.237
         117000       0.027453             52         0.9995          227.4          0.224
         118000       0.027617             52         0.9995          229.3          0.237
         119000       0.027960             53         0.9995          231.1          0.248
         120000       0.028265             54         0.9995          232.9          0.247
         121000       0.028545             55         0.9995          234.7          0.252
         122000       0.028775             56         0.9995          236.5          0.257
         123000       0.028897             56         0.9995          238.3          0.240
         124000       0.029013             56         0.9995          240.1          0.230
         125000       0.029216             56         0.9995          242.0          0.216
         126000       0.029463             57         0.9995          243.8          0.223
         127000       0.029770             57         0.9995          245.7          0.229
         128000       0.030026             57         0.9994          247.4          0.229
         129000       0.030243             57         0.9994          249.3          0.234
         130000       0.030472             58         0.9994          251.1          0.228
         131000       0.030721             58         0.9994          252.9          0.232
         132000       0.031008             58         0.9994          254.7          0.232
         133000       0.031254             58         0.9994          256.5          0.232
         134000       0.031374             59         0.9994          258.4          0.224
         135000       0.031563             59         0.9994          260.2          0.231
         136000       0.031810             60         0.9994          262.0          0.290
         137000       0.032096             60         0.9994          263.8          0.245
         138000       0.032308             61         0.9994          265.6          0.244
         139000       0.032554             63         0.9994          267.4          0.251
         140000       0.032784             63         0.9994          269.2          0.257
         141000       0.033019             63         0.9994          271.0          0.257
         142000       0.033218             63         0.9994          272.8          0.292
         143000       0.033445             64         0.9994          274.6          0.261
         144000       0.033553             64         0.9994          276.4          0.266
         145000       0.033787             66         0.9994          278.2          0.264
         146000       0.033973             68         0.9994          280.0          0.254
         147000       0.034119             68         0.9994          281.8          0.259
         148000       0.034381             68         0.9994          283.6          0.258
         149000       0.034638             68         0.9994          285.4          0.259
         150000       0.034873             69         0.9994          287.2          0.268
         151000       0.035144             69         0.9994          289.0          0.259
         152000       0.035314             69         0.9994          290.8          0.260
         153000       0.035529             69         0.9994          292.6          0.260
         154000       0.035856             70         0.9994          294.4          0.262
         155000       0.036045             70         0.9994          296.2          0.272
         156000       0.036296             70         0.9994          297.9          0.274
         157000       0.036553             71         0.9994          299.7          0.280
         158000       0.036763             71         0.9994          301.5          0.278
         159000       0.036868             71         0.9994          303.4          0.283
         160000       0.037109             72         0.9994          305.3          0.278
         161000       0.037482             73         0.9994          307.0          0.259
         162000       0.037594             73         0.9994          308.8          0.269
         163000       0.037856             74         0.9994          310.5          0.276
         164000       0.038102             75         0.9994          312.4          0.275
         165000       0.038297             75         0.9994          314.2          0.280
         166000       0.038635             75         0.9994          316.0          0.278
         167000       0.038934             75         0.9994          317.8          0.279
         168000       0.039128             76         0.9994          319.6          0.281
         169000       0.039366             76         0.9994          321.4          0.279
         170000       0.039646             78         0.9993          323.2          0.279
         171000       0.039750             78         0.9993          325.0          0.279
         172000       0.040080             78         0.9993          326.8          0.277
         173000       0.040139             78         0.9994          328.7          0.270
         174000       0.040299             78         0.9994          330.5          0.271
         175000       0.040544             78         0.9993          332.3          0.284
         176000       0.040777             78         0.9993          334.1          0.280
         177000       0.040875             78         0.9993          336.0          0.287
         178000       0.041005             78         0.9993          337.8          0.286
         179000       0.041243             78         0.9993          339.6          0.283
         180000       0.041383             78         0.9993          341.4          0.295
         181000       0.041518             78         0.9993          343.3          0.302
         182000       0.041826             78         0.9993          345.0          0.299
         183000       0.042020             78         0.9993          346.8          0.297
         184000       0.042156             78         0.9993          348.6          0.299
         185000       0.042475             79         0.9993          350.4          0.305
         186000       0.042623             79         0.9993          352.2          0.305
         187000       0.043020             81         0.9993          353.9          0.296
         188000       0.043228             81         0.9993          355.6          0.293
         189000       0.043430             81         0.9993          357.4          0.293
         190000       0.043623             81         0.9993          359.3          0.292
         191000       0.043876             82         0.9993          361.1          0.296
         192000       0.044002             83         0.9993          362.9          0.296
         193000       0.044271             85         0.9993          364.6          0.297
         194000       0.044441             85         0.9993          366.3          0.297
         195000       0.044560             86         0.9993          368.1          0.302
         196000       0.044816             86         0.9993          369.9          0.301
         197000       0.045032             86         0.9993          371.6          0.302
         198000       0.045251             87         0.9993          373.4          0.301
         199000       0.045393             87         0.9993          375.1          0.298
         200000       0.045476             87         0.9993          377.0          0.295
         201000       0.045626             87         0.9993          378.8          0.286
         202000       0.045999             88         0.9993          380.5          0.293
         203000       0.046233             88         0.9993          382.2          0.290
         204000       0.046529             88         0.9993          384.0          0.292
         205000       0.046712             88         0.9993          385.8          0.292
         206000       0.046929             88         0.9993          387.5          0.318
         207000       0.047211             88         0.9993          389.3          0.315
         208000       0.047480             88         0.9993          391.1          0.293
         209000       0.047760             90         0.9993          392.9          0.289
         210000       0.048023             91         0.9993          394.7          0.289
         211000       0.048209             91         0.9993          396.5          0.296
         212000       0.048434             93         0.9993          398.2          0.323
         213000       0.048570             95         0.9993          400.0          0.355
         214000       0.048794             95         0.9993          401.8          0.301
         215000       0.049004             95         0.9993          403.6          0.298
         216000       0.049174             95         0.9993          405.4          0.293
         217000       0.049447             95         0.9993          407.1          0.333
         218000       0.049746             95         0.9993          408.8          0.289
         219000       0.049967             95         0.9993          410.6          0.285
         220000       0.050113             96         0.9993          412.4          0.280
         221000       0.050252             96         0.9993          414.3          0.290
         222000       0.050436             97         0.9993          416.0          0.287
         223000       0.050718             99         0.9993          417.7          0.333
         224000       0.050792             99         0.9993          419.6          0.341
         225000       0.050960             99         0.9993          421.4          0.343
         226000       0.051075             99         0.9993          423.2          0.356
         227000       0.051293            100         0.9993          425.0          0.308
         228000       0.051605            100         0.9993          426.8          0.308
         229000       0.051871            100         0.9993          428.5          0.302
         230000       0.052096            103         0.9993          430.3          0.285
         231000       0.052249            103         0.9993          432.1          0.288
         232000       0.052427            103         0.9993          434.3          0.295
         233000       0.052676            103         0.9993          436.1          0.295
         234000       0.052836            103         0.9993          437.8          0.379
         235000       0.053144            103         0.9993          439.6          0.386
         236000       0.053372            103         0.9993          441.3          0.330
         237000       0.053500            105         0.9992          443.1          0.372
         238000       0.053797            105         0.9992          444.9          0.401
         239000       0.053952            105         0.9992          446.7          0.354
         240000       0.054133            105         0.9992          448.5          0.349
         241000       0.054311            105         0.9992          450.3          0.348
         242000       0.054499            106         0.9992          452.2          0.403
         243000       0.054709            106         0.9992          453.9          0.398
         244000       0.054987            108         0.9992          455.6          0.407
         245000       0.055238            108         0.9992          457.4          0.402
         246000       0.055434            108         0.9992          459.2          0.411
         247000       0.055722            109         0.9992          460.9          0.318
         248000       0.055991            110         0.9992          462.6          0.335
         249000       0.056168            111         0.9992          464.4          0.352
         250000       0.056475            111         0.9992          466.1          0.310
         251000       0.056710            111         0.9992          467.8          0.320
         252000       0.057029            111         0.9992          469.5          0.349
         253000       0.057363            112         0.9992          471.2          0.387
         254000       0.057620            112         0.9992          473.0          0.397
         255000       0.057804            112         0.9992          474.7          0.398
         256000       0.058036            113         0.9992          476.4          0.406
         257000       0.058227            113         0.9992          478.3          0.343
         258000       0.058449            113         0.9992          480.0          0.334
         259000       0.058688            115         0.9992          481.7          0.416
         260000       0.058969            116         0.9992          483.4          0.355
         261000       0.059211            116         0.9992          485.3          0.328
         262000       0.059432            116         0.9992          487.0          0.369
         263000       0.059670            116         0.9992          488.7          0.429
         264000       0.059843            117         0.9992          490.4          0.375
         265000       0.059996            118         0.9992          492.2          0.422
         266000       0.060271            118         0.9992          493.9          0.346
         267000       0.060468            119         0.9992          495.6          0.384
         268000       0.060609            120         0.9992          497.4          0.350
         269000       0.060884            122         0.9991          499.1          0.405
         270000       0.061042            124         0.9991          500.9          0.346
         271000       0.061306            124         0.9991          502.6          0.328
         272000       0.061477            124         0.9991          504.3          0.339
         273000       0.061685            125         0.9991          506.0          0.400
         274000       0.061926            125         0.9991          507.7          0.337
         275000       0.062196            125         0.9991          509.4          0.398
         276000       0.062382            126         0.9991          511.2          0.349
         277000       0.062583            126         0.9991          512.9          0.358
         278000       0.062775            126         0.9991          514.6          0.323
         279000       0.063006            126         0.9991          516.4          0.337
         280000       0.063211            126         0.9991          518.1          0.346
         281000       0.063433            127         0.9991          519.8          0.371
         282000       0.063558            128         0.9991          521.6          0.369
         283000       0.063728            128         0.9991          523.3          0.366
         284000       0.063903            131         0.9991          525.1          0.396
         285000       0.064121            134         0.9991          526.7          0.408
         286000       0.064470            134         0.9991          528.4          0.327
         287000       0.064766            134         0.9991          530.1          0.322
         288000       0.064971            134         0.9991          531.8          0.315
         289000       0.065125            134         0.9991          533.6          0.345
         290000       0.065311            134         0.9991          535.3          0.435
         291000       0.065507            134         0.9991          537.0          0.423
         292000       0.065690            135         0.9991          538.7          0.432
         293000       0.065792            135         0.9991          540.5          0.367
         294000       0.066104            135         0.9991          542.2          0.337
         295000       0.066399            135         0.9991          543.9          0.409
         296000       0.066618            135         0.9991          545.5          0.343
         297000       0.066845            135         0.9991          547.2          0.333
         298000       0.067041            136         0.9990          548.9          0.409
         299000       0.067312            136         0.9990          550.6          0.328
         300000       0.067580            136         0.9990          552.3          0.358
         301000       0.067853            136         0.9990          553.9          0.367
         302000       0.068053            137         0.9990          555.6          0.356
         303000       0.068333            137         0.9990          557.4          0.362
         304000       0.068510            137         0.9990          559.1          0.359
         305000       0.068775            137         0.9990          560.8          0.336
         306000       0.068968            137         0.9990          562.5          0.357
         307000       0.069127            137         0.9990          564.3          0.408
         308000       0.069321            137         0.9990          566.1          0.380
         309000       0.069556            137         0.9990          567.8          0.327
         310000       0.069711            137         0.9990          569.5          0.316
         311000       0.070033            138         0.9990          571.2          0.322
         312000       0.070296            139         0.9990          572.9          0.415
         313000       0.070490            139         0.9990          574.6          0.404
         314000       0.070691            139         0.9990          576.3          0.353
         315000       0.070898            139         0.9990          578.0          0.412
         316000       0.071071            139         0.9990          579.7          0.412
         317000       0.071228            139         0.9990          581.5          0.405
         318000       0.071407            139         0.9990          583.2          0.359
         319000       0.071582            139         0.9990          584.9          0.361
         320000       0.071924            140         0.9990          586.6          0.420
         321000       0.072184            140         0.9990          588.3          0.411
         322000       0.072380            140         0.9990          590.0          0.373
         323000       0.072609            140         0.9990          591.7          0.369
         324000       0.072868            140         0.9990          593.4          0.425
         325000       0.073147            140         0.9990          595.1          0.423
         326000       0.073375            140         0.9990          596.8          0.374
         327000       0.073630            140         0.9990          598.5          0.433
         328000       0.073792            141         0.9990          600.3          0.353
         329000       0.073980            141         0.9990          602.0          0.393
         330000       0.074145            142         0.9990          603.8          0.439
         331000       0.074311            142         0.9990          605.5          0.332
         332000       0.074517            142         0.9989          607.2          0.346
         333000       0.074645            142         0.9989          608.9          0.357
         334000       0.074922            143         0.9989          611.4          0.387
         335000       0.075230            143         0.9989          613.0          0.351
         336000       0.075467            144         0.9989          614.7          0.398
         337000       0.075776            144         0.9989          616.4          0.340
         338000       0.076074            144         0.9989          618.1          0.353
         339000       0.076346            144         0.9989          619.8          0.311
         340000       0.076559            145         0.9989          621.5          0.322
         341000       0.076877            146         0.9989          623.2          0.297
         342000       0.077141            146         0.9989          624.9          0.355
         343000       0.077275            146         0.9989          626.6          0.335
         344000       0.077547            147         0.9989          628.3          0.339
         345000       0.077761            147         0.9989          630.0          0.369
         346000       0.078032            147         0.9989          631.7          0.422
         347000       0.078247            147         0.9989          633.4          0.380
         348000       0.078426            149         0.9989          635.2          0.418
         349000       0.078722            150         0.9989          636.9          0.426
         350000       0.078878            152         0.9989          638.6          0.381
         351000       0.079092            152         0.9989          640.4          0.433
         352000       0.079295            152         0.9989          642.1          0.431
         353000       0.079557            152         0.9989          643.8          0.367
         354000       0.079676            152         0.9989          645.6          0.369
         355000       0.079880            154         0.9989          647.3          0.440
         356000       0.080077            155         0.9989          649.0          0.340
         357000       0.080330            155         0.9989          650.6          0.316
         358000       0.080524            156         0.9989          652.3          0.308
         359000       0.080674            156         0.9988          654.0          0.309
         360000       0.080928            156         0.9989          655.7          0.302
         361000       0.081138            157         0.9988          657.4          0.301
         362000       0.081301            158         0.9988          659.1          0.300
         363000       0.081570            159         0.9988          660.7          0.300
         364000       0.081815            159         0.9988          662.4          0.301
         365000       0.081967            159         0.9988          664.2          0.301
         366000       0.082212            159         0.9988          665.8          0.303
         367000       0.082329            159         0.9988          667.6          0.298
         368000       0.082530            159         0.9988          669.3          0.300
         369000       0.082826            159         0.9988          671.0          0.302
         370000       0.082966            161         0.9988          672.7          0.303
         371000       0.083226            161         0.9988          674.4          0.304
         372000       0.083385            162         0.9988          676.1          0.303
         373000       0.083645            162         0.9988          677.8          0.300
         374000       0.083829            162         0.9988          679.6          0.308
         375000       0.084037            162         0.9988          681.3          0.310
         376000       0.084311            163         0.9988          682.9          0.309
         377000       0.084536            163         0.9988          684.6          0.305
         378000       0.084728            164         0.9988          686.3          0.308
         379000       0.084929            164         0.9988          688.0          0.299
         380000       0.085107            164         0.9988          689.7          0.337
         381000       0.085279            164         0.9988          691.4          0.392
         382000       0.085451            164         0.9988          693.2          0.384
         383000       0.085640            164         0.9988          694.9          0.388
         384000       0.085797            165         0.9988          696.6          0.388
         385000       0.086033            165         0.9988          698.3          0.321
         386000       0.086260            165         0.9988          700.0          0.316
         387000       0.086476            165         0.9988          701.7          0.356
         388000       0.086735            165         0.9988          703.3          0.326
         389000       0.087053            165         0.9988          705.0          0.365
         390000       0.087305            165         0.9988          706.7          0.375
         391000       0.087379            165         0.9988          708.5          0.375
         392000       0.087597            166         0.9988          710.2          0.352
         393000       0.087753            166         0.9988          711.9          0.366
         394000       0.087976            166         0.9988          713.6          0.339
         395000       0.088180            167         0.9988          715.3          0.377
         396000       0.088350            167         0.9988          716.9          0.384
         397000       0.088600            167         0.9988          718.7          0.330
         398000       0.088767            167         0.9988          720.4          0.308
         399000       0.089017            168         0.9988          722.1          0.300
         400000       0.089161            168         0.9988          723.8          0.323
         401000       0.089415            168         0.9988          725.5          0.315
         402000       0.089595            168         0.9988          727.3          0.305
         403000       0.089801            169         0.9988          729.0          0.299
         404000       0.090064            170         0.9988          730.7          0.315
         405000       0.090242            171         0.9988          732.5          0.319
         406000       0.090430            172         0.9988          735.0          0.312
         407000       0.090716            172         0.9988          736.7          0.322
         408000       0.090864            172         0.9988          738.4          0.321
         409000       0.091039            172         0.9988          740.1          0.325
         410000       0.091233            173         0.9988          741.8          0.350
         411000       0.091427            175         0.9988          743.5          0.323
         412000       0.091582            175         0.9988          745.2          0.322
         413000       0.091850            175         0.9988          746.9          0.332
         414000       0.092145            175         0.9988          748.6          0.330
         415000       0.092321            175         0.9988          750.3          0.334
         416000       0.092487            175         0.9988          752.0          0.358
         417000       0.092671            175         0.9988          753.8          0.333
         418000       0.092855            176         0.9988          755.5          0.323
         419000       0.093010            176         0.9988          757.3          0.324
         420000       0.093235            176         0.9988          759.0          0.329
         421000       0.093410            176         0.9988          760.7          0.316
         422000       0.093613            176         0.9988          762.4          0.314
         423000       0.093742            177         0.9988          764.1          0.313
         424000       0.093875            177         0.9988          765.9          0.362
         425000       0.094050            177         0.9988          767.6          0.330
         426000       0.094240            177         0.9987          769.3          0.380
         427000       0.094404            177         0.9987          771.0          0.312
         428000       0.094600            178         0.9987          772.7          0.305
         429000       0.094783            178         0.9987          774.5          0.302
         430000       0.094969            178         0.9987          776.2          0.305
         431000       0.095190            179         0.9987          777.8          0.301
         432000       0.095343            179         0.9987          779.6          0.307
         433000       0.095541            180         0.9987          781.3          0.290
         434000       0.095656            181         0.9987          783.0          0.305
         435000       0.095878            181         0.9987          784.7          0.304
         436000       0.096063            182         0.9987          786.5          0.291
         437000       0.096178            182         0.9987          788.2          0.300
         438000       0.096379            182         0.9987          789.8          0.306
         439000       0.096650            182         0.9987          791.5          0.304
         440000       0.096826            182         0.9987          793.2          0.309
         441000       0.097011            182         0.9987          794.9          0.307
         442000       0.097204            182         0.9987          796.9          0.302
         443000       0.097401            182         0.9987          798.6          0.299
         444000       0.097612            182         0.9987          800.3          0.293
         445000       0.097749            182         0.9987          802.1          0.294
         446000       0.097996            183         0.9987          803.8          0.292
         447000       0.098191            184         0.9987          805.5          0.290
         448000       0.098424            184         0.9987          807.1          0.300
         449000       0.098647            186         0.9987          808.8          0.300
         450000       0.098847            186         0.9987          810.5          0.303
         451000       0.099065            187         0.9987          812.1          0.307
         452000       0.099220            188         0.9987          813.8          0.303
         453000       0.099401            189         0.9987          815.5          0.303
         454000       0.099548            190         0.9987          817.2          0.311
         455000       0.099657            190         0.9987          819.0          0.304
         456000       0.099961            190         0.9987          820.6          0.305
         457000       0.100264            190         0.9987          822.3          0.321
         458000       0.100487            190         0.9987          824.0          0.299
         459000       0.100682            190         0.9987          825.7          0.300
         460000       0.100855            191         0.9987          827.3          0.298
         461000       0.101093            193         0.9987          829.0          0.296
         462000       0.101333            193         0.9987          830.7          0.291
         463000       0.101573            194         0.9987          832.3          0.299
         464000       0.101781            195         0.9987          834.0          0.314
         465000       0.101926            195         0.9987          835.7          0.302
         466000       0.102032            195         0.9987          837.5          0.309
         467000       0.102229            195         0.9987          839.1          0.307
         468000       0.102393            195         0.9987          840.8          0.309
         469000       0.102638            195         0.9987          842.5          0.310
         470000       0.102772            196         0.9987          844.2          0.321
         471000       0.102979            196         0.9987          845.9          0.318
         472000       0.103162            196         0.9987          847.6          0.311
         473000       0.103398            196         0.9987          849.3          0.297
         474000       0.103568            197         0.9987          851.1          0.302
         475000       0.103730            197         0.9987          852.8          0.305
         476000       0.103941            198         0.9987          854.4          0.308
         477000       0.104157            198         0.9987          856.1          0.311
         478000       0.104320            198         0.9987          857.8          0.308
         479000       0.104492            198         0.9987          859.5          0.306
         480000       0.104670            198         0.9987          861.1          0.316
         481000       0.104900            198         0.9987          862.8          0.349
         482000       0.105086            198         0.9987          864.5          0.370
         483000       0.105339            199         0.9987          866.1          0.443
         484000       0.105628            201         0.9987          867.8          0.423
         485000       0.105881            203         0.9987          869.5          0.437
         486000       0.106065            203         0.9987          871.2          0.397
         487000       0.106246            204         0.9987          872.9          0.398
         488000       0.106445            204         0.9987          874.6          0.402
         489000       0.106569            204         0.9987          876.2          0.369
         490000       0.106794            205         0.9987          877.9          0.385
         491000       0.107013            205         0.9987          879.6          0.454
         492000       0.107192            205         0.9986          881.3          0.328
         493000       0.107434            205         0.9987          882.9          0.324
         494000       0.107591            205         0.9986          884.6          0.315
         495000       0.107735            205         0.9986          886.3          0.319
         496000       0.107937            205         0.9986          887.9          0.322
         497000       0.108229            207         0.9986          889.6          0.365
         498000       0.108401            207         0.9986          891.2          0.363
         499000       0.108575            207         0.9986          892.9          0.357
         500000       0.108835            207         0.9986          894.6          0.383
         501000       0.108954            208         0.9986          896.3          0.376
         502000       0.109135            208         0.9986          897.9          0.381
         503000       0.109311            208         0.9986          899.6          0.386
         504000       0.109524            208         0.9986          901.2          0.445
         505000       0.109736            208         0.9986          902.9          0.418
         506000       0.109935            209         0.9986          904.6          0.352
         507000       0.110118            209         0.9986          906.2          0.346
         508000       0.110324            210         0.9986          907.9          0.389
         509000       0.110508            211         0.9986          909.5          0.414
         510000       0.110709            212         0.9986          911.2          0.369
         511000       0.110888            212         0.9986          912.9          0.401
         512000       0.111060            212         0.9986          914.6          0.461
         513000       0.111318            212         0.9986          916.2          0.472
         514000       0.111526            213         0.9986          917.8          0.368
         515000       0.111795            214         0.9986          919.5          0.449
         516000       0.111968            214         0.9986          921.2          0.337
         517000       0.112213            215         0.9986          922.8          0.382
         518000       0.112420            215         0.9986          924.5          0.318
         519000       0.112627            215         0.9986          926.1          0.365
         520000       0.112805            215         0.9986          927.8          0.331
         521000       0.113076            215         0.9986          929.4          0.345
         522000       0.113293            216         0.9986          931.0          0.315
         523000       0.113497            216         0.9986          932.7          0.316
         524000       0.113639            216         0.9986          934.4          0.314
         525000       0.113827            216         0.9986          936.1          0.306
         526000       0.114042            216         0.9986          937.7          0.324
         527000       0.114203            216         0.9986          939.4          0.379
         528000       0.114402            216         0.9986          941.1          0.368
         529000       0.114614            216         0.9986          942.7          0.370
         530000       0.114830            216         0.9986          944.4          0.338
         531000       0.115114            216         0.9986          946.0          0.356
         532000       0.115298            216         0.9986          947.7          0.361
         533000       0.115432            217         0.9986          949.4          0.371
         534000       0.115580            218         0.9986          951.0          0.450
         535000       0.115751            218         0.9986          952.7          0.421
         536000       0.116008            218         0.9986          954.4          0.431
         537000       0.116195            218         0.9986          956.0          0.390
         538000       0.116388            219         0.9986          957.6          0.466
         539000       0.116612            219         0.9986          959.3          0.387
         540000       0.116863            221         0.9986          960.9          0.473
         541000       0.117030            221         0.9986          962.6          0.398
         542000       0.117240            221         0.9986          964.3          0.487
         543000       0.117443            221         0.9986          966.0          0.434
         544000       0.117682            222         0.9986          967.7          0.484
         545000       0.117942            222         0.9986          969.3          0.427
         546000       0.118135            222         0.9986          971.6          0.428
         547000       0.118345            222         0.9986          973.3          0.364
         548000       0.118554            222         0.9986          974.9          0.395
         549000       0.118685            222         0.9986          976.6          0.375
         550000       0.118938            223         0.9986          978.2          0.427
         551000       0.119125            223         0.9986          979.9          0.380
         552000       0.119468            224         0.9986          981.5          0.428
         553000       0.119627            224         0.9986          983.2          0.383
         554000       0.119772            224         0.9986          984.8          0.395
         555000       0.119984            224         0.9986          986.5          0.354
         556000       0.120173            224         0.9985          988.2          0.376
         557000       0.120432            225         0.9985          989.8          0.381
         558000       0.120605            225         0.9985          991.5          0.404
         559000       0.120775            225         0.9985          993.1          0.416
         560000       0.120998            226         0.9985          994.8          0.414
         561000       0.121206            226         0.9985          996.4          0.330
         562000       0.121415            226         0.9985          998.0          0.427
         563000       0.121603            227         0.9985          999.7          0.440
         564000       0.121788            227         0.9985         1001.3          0.412
         565000       0.122005            227         0.9985         1003.0          0.395
         566000       0.122236            227         0.9985         1004.6          0.387
         567000       0.122456            227         0.9985         1006.3          0.389
         568000       0.122702            228         0.9985         1007.9          0.443
         569000       0.122905            229         0.9985         1009.6          0.440
         570000       0.123120            229         0.9985         1011.2          0.430
         571000       0.123399            231         0.9985         1012.9          0.383
         572000       0.123645            232         0.9985         1014.5          0.355
         573000       0.123812            232         0.9985         1016.2          0.403
         574000       0.123990            233         0.9985         1017.9          0.410
         575000       0.124150            234         0.9985         1019.6          0.372
         576000       0.124411            234         0.9985         1021.2          0.360
         577000       0.124663            235         0.9985         1022.8          0.340
         578000       0.124820            235         0.9985         1024.5          0.388
         579000       0.125015            235         0.9985         1026.2          0.414
         580000       0.125215            235         0.9985         1027.8          0.405
         581000       0.125392            235         0.9985         1029.5          0.360
         582000       0.125577            235         0.9985         1031.2          0.390
         583000       0.125810            235         0.9985         1032.9          0.406
         584000       0.125965            235         0.9985         1034.5          0.376
         585000       0.126142            236         0.9985         1036.2          0.372
         586000       0.126343            236         0.9985         1037.9          0.446
         587000       0.126510            237         0.9985         1039.5          0.507
         588000       0.126656            237         0.9985         1041.2          0.453
         589000       0.126874            237         0.9985         1042.8          0.504
         590000       0.127071            238         0.9985         1044.4          0.492
         591000       0.127276            239         0.9985         1046.1          0.428
         592000       0.127463            239         0.9985         1047.7          0.381
         593000       0.127620            239         0.9985         1049.4          0.407
         594000       0.127813            239         0.9985         1051.0          0.452
         595000       0.127957            240         0.9985         1052.6          0.509
         596000       0.128138            241         0.9985         1054.3          0.462
         597000       0.128388            241         0.9985         1056.0          0.506
         598000       0.128636            242         0.9985         1057.6          0.405
         599000       0.128861            243         0.9985         1059.3          0.430
         600000       0.129003            244         0.9985         1061.0          0.456
         601000       0.129298            245         0.9985         1062.6          0.515
         602000       0.129514            245         0.9985         1064.2          0.512
         603000       0.129723            245         0.9985         1065.9          0.462
         604000       0.129959            245         0.9985         1067.5          0.460
         605000       0.130132            245         0.9985         1069.2          0.508
         606000       0.130321            248         0.9985         1070.8          0.397
         607000       0.130489            249         0.9985         1072.5          0.388
         608000       0.130636            249         0.9985         1074.1          0.440
         609000       0.130822            250         0.9985         1075.7          0.498
         610000       0.131049            250         0.9985         1077.4          0.485
         611000       0.131262            251         0.9985         1079.0          0.422
         612000       0.131451            251         0.9985         1080.6          0.418
         613000       0.131626            252         0.9985         1082.3          0.408
         614000       0.131898            252         0.9985         1083.9          0.377
         615000       0.132057            252         0.9985         1085.6          0.354
         616000       0.132255            252         0.9985         1087.2          0.361
         617000       0.132515            252         0.9985         1088.8          0.495
         618000       0.132690            252         0.9985         1090.5          0.424
         619000       0.132826            252         0.9985         1092.2          0.445
         620000       0.133062            254         0.9984         1093.8          0.499
         621000       0.133251            255         0.9984         1095.4          0.506
         622000       0.133487            255         0.9984         1097.1          0.456
         623000       0.133650            255         0.9984         1098.7          0.498
         624000       0.133824            256         0.9984         1100.4          0.407
         625000       0.134020            256         0.9984         1102.0          0.364
         626000       0.134211            256         0.9984         1103.7          0.353
         627000       0.134406            256         0.9984         1105.4          0.341
         628000       0.134601            256         0.9984         1107.0          0.331
         629000       0.134870            256         0.9984         1108.6          0.334
         630000       0.135067            257         0.9984         1110.3          0.339
         631000       0.135239            258         0.9984         1111.9          0.330
         632000       0.135450            258         0.9984         1113.6          0.338
         633000       0.135613            259         0.9984         1115.2          0.350
         634000       0.135806            260         0.9984         1116.9          0.385
         635000       0.136018            261         0.9984         1118.5          0.392
         636000       0.136211            262         0.9984         1120.1          0.355
         637000       0.136459            263         0.9984         1121.8          0.487
         638000       0.136639            264         0.9984         1123.4          0.480
         639000       0.136892            264         0.9984         1125.0          0.492
         640000       0.137099            266         0.9984         1126.6          0.356
         641000       0.137270            266         0.9984         1128.3          0.431
         642000       0.137458            266         0.9984         1129.9          0.397
         643000       0.137706            266         0.9984         1131.6          0.384
         644000       0.137842            266         0.9984         1133.2          0.343
         645000       0.138024            266         0.9984         1134.8          0.337
         646000       0.138228            266         0.9984         1136.4          0.351
         647000       0.138410            266         0.9984         1138.1          0.358
         648000       0.138593            266         0.9984         1139.7          0.422
         649000       0.138770            267         0.9984         1141.4          0.369
         650000       0.138954            267         0.9984         1143.0          0.417
         651000       0.139147            267         0.9984         1144.6          0.355
         652000       0.139307            268         0.9984         1146.3          0.504
         653000       0.139501            269         0.9984         1147.9          0.407
         654000       0.139694            269         0.9984         1149.5          0.356
         655000       0.139863            269         0.9984         1151.1          0.332
         656000       0.140132            269         0.9984         1152.8          0.340
         657000       0.140335            269         0.9984         1154.4          0.400
         658000       0.140480            270         0.9984         1156.1          0.352
         659000       0.140683            270         0.9984         1157.7          0.356
         660000       0.140832            270         0.9984         1159.3          0.443
         661000       0.141058            270         0.9984         1161.0          0.351
         662000       0.141254            270         0.9984         1162.6          0.349
         663000       0.141495            270         0.9984         1164.2          0.349
         664000       0.141691            270         0.9984         1165.9          0.345
         665000       0.141880            271         0.9984         1167.5          0.355
         666000       0.142132            272         0.9984         1169.1          0.356
         667000       0.142335            272         0.9984         1170.7          0.345
         668000       0.142531            274         0.9984         1172.3          0.415
         669000       0.142769            274         0.9984         1174.0          0.345
         670000       0.142947            276         0.9984         1175.6          0.349
         671000       0.143118            276         0.9984         1177.2          0.349
         672000       0.143368            277         0.9984         1178.8          0.390
         673000       0.143542            278         0.9984         1180.5          0.501
         674000       0.143762            278         0.9984         1182.1          0.496
         675000       0.143974            278         0.9984         1183.7          0.394
         676000       0.144200            278         0.9984         1185.3          0.394
         677000       0.144410            278         0.9984         1187.0          0.472
         678000       0.144643            278         0.9984         1188.6          0.461
         679000       0.144822            278         0.9984         1190.3          0.429
         680000       0.145063            278         0.9984         1191.9          0.429
         681000       0.145320            278         0.9984         1193.5          0.444
         682000       0.145561            278         0.9984         1195.1          0.401
         683000       0.145751            278         0.9984         1196.7          0.388
         684000       0.145997            280         0.9983         1198.3          0.426
         685000       0.146163            280         0.9983         1200.0          0.405
         686000       0.146416            282         0.9983         1201.6          0.397
         687000       0.146624            284         0.9983         1203.2          0.482
         688000       0.146734            284         0.9983         1204.9          0.398
         689000       0.146891            285         0.9983         1206.5          0.380
         690000       0.147106            285         0.9983         1208.1          0.466
         691000       0.147325            286         0.9983         1209.7          0.405
         692000       0.147554            286         0.9983         1211.4          0.350
         693000       0.147755            286         0.9983         1213.0          0.462
         694000       0.147965            287         0.9983         1214.6          0.477
         695000       0.148164            287         0.9983         1216.3          0.486
         696000       0.148420            288         0.9983         1217.9          0.378
         697000       0.148575            288         0.9983         1219.5          0.403
         698000       0.148816            289         0.9983         1221.2          0.414
         699000       0.149021            290         0.9983         1222.8          0.411
         700000       0.149246            290         0.9983         1224.4          0.363
         701000       0.149454            290         0.9983         1226.0          0.367
         702000       0.149695            290         0.9983         1227.6          0.425
         703000       0.149864            290         0.9983         1229.2          0.433
         704000       0.150071            290         0.9983         1230.8          0.400
         705000       0.150302            291         0.9983         1232.4          0.501
         706000       0.150547            292         0.9983         1234.0          0.413
         707000       0.150731            293         0.9983         1235.7          0.421
         708000       0.150989            294         0.9983         1237.2          0.412
         709000       0.151213            294         0.9983         1238.9          0.490
         710000       0.151403            294         0.9983         1240.5          0.497
         711000       0.151616            295         0.9983         1242.1          0.437
         712000       0.151838            295         0.9983         1243.7          0.443
         713000       0.152020            295         0.9983         1245.3          0.444
         714000       0.152211            295         0.9983         1246.9          0.385
         715000       0.152454            297         0.9983         1248.6          0.379
         716000       0.152662            297         0.9983         1250.2          0.382
         717000       0.152886            298         0.9983         1251.8          0.423
         718000       0.153154            298         0.9983         1253.4          0.432
         719000       0.153333            299         0.9983         1255.0          0.375
         720000       0.153544            299         0.9983         1256.6          0.390
         721000       0.153678            299         0.9983         1258.2          0.383
         722000       0.153949            299         0.9983         1259.8          0.435
         723000       0.154177            299         0.9983         1261.4          0.417
         724000       0.154416            299         0.9983         1263.0          0.465
         725000       0.154638            300         0.9983         1264.6          0.418
         726000       0.154795            302         0.9983         1266.2          0.486
         727000       0.154991            305         0.9983         1267.9          0.543
         728000       0.155205            305         0.9983         1269.5          0.534
         729000       0.155370            306         0.9983         1271.0          0.529
         730000       0.155583            306         0.9983         1272.7          0.485
         731000       0.155803            306         0.9983         1274.3          0.530
         732000       0.155971            306         0.9983         1275.9          0.438
         733000       0.156158            306         0.9983         1277.5          0.486
         734000       0.156380            308         0.9983         1279.2          0.510
         735000       0.156581            308         0.9983         1280.7          0.458
         736000       0.156797            309         0.9983         1282.3          0.540
         737000       0.157013            309         0.9983         1283.9          0.605
         738000       0.157206            309         0.9983         1285.5          0.512
         739000       0.157370            310         0.9983         1287.1          0.466
         740000       0.157570            312         0.9983         1288.8          0.444
         741000       0.157745            313         0.9983         1290.4          0.426
         742000       0.157938            314         0.9983         1292.0          0.410
         743000       0.158092            314         0.9983         1293.6          0.413
         744000       0.158241            314         0.9983         1295.2          0.475
         745000       0.158382            314         0.9983         1296.8          0.513
         746000       0.158574            314         0.9983         1298.5          0.621
         747000       0.158741            314         0.9983         1300.1          0.646
         748000       0.158978            315         0.9983         1301.7          0.540
         749000       0.159144            315         0.9983         1303.3          0.536
         750000       0.159396            315         0.9983         1304.9          0.524
         751000       0.159556            316         0.9983         1306.5          0.478
         752000       0.159857            316         0.9983         1308.1          0.457
         753000       0.160034            316         0.9983         1309.7          0.458
         754000       0.160231            316         0.9983         1311.3          0.422
         755000       0.160474            316         0.9983         1313.0          0.402
         756000       0.160640            316         0.9983         1314.6          0.439
         757000       0.160870            318         0.9983         1316.2          0.491
         758000       0.161093            318         0.9983         1317.8          0.545
         759000       0.161293            318         0.9983         1319.4          0.548
         760000       0.161491            318         0.9982         1321.0          0.412
         761000       0.161777            318         0.9982         1322.7          0.474
         762000       0.162019            319         0.9982         1324.3          0.427
         763000       0.162214            320         0.9982         1325.9          0.398
         764000       0.162402            320         0.9982         1327.5          0.353
         765000       0.162658            320         0.9982         1329.1          0.435
         766000       0.162827            320         0.9982         1330.8          0.437
         767000       0.162944            320         0.9982         1332.4          0.426
         768000       0.163139            320         0.9982         1334.0          0.436
         769000       0.163339            321         0.9982         1335.6          0.455
         770000       0.163502            321         0.9982         1337.3          0.454
         771000       0.163768            321         0.9982         1338.9          0.494
         772000       0.163923            321         0.9982         1340.5          0.494
         773000       0.164154            321         0.9982         1342.2          0.444
         774000       0.164359            323         0.9982         1343.8          0.517
         775000       0.164543            324         0.9982         1345.4          0.438
         776000       0.164666            324         0.9982         1347.1          0.429
         777000       0.164855            324         0.9982         1348.7          0.506
         778000       0.165018            324         0.9982         1350.3          0.457
         779000       0.165246            324         0.9982         1352.0          0.507
         780000       0.165446            324         0.9982         1353.6          0.389
         781000       0.165689            324         0.9982         1355.2          0.502
         782000       0.165930            324         0.9982         1356.8          0.501
         783000       0.166122            325         0.9982         1358.5          0.499
         784000       0.166321            327         0.9982         1360.1          0.442
         785000       0.166507            327         0.9982         1361.7          0.387
         786000       0.166701            327         0.9982         1363.3          0.422
         787000       0.166934            327         0.9982         1364.9          0.391
         788000       0.167158            327         0.9982         1366.5          0.413
         789000       0.167358            327         0.9982         1368.2          0.403
         790000       0.167519            327         0.9982         1369.8          0.500
         791000       0.167732            327         0.9982         1371.4          0.505
         792000       0.167914            327         0.9982         1373.1          0.508
         793000       0.168102            328         0.9982         1374.7          0.463
         794000       0.168203            329         0.9982         1376.3          0.431
         795000       0.168405            329         0.9982         1377.9          0.433
         796000       0.168594            329         0.9982         1379.5          0.462
         797000       0.168765            330         0.9982         1381.2          0.457
         798000       0.169010            330         0.9982         1382.8          0.462
         799000       0.169163            330         0.9982         1384.4          0.477
         800000       0.169367            330         0.9982         1386.0          0.509
         801000       0.169508            330         0.9982         1387.6          0.498
         802000       0.169665            330         0.9982         1389.2          0.518
         803000       0.169843            330         0.9982         1390.9          0.455
         804000       0.170025            330         0.9982         1392.5          0.389
         805000       0.170239            330         0.9982         1394.2          0.454
         806000       0.170416            330         0.9982         1395.8          0.459
         807000       0.170634            331         0.9982         1397.4          0.499
         808000       0.170854            331         0.9982         1399.0          0.527
         809000       0.170996            331         0.9982         1400.6          0.514
         810000       0.171198            331         0.9982         1402.3          0.439
         811000       0.171419            331         0.9982         1403.9          0.412
         812000       0.171594            332         0.9982         1405.5          0.499
         813000       0.171834            332         0.9982         1407.1          0.458
         814000       0.172038            333         0.9982         1408.7          0.501
         815000       0.172173            333         0.9982         1410.4          0.476
         816000       0.172381            333         0.9982         1411.9          0.454
         817000       0.172588            333         0.9982         1413.6          0.503
         818000       0.172856            333         0.9982         1415.1          0.417
         819000       0.173084            333         0.9982         1416.7          0.500
         820000       0.173264            333         0.9982         1418.4          0.452
         821000       0.173500            334         0.9982         1420.0          0.503
         822000       0.173713            335         0.9982         1421.6          0.451
         823000       0.173822            335         0.9982         1423.3          0.399
         824000       0.174051            336         0.9982         1424.9          0.501
         825000       0.174223            336         0.9982         1426.6          0.522
         826000       0.174373            336         0.9982         1428.2          0.502
         827000       0.174581            336         0.9982         1429.8          0.399
         828000       0.174810            336         0.9982         1431.4          0.379
         829000       0.175030            336         0.9982         1433.1          0.380
         830000       0.175389            336         0.9982         1434.7          0.398
         831000       0.175624            336         0.9981         1436.3          0.367
         832000       0.175751            336         0.9981         1437.9          0.401
         833000       0.175970            336         0.9981         1439.5          0.429
         834000       0.176134            337         0.9981         1441.1          0.492
         835000       0.176331            337         0.9981         1442.7          0.407
         836000       0.176558            337         0.9981         1444.3          0.387
         837000       0.176822            340         0.9981         1446.0          0.401
         838000       0.176984            340         0.9981         1447.6          0.369
         839000       0.177208            340         0.9981         1449.2          0.367
         840000       0.177454            342         0.9981         1450.8          0.370
         841000       0.177622            342         0.9981         1452.4          0.370
         842000       0.177761            342         0.9981         1454.0          0.376
         843000       0.177952            342         0.9981         1455.7          0.429
         844000       0.178150            342         0.9981         1457.3          0.490
         845000       0.178323            342         0.9981         1458.9          0.541
         846000       0.178536            343         0.9981         1460.5          0.539
         847000       0.178740            343         0.9981         1462.0          0.476
         848000       0.178917            343         0.9981         1463.7          0.461
         849000       0.179088            343         0.9981         1465.3          0.398
         850000       0.179426            343         0.9981         1466.9          0.494
         851000       0.179547            343         0.9981         1468.6          0.497
         852000       0.179656            343         0.9981         1470.2          0.492
         853000       0.179809            344         0.9981         1471.8          0.467
         854000       0.180062            344         0.9981         1473.5          0.524
         855000       0.180215            344         0.9981         1475.1          0.472
         856000       0.180419            345         0.9981         1476.7          0.507
         857000       0.180663            345         0.9981         1478.3          0.509
         858000       0.180850            345         0.9981         1480.0          0.527
         859000       0.181086            345         0.9981         1481.6          0.532
         860000       0.181284            345         0.9981         1483.2          0.532
         861000       0.181512            346         0.9981         1484.8          0.446
         862000       0.181697            346         0.9981         1486.4          0.529
         863000       0.181883            347         0.9981         1488.1          0.530
         864000       0.182019            347         0.9981         1489.8          0.516
         865000       0.182263            347         0.9981         1491.4          0.466
         866000       0.182538            348         0.9981         1493.0          0.475
         867000       0.182755            349         0.9981         1494.6          0.389
         868000       0.182965            349         0.9981         1496.3          0.387
         869000       0.183169            349         0.9981         1497.9          0.365
         870000       0.183298            350         0.9981         1499.5          0.366
         871000       0.183494            351         0.9981         1501.1          0.405
         872000       0.183716            352         0.9981         1502.9          0.458
         873000       0.183940            353         0.9981         1504.5          0.385
         874000       0.184145            353         0.9981         1506.1          0.456
         875000       0.184394            355         0.9981         1507.7          0.350
         876000       0.184655            356         0.9981         1509.3          0.414
         877000       0.184850            356         0.9981         1510.9          0.476
         878000       0.185044            356         0.9981         1512.6          0.378
         879000       0.185243            356         0.9981         1514.2          0.400
         880000       0.185368            356         0.9981         1515.9          0.383
         881000       0.185563            356         0.9981         1517.5          0.360
         882000       0.185787            357         0.9981         1519.1          0.357
         883000       0.186034            358         0.9981         1520.7          0.387
         884000       0.186194            358         0.9981         1522.3          0.344
         885000       0.186395            358         0.9981         1523.9          0.346
         886000       0.186682            358         0.9981         1525.6          0.404
         887000       0.186822            358         0.9981         1527.2          0.509
         888000       0.187030            360         0.9981         1528.9          0.403
         889000       0.187307            360         0.9981         1530.5          0.436
         890000       0.187476            360         0.9981         1532.1          0.492
         891000       0.187698            360         0.9981         1533.7          0.438
         892000       0.187928            361         0.9981         1535.3          0.512
         893000       0.188112            361         0.9980         1536.9          0.450
         894000       0.188318            361         0.9980         1538.5          0.505
         895000       0.188624            362         0.9980         1540.2          0.475
         896000       0.188837            362         0.9980         1541.8          0.432
         897000       0.188981            362         0.9980         1543.4          0.483
         898000       0.189066            362         0.9980         1545.1          0.492
         899000       0.189188            362         0.9980         1546.7          0.512
         900000       0.189478            363         0.9980         1548.3          0.567
         901000       0.189706            363         0.9980         1549.9          0.561
         902000       0.189929            364         0.9980         1551.5          0.575
         903000       0.190133            364         0.9980         1553.1          0.504
         904000       0.190284            364         0.9980         1554.7          0.487
         905000       0.190420            364         0.9980         1556.3          0.582
         906000       0.190612            364         0.9980         1557.9          0.527
         907000       0.190841            364         0.9980         1559.6          0.556
         908000       0.191045            364         0.9980         1561.2          0.438
         909000       0.191150            364         0.9980         1562.8          0.439
         910000       0.191361            364         0.9980         1564.4          0.513
         911000       0.191500            366         0.9980         1566.1          0.552
         912000       0.191735            366         0.9980         1567.7          0.460
         913000       0.191916            366         0.9980         1569.3          0.490
         914000       0.192068            366         0.9980         1571.0          0.546
         915000       0.192315            366         0.9980         1572.6          0.481
         916000       0.192482            366         0.9980         1574.2          0.493
         917000       0.192608            367         0.9980         1575.8          0.504
         918000       0.192813            367         0.9980         1577.5          0.566
         919000       0.193013            369         0.9980         1579.1          0.550
         920000       0.193203            370         0.9980         1580.7          0.575
         921000       0.193382            370         0.9980         1582.4          0.546
         922000       0.193640            370         0.9980         1584.0          0.519
         923000       0.193844            371         0.9980         1585.6          0.602
         924000       0.194007            371         0.9980         1587.2          0.562
         925000       0.194283            371         0.9980         1588.8          0.470
         926000       0.194517            372         0.9980         1590.5          0.429
         927000       0.194755            373         0.9980         1592.1          0.455
         928000       0.194942            374         0.9980         1593.7          0.430
         929000       0.195089            374         0.9980         1595.3          0.430
         930000       0.195219            375         0.9980         1597.0          0.383
         931000       0.195423            375         0.9980         1598.6          0.437
         932000       0.195645            376         0.9980         1600.2          0.439
         933000       0.195897            376         0.9980         1601.8          0.428
         934000       0.196073            376         0.9980         1603.4          0.526
         935000       0.196253            377         0.9980         1605.1          0.514
         936000       0.196452            377         0.9980         1606.7          0.443
         937000       0.196687            377         0.9980         1608.3          0.432
         938000       0.196894            378         0.9980         1609.9          0.447
         939000       0.197083            378         0.9980         1611.5          0.477
         940000       0.197238            378         0.9980         1613.1          0.498
         941000       0.197403            378         0.9980         1614.7          0.434
         942000       0.197553            378         0.9980         1616.3          0.428
         943000       0.197703            378         0.9980         1618.0          0.404
         944000       0.197851            378         0.9980         1619.6          0.488
         945000       0.198076            379         0.9980         1621.2          0.489
         946000       0.198270            379         0.9980         1622.8          0.480
         947000       0.198481            380         0.9980         1624.4          0.498
         948000       0.198761            380         0.9980         1626.0          0.525
         949000       0.198967            380         0.9980         1627.6          0.501
         950000       0.199151            380         0.9980         1629.2          0.501
         951000       0.199356            381         0.9980         1630.8          0.487
         952000       0.199616            381         0.9980         1632.4          0.547
         953000       0.199765            381         0.9980         1634.0          0.533
         954000       0.199915            382         0.9980         1635.6          0.504
         955000       0.200060            382         0.9980         1637.2          0.502
         956000       0.200269            382         0.9980         1638.8          0.531
         957000       0.200523            382         0.9980         1640.4          0.486
         958000       0.200729            384         0.9980         1642.0          0.503
         959000       0.200899            387         0.9979         1643.7          0.467
         960000       0.201098            387         0.9980         1645.3          0.509
         961000       0.201360            387         0.9979         1646.9          0.520
         962000       0.201526            389         0.9979         1648.5          0.552
         963000       0.201689            389         0.9979         1650.1          0.574
         964000       0.201876            390         0.9979         1651.7          0.492
         965000       0.201976            390         0.9979         1653.4          0.440
         966000       0.202112            390         0.9979         1655.0          0.505
         967000       0.202329            391         0.9979         1656.6          0.479
         968000       0.202484            391         0.9979         1658.2          0.538
         969000       0.202674            391         0.9979         1659.8          0.522
         970000       0.202901            391         0.9979         1661.4          0.454
         971000       0.203103            391         0.9979         1663.0          0.575
         972000       0.203351            391         0.9979         1664.6          0.573
         973000       0.203576            392         0.9979         1666.2          0.551
         974000       0.203788            393         0.9979         1667.8          0.488
         975000       0.204072            394         0.9979         1669.4          0.517
         976000       0.204286            395         0.9979         1671.0          0.516
         977000       0.204477            395         0.9979         1672.6          0.450
         978000       0.204685            395         0.9979         1674.2          0.464
         979000       0.204944            396         0.9979         1675.8          0.496
         980000       0.205119            398         0.9979         1677.4          0.482
         981000       0.205364            398         0.9979         1679.0          0.408
         982000       0.205571            399         0.9979         1680.6          0.471
         983000       0.205780            399         0.9979         1682.2          0.485
         984000       0.205963            399         0.9979         1683.8          0.406
         985000       0.206142            399         0.9979         1685.4          0.409
         986000       0.206323            399         0.9979         1687.0          0.351
         987000       0.206479            399         0.9979         1688.6          0.405
         988000       0.206638            400         0.9979         1690.2          0.378
         989000       0.206803            400         0.9979         1691.8          0.400
         990000       0.207026            400         0.9979         1693.4          0.387
         991000       0.207225            400         0.9979         1695.0          0.401
         992000       0.207427            401         0.9979         1696.6          0.402
         993000       0.207653            401         0.9979         1698.2          0.356
         994000       0.207860            401         0.9979         1699.8          0.441
         995000       0.208128            402         0.9979         1701.4          0.393
         996000       0.208377            402         0.9979         1703.0          0.405
         997000       0.208547            403         0.9979         1704.6          0.449
         998000       0.208789            404         0.9979         1706.2          0.494
         999000       0.209026            404         0.9979         1707.8          0.533
        1000000       0.209214            404         0.9979         1709.4          0.534
        1001000       0.209362            404         0.9979         1711.1          0.423
        1002000       0.209580            406         0.9979         1712.7          0.446
        1003000       0.209792            406         0.9979         1714.3          0.411
        1004000       0.209988            406         0.9979         1715.9          0.446
        1005000       0.210136            408         0.9979         1717.5          0.463
        1006000       0.210285            408         0.9979         1719.0          0.465
        1007000       0.210448            408         0.9979         1720.6          0.424
        1008000       0.210667            409         0.9979         1722.2          0.474
        1009000       0.210959            409         0.9979         1723.8          0.475
        1010000       0.211144            409         0.9979         1725.4          0.412
        1011000       0.211358            409         0.9979         1727.0          0.471
        1012000       0.211538            409         0.9979         1728.6          0.455
        1013000       0.211761            410         0.9979         1730.2          0.436
        1014000       0.211932            410         0.9979         1731.7          0.479
        1015000       0.212098            410         0.9979         1733.3          0.483
        1016000       0.212239            410         0.9979         1734.9          0.423
        1017000       0.212454            410         0.9979         1736.5          0.467
        1018000       0.212616            411         0.9979         1738.1          0.404
        1019000       0.212844            412         0.9979         1739.7          0.464
        1020000       0.213026            412         0.9979         1741.3          0.456
        1021000       0.213218            412         0.9979         1742.8          0.468
        1022000       0.213411            412         0.9979         1744.4          0.457
        1023000       0.213630            412         0.9979         1746.0          0.439
        1024000       0.213840            412         0.9979         1747.6          0.480
        1025000       0.214049            412         0.9979         1749.2          0.529
        1026000       0.214209            412         0.9979         1750.8          0.532
        1027000       0.214393            413         0.9979         1752.4          0.530
        1028000       0.214611            414         0.9979         1753.9          0.445
        1029000       0.214816            414         0.9979         1755.5          0.476
        1030000       0.215033            415         0.9979         1757.1          0.465
        1031000       0.215231            415         0.9979         1758.7          0.485
        1032000       0.215433            415         0.9979         1760.3          0.539
        1033000       0.215654            415         0.9979         1761.9          0.541
        1034000       0.215797            415         0.9979         1763.5          0.436
        1035000       0.215983            415         0.9979         1765.0          0.499
        1036000       0.216144            415         0.9979         1766.6          0.477
        1037000       0.216341            415         0.9979         1768.2          0.511
        1038000       0.216554            415         0.9979         1769.8          0.466
        1039000       0.216699            415         0.9979         1771.4          0.513
        1040000       0.216898            415         0.9978         1773.0          0.450
        1041000       0.217100            417         0.9978         1774.6          0.408
        1042000       0.217317            417         0.9978         1776.2          0.467
        1043000       0.217484            418         0.9978         1777.8          0.516
        1044000       0.217705            418         0.9978         1779.5          0.505
        1045000       0.217951            418         0.9978         1781.1          0.516
        1046000       0.218163            419         0.9978         1782.7          0.520
        1047000       0.218332            420         0.9978         1784.3          0.431
        1048000       0.218562            421         0.9978         1785.9          0.458
        1049000       0.218795            421         0.9978         1787.5          0.440
        1050000       0.218993            421         0.9978         1789.1          0.438
        1051000       0.219200            422         0.9978         1790.7          0.399
        1052000       0.219410            422         0.9978         1792.3          0.490
        1053000       0.219667            422         0.9978         1793.9          0.490
        1054000       0.219846            422         0.9978         1795.5          0.432
        1055000       0.220099            423         0.9978         1797.1          0.411
        1056000       0.220286            424         0.9978         1798.7          0.368
        1057000       0.220423            424         0.9978         1800.3          0.388
        1058000       0.220721            424         0.9978         1801.9          0.388
        1059000       0.220903            425         0.9978         1803.5          0.444
        1060000       0.221049            425         0.9978         1805.1          0.415
        1061000       0.221297            425         0.9978         1806.7          0.442
        1062000       0.221515            425         0.9978         1808.3          0.503
        1063000       0.221738            425         0.9978         1810.0          0.390
        1064000       0.221982            426         0.9978         1811.6          0.382
        1065000       0.222219            426         0.9978         1813.2          0.447
        1066000       0.222409            427         0.9978         1814.8          0.531
        1067000       0.222602            428         0.9978         1816.4          0.409
        1068000       0.222741            428         0.9978         1818.0          0.398
        1069000       0.222917            428         0.9978         1819.6          0.493
        1070000       0.223156            429         0.9978         1821.2          0.502
        1071000       0.223364            429         0.9978         1822.8          0.449
        1072000       0.223535            431         0.9978         1824.4          0.415
        1073000       0.223704            431         0.9978         1826.0          0.446
        1074000       0.223922            432         0.9978         1827.6          0.492
        1075000       0.224121            432         0.9978         1829.2          0.471
        1076000       0.224278            432         0.9978         1830.8          0.485
        1077000       0.224450            434         0.9978         1832.4          0.514
        1078000       0.224609            434         0.9978         1834.0          0.529
        1079000       0.224791            434         0.9978         1835.5          0.517
        1080000       0.224999            434         0.9978         1837.1          0.415
        1081000       0.225176            434         0.9978         1838.7          0.427
        1082000       0.225397            434         0.9978         1840.3          0.500
        1083000       0.225644            434         0.9978         1841.9          0.463
        1084000       0.225918            434         0.9978         1843.5          0.487
        1085000       0.226153            434         0.9978         1845.1          0.390
        1086000       0.226421            434         0.9978         1846.7          0.392
        1087000       0.226668            434         0.9978         1848.3          0.447
        1088000       0.226819            434         0.9978         1849.9          0.485
        1089000       0.226974            434         0.9978         1851.5          0.508
        1090000       0.227178            434         0.9978         1853.1          0.555
        1091000       0.227346            435         0.9978         1854.7          0.592
        1092000       0.227567            435         0.9978         1856.3          0.465
        1093000       0.227761            436         0.9978         1857.9          0.458
        1094000       0.227984            436         0.9978         1859.5          0.536
        1095000       0.228193            439         0.9978         1861.1          0.533
        1096000       0.228390            440         0.9978         1862.7          0.438
        1097000       0.228563            440         0.9978         1864.3          0.520
        1098000       0.228697            440         0.9978         1865.9          0.514
        1099000       0.228873            440         0.9978         1867.5          0.520
        1100000       0.229078            440         0.9978         1869.1          0.470
        1101000       0.229291            441         0.9978         1870.7          0.519
        1102000       0.229480            441         0.9978         1872.3          0.503
        1103000       0.229642            441         0.9978         1873.8          0.446
        1104000       0.229806            442         0.9978         1875.4          0.511
        1105000       0.229954            442         0.9978         1877.0          0.463
        1106000       0.230144            443         0.9978         1878.6          0.524
        1107000       0.230339            443         0.9978         1880.2          0.525
        1108000       0.230532            443         0.9978         1881.8          0.453
        1109000       0.230711            444         0.9978         1883.3          0.464
        1110000       0.230925            446         0.9978         1884.9          0.437
        1111000       0.231130            446         0.9978         1886.5          0.444
        1112000       0.231329            448         0.9978         1888.1          0.448
        1113000       0.231471            448         0.9978         1889.7          0.446
        1114000       0.231658            448         0.9978         1891.2          0.458
        1115000       0.231836            449         0.9978         1892.8          0.434
        1116000       0.232017            449         0.9978         1894.4          0.431
        1117000       0.232177            449         0.9978         1896.0          0.456
        1118000       0.232368            449         0.9978         1897.6          0.453
        1119000       0.232571            449         0.9978         1899.2          0.473
        1120000       0.232707            449         0.9978         1900.8          0.515
        1121000       0.232858            451         0.9978         1902.4          0.510
        1122000       0.233006            451         0.9978         1904.0          0.504
        1123000       0.233184            451         0.9978         1905.6          0.481
        1124000       0.233418            451         0.9978         1907.2          0.519
        1125000       0.233660            451         0.9978         1908.8          0.501
        1126000       0.233875            452         0.9978         1910.4          0.543
        1127000       0.234041            453         0.9978         1912.0          0.501
        1128000       0.234207            453         0.9978         1913.6          0.487
        1129000       0.234378            453         0.9978         1915.1          0.461
        1130000       0.234580            454         0.9978         1916.7          0.564
        1131000       0.234835            455         0.9978         1918.3          0.568
        1132000       0.235006            455         0.9978         1919.9          0.546
        1133000       0.235194            455         0.9978         1921.5          0.530
        1134000       0.235366            455         0.9978         1923.1          0.538
        1135000       0.235548            455         0.9977         1924.7          0.509
        1136000       0.235769            455         0.9977         1926.3          0.499
        1137000       0.235960            455         0.9977         1927.9          0.480
        1138000       0.236146            456         0.9977         1929.5          0.498
        1139000       0.236320            456         0.9977         1931.0          0.466
        1140000       0.236486            456         0.9977         1932.6          0.438
        1141000       0.236680            457         0.9977         1934.2          0.525
        1142000       0.236841            457         0.9977         1935.8          0.525
        1143000       0.237008            457         0.9977         1937.4          0.489
        1144000       0.237177            457         0.9977         1939.0          0.522
        1145000       0.237359            457         0.9977         1940.6          0.441
        1146000       0.237545            458         0.9977         1942.1          0.393
        1147000       0.237720            458         0.9977         1943.7          0.384
        1148000       0.237906            459         0.9977         1945.3          0.411
        1149000       0.238056            459         0.9977         1946.9          0.423
        1150000       0.238265            459         0.9977         1948.5          0.419
        1151000       0.238462            460         0.9977         1950.1          0.407
        1152000       0.238674            460         0.9977         1951.7          0.446
        1153000       0.238815            460         0.9977         1953.3          0.405
        1154000       0.238958            460         0.9977         1954.9          0.494
        1155000       0.239136            460         0.9977         1956.5          0.443
        1156000       0.239348            462         0.9977         1958.1          0.491
        1157000       0.239523            464         0.9977         1959.7          0.450
        1158000       0.239723            465         0.9977         1961.2          0.508
        1159000       0.239902            465         0.9977         1962.8          0.502
        1160000       0.240131            465         0.9977         1964.4          0.506
        1161000       0.240370            466         0.9977         1966.0          0.466
        1162000       0.240555            467         0.9977         1967.6          0.509
        1163000       0.240779            468         0.9977         1969.2          0.512
        1164000       0.240974            468         0.9977         1970.8          0.540
        1165000       0.241155            468         0.9977         1972.3          0.549
        1166000       0.241374            469         0.9977         1973.9          0.610
        1167000       0.241534            469         0.9977         1975.5          0.604
        1168000       0.241742            469         0.9977         1977.1          0.536
        1169000       0.241939            469         0.9977         1978.6          0.570
        1170000       0.242145            469         0.9977         1980.2          0.481
        1171000       0.242313            469         0.9977         1981.8          0.581
        1172000       0.242531            470         0.9977         1983.4          0.601
        1173000       0.242734            470         0.9977         1985.0          0.631
        1174000       0.242964            470         0.9977         1986.6          0.595
        1175000       0.243117            471         0.9977         1988.2          0.500
        1176000       0.243287            471         0.9977         1989.8          0.512
        1177000       0.243492            471         0.9977         1991.3          0.542
        1178000       0.243705            471         0.9977         1992.9          0.564
        1179000       0.243896            471         0.9977         1994.5          0.508
        1180000       0.244109            472         0.9977         1996.1          0.495
        1181000       0.244377            472         0.9977         1997.7          0.450
        1182000       0.244644            473         0.9977         1999.3          0.456
        1183000       0.244882            474         0.9977         2000.9          0.518
        1184000       0.245091            474         0.9977         2002.5          0.491
        1185000       0.245334            475         0.9977         2004.0          0.434
        1186000       0.245522            476         0.9977         2005.6          0.445
        1187000       0.245684            476         0.9977         2007.2          0.472
        1188000       0.245936            477         0.9977         2008.8          0.471
        1189000       0.246143            477         0.9977         2010.4          0.435
        1190000       0.246388            477         0.9977         2012.0          0.441
        1191000       0.246574            478         0.9977         2013.6          0.455
        1192000       0.246773            479         0.9977         2015.1          0.450
        1193000       0.246936            480         0.9977         2016.7          0.488
        1194000       0.247107            481         0.9977         2018.3          0.503
        1195000       0.247329            481         0.9977         2019.8          0.457
        1196000       0.247545            481         0.9977         2021.4          0.560
        1197000       0.247734            482         0.9977         2023.0          0.490
        1198000       0.247977            482         0.9977         2024.6          0.425
        1199000       0.248193            482         0.9977         2026.2          0.432
        1200000       0.248394            482         0.9977         2027.7          0.483
        1201000       0.248584            482         0.9977         2029.3          0.411
        1202000       0.248795            483         0.9977         2030.9          0.509
        1203000       0.248992            483         0.9977         2032.5          0.511
        1204000       0.249228            484         0.9977         2034.1          0.570
        1205000       0.249416            484         0.9976         2035.6          0.544
        1206000       0.249643            484         0.9976         2037.4          0.587
        1207000       0.249839            484         0.9977         2038.9          0.580
        1208000       0.250025            484         0.9977         2040.5          0.496
        1209000       0.250253            484         0.9977         2042.1          0.507
        1210000       0.250547            484         0.9976         2043.7          0.476
        1211000       0.250770            484         0.9976         2045.3          0.507
        1212000       0.250982            484         0.9976         2046.9          0.559
        1213000       0.251269            484         0.9976         2048.4          0.526
        1214000       0.251432            485         0.9976         2050.0          0.611
        1215000       0.251662            485         0.9976         2051.6          0.543
        1216000       0.251865            488         0.9976         2053.2          0.516
        1217000       0.252042            488         0.9976         2054.8          0.583
        1218000       0.252250            489         0.9976         2056.4          0.575
        1219000       0.252506            490         0.9976         2058.0          0.533
        1220000       0.252680            490         0.9976         2059.6          0.551
        1221000       0.252874            490         0.9976         2061.2          0.558
        1222000       0.253035            491         0.9976         2062.7          0.569
        1223000       0.253226            492         0.9976         2064.3          0.585
        1224000       0.253409            493         0.9976         2065.9          0.596
        1225000       0.253626            494         0.9976         2067.5          0.607
        1226000       0.253884            494         0.9976         2069.1          0.559
        1227000       0.254082            494         0.9976         2070.6          0.516
        1228000       0.254299            494         0.9976         2072.2          0.526
        1229000       0.254525            494         0.9976         2073.8          0.517
        1230000       0.254759            495         0.9976         2075.4          0.499
        1231000       0.254951            495         0.9976         2077.0          0.463
        1232000       0.255139            497         0.9976         2078.5          0.462
        1233000       0.255375            497         0.9976         2080.1          0.491
        1234000       0.255539            497         0.9976         2081.7          0.501
        1235000       0.255750            497         0.9976         2083.3          0.508
        1236000       0.255946            497         0.9976         2084.8          0.545
        1237000       0.256127            498         0.9976         2086.4          0.596
        1238000       0.256290            498         0.9976         2088.0          0.593
        1239000       0.256460            498         0.9976         2089.6          0.573
        1240000       0.256669            498         0.9976         2091.2          0.538
        1241000       0.256840            498         0.9976         2092.7          0.463
        1242000       0.257073            498         0.9976         2094.3          0.558
        1243000       0.257263            499         0.9976         2095.9          0.487
        1244000       0.257444            499         0.9976         2097.4          0.525
        1245000       0.257642            499         0.9976         2099.0          0.457
        1246000       0.257834            499         0.9976         2100.6          0.525
        1247000       0.258038            499         0.9976         2102.2          0.461
        1248000       0.258222            499         0.9976         2103.7          0.509
        1249000       0.258413            499         0.9976         2105.3          0.501
        1250000       0.258546            499         0.9976         2106.9          0.520
        1251000       0.258737            499         0.9976         2108.4          0.501
        1252000       0.258966            500         0.9976         2110.0          0.503
        1253000       0.259180            500         0.9976         2111.6          0.448
        1254000       0.259383            502         0.9976         2113.2          0.462
        1255000       0.259584            502         0.9976         2114.8          0.507
        1256000       0.259805            502         0.9976         2116.3          0.446
        1257000       0.260052            502         0.9976         2117.9          0.517
        1258000       0.260298            502         0.9976         2119.5          0.569
        1259000       0.260497            502         0.9976         2121.1          0.505
        1260000       0.260705            502         0.9976         2122.7          0.539
        1261000       0.260850            503         0.9976         2124.2          0.544
        1262000       0.261047            503         0.9976         2125.8          0.503
        1263000       0.261210            504         0.9976         2127.4          0.572
        1264000       0.261416            504         0.9976         2129.0          0.575
        1265000       0.261596            504         0.9976         2130.6          0.635
        1266000       0.261819            504         0.9976         2132.2          0.588
        1267000       0.261935            504         0.9976         2133.8          0.596
        1268000       0.262118            504         0.9976         2135.3          0.632
        1269000       0.262263            505         0.9976         2136.9          0.556
        1270000       0.262474            505         0.9976         2138.5          0.531
        1271000       0.262608            505         0.9976         2140.1          0.569
        1272000       0.262741            505         0.9976         2141.6          0.472
        1273000       0.262939            506         0.9976         2143.2          0.458
        1274000       0.263137            506         0.9976         2144.8          0.523
        1275000       0.263338            506         0.9976         2146.4          0.502
        1276000       0.263541            506         0.9976         2148.0          0.500
        1277000       0.263736            506         0.9976         2149.5          0.449
        1278000       0.263884            506         0.9976         2151.1          0.573
        1279000       0.264083            507         0.9976         2152.7          0.470
        1280000       0.264269            507         0.9976         2154.3          0.499
        1281000       0.264489            507         0.9976         2155.9          0.485
        1282000       0.264715            507         0.9976         2157.5          0.471
        1283000       0.264956            509         0.9976         2159.1          0.514
        1284000       0.265145            510         0.9976         2160.7          0.456
        1285000       0.265313            510         0.9976         2162.3          0.505
        1286000       0.265506            510         0.9976         2163.9          0.528
        1287000       0.265615            512         0.9976         2165.5          0.484
        1288000       0.265785            513         0.9976         2167.0          0.519
        1289000       0.266036            513         0.9976         2168.6          0.467
        1290000       0.266200            513         0.9976         2170.2          0.512
        1291000       0.266398            514         0.9976         2171.8          0.516
        1292000       0.266608            514         0.9976         2173.4          0.499
        1293000       0.266798            514         0.9976         2175.0          0.473
        1294000       0.266959            514         0.9976         2176.5          0.535
        1295000       0.267129            514         0.9976         2178.1          0.474
        1296000       0.267286            516         0.9976         2179.7          0.533
        1297000       0.267518            517         0.9976         2181.3          0.511
        1298000       0.267734            517         0.9976         2182.9          0.524
        1299000       0.267932            518         0.9976         2184.5          0.436
        1300000       0.268125            518         0.9976         2186.1          0.488
        1301000       0.268304            518         0.9976         2187.7          0.511
        1302000       0.268515            519         0.9976         2189.3          0.470
        1303000       0.268694            519         0.9976         2190.9          0.528
        1304000       0.268915            519         0.9976         2192.5          0.525
        1305000       0.269155            519         0.9976         2194.1          0.520
        1306000       0.269351            520         0.9976         2195.7          0.509
        1307000       0.269521            522         0.9976         2197.2          0.519
        1308000       0.269688            522         0.9976         2198.8          0.568
        1309000       0.269827            523         0.9976         2200.5          0.533
        1310000       0.270004            523         0.9976         2202.0          0.530
        1311000       0.270208            523         0.9976         2203.7          0.500
        1312000       0.270372            524         0.9975         2205.2          0.532
        1313000       0.270567            524         0.9975         2206.8          0.550
        1314000       0.270762            524         0.9976         2208.4          0.534
        1315000       0.270935            524         0.9975         2210.0          0.531
        1316000       0.271136            524         0.9975         2211.6          0.537
        1317000       0.271307            524         0.9975         2213.1          0.533
        1318000       0.271492            524         0.9975         2214.7          0.531
        1319000       0.271704            524         0.9975         2216.3          0.533
        1320000       0.271884            524         0.9975         2217.9          0.448
        1321000       0.272079            524         0.9975         2219.5          0.485
        1322000       0.272346            525         0.9975         2221.1          0.446
        1323000       0.272533            528         0.9975         2222.6          0.554
        1324000       0.272665            528         0.9975         2224.2          0.537
        1325000       0.272816            528         0.9975         2225.8          0.538
        1326000       0.273016            528         0.9975         2227.4          0.589
        1327000       0.273202            528         0.9975         2229.0          0.556
        1328000       0.273393            528         0.9975         2230.6          0.456
        1329000       0.273607            528         0.9975         2232.2          0.433
        1330000       0.273766            528         0.9975         2233.7          0.493
        1331000       0.273989            528         0.9975         2235.3          0.496
        1332000       0.274161            528         0.9975         2236.9          0.497
        1333000       0.274345            529         0.9975         2238.5          0.502
        1334000       0.274574            529         0.9975         2240.1          0.499
        1335000       0.274883            529         0.9975         2241.7          0.465
        1336000       0.275104            529         0.9975         2243.4          0.471
        1337000       0.275301            529         0.9975         2244.9          0.498
        1338000       0.275526            529         0.9975         2246.5          0.499
        1339000       0.275749            529         0.9975         2248.1          0.486
        1340000       0.275961            530         0.9975         2249.7          0.502
        1341000       0.276166            531         0.9975         2251.3          0.533
        1342000       0.276363            532         0.9975         2252.9          0.516
        1343000       0.276587            535         0.9975         2254.5          0.512
        1344000       0.276787            535         0.9975         2256.1          0.508
        1345000       0.276958            535         0.9975         2257.7          0.528
        1346000       0.277148            535         0.9975         2259.2          0.524
        1347000       0.277409            535         0.9975         2260.8          0.513
        1348000       0.277608            535         0.9975         2262.4          0.464
        1349000       0.277746            536         0.9975         2264.0          0.522
        1350000       0.277929            537         0.9975         2265.6          0.498
        1351000       0.278128            537         0.9975         2267.2          0.520
        1352000       0.278302            537         0.9975         2268.8          0.513
        1353000       0.278511            537         0.9975         2270.4          0.490
        1354000       0.278736            538         0.9975         2272.0          0.464
        1355000       0.278988            541         0.9975         2273.6          0.540
        1356000       0.279174            541         0.9975         2275.2          0.578
        1357000       0.279351            541         0.9975         2276.8          0.551
        1358000       0.279557            541         0.9975         2278.4          0.585
        1359000       0.279766            541         0.9975         2280.0          0.503
        1360000       0.279961            541         0.9975         2281.6          0.565
        1361000       0.280179            541         0.9975         2283.2          0.483
        1362000       0.280383            541         0.9975         2284.8          0.487
        1363000       0.280599            541         0.9975         2286.4          0.468
        1364000       0.280799            541         0.9975         2288.0          0.508
        1365000       0.280993            542         0.9975         2289.6          0.500
        1366000       0.281186            542         0.9975         2291.2          0.489
        1367000       0.281380            542         0.9975         2292.8          0.527
        1368000       0.281521            542         0.9975         2294.4          0.480
        1369000       0.281729            543         0.9975         2296.0          0.490
        1370000       0.281985            543         0.9975         2297.6          0.495
        1371000       0.282226            543         0.9975         2299.2          0.492
        1372000       0.282462            543         0.9975         2300.8          0.446
        1373000       0.282651            543         0.9975         2302.5          0.432
        1374000       0.282922            543         0.9975         2304.1          0.555
        1375000       0.283103            544         0.9975         2305.8          0.498
        1376000       0.283315            544         0.9975         2307.4          0.493
        1377000       0.283521            544         0.9975         2309.1          0.484
        1378000       0.283711            544         0.9975         2310.7          0.494
        1379000       0.283919            546         0.9975         2312.3          0.510
        1380000       0.284102            547         0.9975         2314.0          0.521
        1381000       0.284322            547         0.9975         2315.6          0.513
        1382000       0.284481            547         0.9975         2317.3          0.459
        1383000       0.284658            547         0.9975         2318.9          0.421
        1384000       0.284848            549         0.9975         2320.6          0.436
        1385000       0.285093            549         0.9975         2322.2          0.498
        1386000       0.285259            549         0.9975         2323.9          0.469
        1387000       0.285483            549         0.9975         2325.6          0.488
        1388000       0.285624            549         0.9975         2327.2          0.476
        1389000       0.285803            550         0.9975         2328.9          0.559
        1390000       0.285979            550         0.9975         2330.6          0.560
        1391000       0.286115            550         0.9975         2332.2          0.546
        1392000       0.286305            550         0.9975         2333.8          0.498
        1393000       0.286572            550         0.9975         2335.5          0.507
        1394000       0.286839            551         0.9975         2337.1          0.374
        1395000       0.287033            552         0.9975         2338.7          0.447
        1396000       0.287216            554         0.9975         2340.3          0.428
        1397000       0.287383            554         0.9975         2341.9          0.427
        1398000       0.287622            554         0.9975         2343.5          0.437
        1399000       0.287849            554         0.9975         2345.1          0.464
        1400000       0.288076            557         0.9975         2346.7          0.467
        1401000       0.288282            558         0.9975         2348.4          0.396
        1402000       0.288447            559         0.9975         2350.0          0.479
        1403000       0.288660            562         0.9975         2351.6          0.412
        1404000       0.288832            562         0.9975         2353.2          0.398
        1405000       0.289030            564         0.9975         2354.9          0.433
        1406000       0.289250            564         0.9974         2356.5          0.505
        1407000       0.289421            564         0.9975         2358.1          0.488
        1408000       0.289638            565         0.9974         2359.7          0.393
        1409000       0.289801            566         0.9974         2361.3          0.413
        1410000       0.290023            566         0.9974         2362.9          0.514
        1411000       0.290214            566         0.9974         2364.6          0.501
        1412000       0.290415            566         0.9974         2366.2          0.514
        1413000       0.290667            566         0.9974         2367.8          0.521
        1414000       0.290848            566         0.9974         2369.4          0.516
        1415000       0.291042            566         0.9974         2371.1          0.482
        1416000       0.291226            566         0.9974         2372.7          0.475
        1417000       0.291412            566         0.9974         2374.3          0.506
        1418000       0.291644            566         0.9974         2375.9          0.558
        1419000       0.291823            566         0.9974         2377.5          0.557
        1420000       0.292076            567         0.9974         2379.1          0.527
        1421000       0.292261            567         0.9974         2380.7          0.496
        1422000       0.292500            568         0.9974         2382.3          0.443
        1423000       0.292707            569         0.9974         2383.9          0.485
        1424000       0.292896            569         0.9974         2385.5          0.479
        1425000       0.293069            570         0.9974         2387.1          0.497
        1426000       0.293313            570         0.9974         2388.7          0.502
        1427000       0.293544            570         0.9974         2390.3          0.500
        1428000       0.293755            570         0.9974         2391.9          0.492
        1429000       0.293941            570         0.9974         2393.5          0.459
        1430000       0.294170            570         0.9974         2395.2          0.460
        1431000       0.294386            570         0.9974         2396.8          0.450
        1432000       0.294556            570         0.9974         2398.4          0.458
        1433000       0.294752            571         0.9974         2400.0          0.484
        1434000       0.294981            571         0.9974         2401.6          0.389
        1435000       0.295130            571         0.9974         2403.2          0.439
        1436000       0.295343            571         0.9974         2404.7          0.445
        1437000       0.295525            571         0.9974         2406.3          0.467
        1438000       0.295715            572         0.9974         2407.9          0.421
        1439000       0.295920            573         0.9974         2409.5          0.423
        1440000       0.296113            573         0.9974         2411.1          0.461
        1441000       0.296398            573         0.9974         2412.7          0.481
        1442000       0.296578            573         0.9974         2414.3          0.469
        1443000       0.296751            573         0.9974         2415.9          0.509
        1444000       0.296964            573         0.9974         2417.4          0.448
        1445000       0.297170            573         0.9974         2419.0          0.473
        1446000       0.297368            573         0.9974         2420.6          0.459
        1447000       0.297575            573         0.9974         2422.2          0.440
        1448000       0.297805            573         0.9974         2423.8          0.454
        1449000       0.297982            573         0.9974         2425.4          0.508
        1450000       0.298142            574         0.9974         2427.0          0.503
        1451000       0.298337            576         0.9974         2428.6          0.500
        1452000       0.298550            576         0.9974         2430.2          0.502
        1453000       0.298752            576         0.9974         2431.8          0.457
        1454000       0.298894            578         0.9974         2433.4          0.507
        1455000       0.299157            578         0.9974         2435.0          0.508
        1456000       0.299358            578         0.9974         2436.6          0.522
        1457000       0.299643            581         0.9974         2438.2          0.547
        1458000       0.299844            581         0.9974         2439.8          0.559
        1459000       0.300072            582         0.9974         2441.4          0.539
        1460000       0.300274            582         0.9974         2443.0          0.538
        1461000       0.300455            582         0.9974         2444.5          0.503
        1462000       0.300654            583         0.9974         2446.1          0.402
        1463000       0.300851            583         0.9974         2447.7          0.503
        1464000       0.301064            584         0.9974         2449.3          0.496
        1465000       0.301286            587         0.9974         2450.9          0.570
        1466000       0.301428            587         0.9974         2452.5          0.520
        1467000       0.301591            587         0.9974         2454.1          0.500
        1468000       0.301780            588         0.9974         2455.7          0.481
        1469000       0.301952            588         0.9974         2457.3          0.532
        1470000       0.302166            588         0.9974         2458.9          0.534
        1471000       0.302368            588         0.9974         2460.4          0.511
        1472000       0.302567            588         0.9974         2462.0          0.491
        1473000       0.302770            588         0.9974         2463.6          0.479
        1474000       0.302990            588         0.9974         2465.2          0.437
        1475000       0.303227            588         0.9974         2466.8          0.489
        1476000       0.303396            588         0.9974         2468.4          0.445
        1477000       0.303577            588         0.9974         2470.0          0.477
        1478000       0.303812            590         0.9974         2471.6          0.476
        1479000       0.303963            591         0.9974         2473.1          0.512
        1480000       0.304147            591         0.9974         2474.7          0.480
        1481000       0.304363            591         0.9974         2476.4          0.564
        1482000       0.304581            591         0.9974         2478.1          0.549
        1483000       0.304772            592         0.9974         2479.6          0.580
        1484000       0.304938            593         0.9973         2481.2          0.480
        1485000       0.305083            593         0.9973         2482.8          0.548
        1486000       0.305308            593         0.9973         2484.4          0.489
        1487000       0.305510            593         0.9973         2486.0          0.522
        1488000       0.305690            593         0.9973         2487.6          0.512
        1489000       0.305924            593         0.9973         2489.2          0.523
        1490000       0.306129            593         0.9973         2490.8          0.475
        1491000       0.306317            593         0.9973         2492.4          0.509
        1492000       0.306557            595         0.9973         2494.0          0.512
        1493000       0.306754            595         0.9973         2495.6          0.510
        1494000       0.306919            596         0.9973         2497.1          0.564
        1495000       0.307076            596         0.9973         2498.7          0.505
        1496000       0.307322            597         0.9973         2500.3          0.503
        1497000       0.307497            597         0.9973         2501.9          0.532
        1498000       0.307703            598         0.9973         2503.5          0.537
        1499000       0.307898            598         0.9973         2505.1          0.523
        1500000       0.308070            599         0.9973         2506.6          0.498
        1501000       0.308277            599         0.9973         2508.2          0.528
        1502000       0.308500            599         0.9973         2509.8          0.496
        1503000       0.308652            599         0.9973         2511.4          0.548
        1504000       0.308853            599         0.9973         2513.0          0.571
        1505000       0.309022            599         0.9973         2514.5          0.567
        1506000       0.309201            599         0.9973         2516.1          0.619
        1507000       0.309391            600         0.9973         2517.7          0.595
        1508000       0.309595            600         0.9973         2519.2          0.545
        1509000       0.309735            600         0.9973         2520.8          0.530
        1510000       0.309894            601         0.9973         2522.3          0.564
        1511000       0.310075            601         0.9973         2523.9          0.560
        1512000       0.310271            601         0.9973         2525.5          0.527
        1513000       0.310436            602         0.9973         2527.0          0.529
        1514000       0.310664            602         0.9973         2528.6          0.579
        1515000       0.310874            602         0.9973         2530.2          0.574
        1516000       0.311074            602         0.9973         2531.7          0.532
        1517000       0.311246            602         0.9973         2533.3          0.491
        1518000       0.311471            604         0.9973         2534.9          0.542
        1519000       0.311656            604         0.9973         2536.4          0.486
        1520000       0.311847            604         0.9973         2538.0          0.547
        1521000       0.311997            604         0.9973         2539.6          0.531
        1522000       0.312191            605         0.9973         2541.1          0.533
        1523000       0.312382            605         0.9973         2542.7          0.551
        1524000       0.312615            606         0.9973         2544.3          0.548
        1525000       0.312839            606         0.9973         2545.9          0.497
        1526000       0.313018            606         0.9973         2547.5          0.505
        1527000       0.313153            606         0.9973         2549.1          0.515
        1528000       0.313308            606         0.9973         2550.7          0.500
        1529000       0.313487            607         0.9973         2552.2          0.545
        1530000       0.313680            607         0.9973         2553.8          0.549
        1531000       0.313853            607         0.9973         2555.4          0.534
        1532000       0.314049            608         0.9973         2557.0          0.647
        1533000       0.314255            608         0.9973         2558.5          0.646
        1534000       0.314385            608         0.9973         2560.1          0.631
        1535000       0.314592            609         0.9973         2561.7          0.635
        1536000       0.314798            609         0.9973         2563.3          0.575
        1537000       0.314964            609         0.9973         2564.9          0.571
        1538000       0.315173            609         0.9973         2566.4          0.524
        1539000       0.315345            609         0.9973         2568.0          0.548
        1540000       0.315579            609         0.9973         2569.6          0.512
        1541000       0.315746            610         0.9973         2571.2          0.514
        1542000       0.315918            610         0.9973         2572.8          0.515
        1543000       0.316097            612         0.9973         2574.4          0.506
        1544000       0.316247            612         0.9973         2575.9          0.525
        1545000       0.316468            613         0.9973         2577.5          0.486
        1546000       0.316667            614         0.9973         2579.1          0.529
        1547000       0.316855            615         0.9973         2580.7          0.496
        1548000       0.317028            615         0.9973         2582.3          0.518
        1549000       0.317216            615         0.9973         2583.9          0.507
        1550000       0.317418            615         0.9973         2585.5          0.625
        1551000       0.317630            615         0.9973         2587.1          0.633
        1552000       0.317833            615         0.9973         2588.6          0.640
        1553000       0.318036            615         0.9973         2590.3          0.600
        1554000       0.318245            616         0.9973         2591.9          0.488
        1555000       0.318497            617         0.9973         2593.5          0.534
        1556000       0.318681            617         0.9973         2595.1          0.482
        1557000       0.318809            617         0.9973         2596.7          0.453
        1558000       0.318982            617         0.9973         2598.3          0.435
        1559000       0.319178            617         0.9973         2599.8          0.554
        1560000       0.319356            617         0.9973         2601.4          0.566
        1561000       0.319544            617         0.9973         2603.0          0.593
        1562000       0.319756            617         0.9973         2604.6          0.633
        1563000       0.319977            617         0.9973         2606.2          0.590
        1564000       0.320146            617         0.9973         2607.8          0.654
        1565000       0.320317            617         0.9973         2609.4          0.635
        1566000       0.320506            617         0.9973         2611.0          0.637
        1567000       0.320700            618         0.9973         2612.5          0.622
        1568000       0.320890            618         0.9973         2614.1          0.580
        1569000       0.321123            618         0.9973         2615.8          0.517
        1570000       0.321321            621         0.9973         2617.3          0.566
        1571000       0.321518            621         0.9973         2619.0          0.560
        1572000       0.321753            621         0.9973         2620.6          0.582
        1573000       0.322023            621         0.9973         2622.2          0.575
        1574000       0.322216            623         0.9973         2623.7          0.593
        1575000       0.322405            624         0.9973         2625.3          0.602
        1576000       0.322597            624         0.9973         2626.9          0.598
        1577000       0.322799            624         0.9973         2628.5          0.669
        1578000       0.322959            625         0.9973         2630.0          0.644
        1579000       0.323197            626         0.9973         2631.6          0.616
        1580000       0.323426            628         0.9973         2633.2          0.605
        1581000       0.323622            629         0.9973         2634.8          0.655
        1582000       0.323800            630         0.9973         2636.3          0.601
        1583000       0.324003            631         0.9973         2637.9          0.534
        1584000       0.324213            633         0.9973         2639.5          0.531
        1585000       0.324434            633         0.9972         2641.1          0.546
        1586000       0.324584            633         0.9972         2642.7          0.525
        1587000       0.324790            633         0.9972         2644.3          0.513
        1588000       0.324971            635         0.9972         2645.8          0.531
        1589000       0.325146            635         0.9972         2647.4          0.479
        1590000       0.325360            635         0.9972         2649.0          0.556
        1591000       0.325573            635         0.9972         2650.6          0.531
        1592000       0.325752            635         0.9972         2652.1          0.625
        1593000       0.325949            635         0.9972         2653.7          0.518
        1594000       0.326165            636         0.9972         2655.3          0.485
        1595000       0.326333            636         0.9972         2656.8          0.547
        1596000       0.326534            637         0.9972         2658.4          0.715
        1597000       0.326721            638         0.9972         2660.0          0.560
        1598000       0.326902            639         0.9972         2661.6          0.534
        1599000       0.327070            640         0.9972         2663.2          0.529
        1600000       0.327310            640         0.9972         2664.8          0.608
        1601000       0.327493            640         0.9972         2666.4          0.614
        1602000       0.327681            640         0.9972         2668.0          0.594
        1603000       0.327898            640         0.9972         2669.5          0.532
        1604000       0.328127            641         0.9972         2671.1          0.574
        1605000       0.328386            642         0.9972         2672.7          0.603
        1606000       0.328509            642         0.9972         2674.3          0.553
        1607000       0.328738            645         0.9972         2675.8          0.519
        1608000       0.328902            645         0.9972         2677.5          0.552
        1609000       0.329068            647         0.9972         2679.1          0.628
        1610000       0.329226            648         0.9972         2680.6          0.632
        1611000       0.329413            648         0.9972         2682.2          0.623
        1612000       0.329590            648         0.9972         2683.8          0.571
        1613000       0.329761            648         0.9972         2685.3          0.592
        1614000       0.329920            648         0.9972         2686.8          0.593
        1615000       0.330122            649         0.9972         2688.4          0.582
        1616000       0.330303            649         0.9972         2689.9          0.522
        1617000       0.330503            649         0.9972         2691.5          0.506
        1618000       0.330682            650         0.9972         2693.1          0.562
        1619000       0.330877            651         0.9972         2694.6          0.591
        1620000       0.331082            651         0.9972         2696.2          0.582
        1621000       0.331264            651         0.9972         2697.8          0.555
        1622000       0.331479            651         0.9972         2699.3          0.564
        1623000       0.331676            651         0.9972         2700.9          0.610
        1624000       0.331842            653         0.9972         2702.5          0.582
        1625000       0.331998            653         0.9972         2704.0          0.596
        1626000       0.332192            653         0.9972         2705.6          0.608
        1627000       0.332388            653         0.9972         2707.1          0.604
        1628000       0.332550            653         0.9972         2708.7          0.590
        1629000       0.332824            654         0.9972         2710.3          0.608
        1630000       0.333015            654         0.9972         2711.9          0.552
        1631000       0.333212            654         0.9972         2713.5          0.573
        1632000       0.333360            655         0.9972         2715.0          0.604
        1633000       0.333541            655         0.9972         2716.6          0.544
        1634000       0.333742            655         0.9972         2718.2          0.572
        1635000       0.333912            655         0.9972         2719.7          0.569
        1636000       0.334145            655         0.9972         2721.3          0.655
        1637000       0.334323            656         0.9972         2722.8          0.583
        1638000       0.334534            656         0.9972         2724.3          0.609
        1639000       0.334764            656         0.9972         2725.9          0.528
        1640000       0.334974            656         0.9972         2727.4          0.558
        1641000       0.335222            656         0.9972         2729.0          0.556
        1642000       0.335408            657         0.9972         2730.6          0.575
        1643000       0.335613            658         0.9972         2732.1          0.598
        1644000       0.335820            658         0.9972         2733.7          0.591
        1645000       0.335985            659         0.9972         2735.2          0.601
        1646000       0.336166            661         0.9972         2736.8          0.608
        1647000       0.336352            662         0.9972         2738.4          0.608
        1648000       0.336520            662         0.9972         2739.9          0.616
        1649000       0.336726            663         0.9972         2741.5          0.590
        1650000       0.336933            663         0.9972         2743.0          0.649
        1651000       0.337111            663         0.9972         2744.6          0.627
        1652000       0.337273            663         0.9972         2746.2          0.644
        1653000       0.337486            663         0.9972         2747.7          0.580
        1654000       0.337703            664         0.9972         2749.3          0.592
        1655000       0.337934            664         0.9972         2750.9          0.602
        1656000       0.338134            664         0.9972         2752.5          0.605
        1657000       0.338319            664         0.9972         2754.0          0.602
        1658000       0.338483            664         0.9972         2755.6          0.589
        1659000       0.338686            664         0.9972         2757.1          0.533
        1660000       0.338881            666         0.9972         2758.7          0.505
        1661000       0.339109            667         0.9972         2760.3          0.576
        1662000       0.339282            667         0.9972         2761.9          0.618
        1663000       0.339462            667         0.9972         2763.5          0.596
        1664000       0.339653            667         0.9972         2765.0          0.595
        1665000       0.339838            667         0.9972         2766.6          0.564
        1666000       0.340054            669         0.9972         2768.2          0.576
        1667000       0.340286            670         0.9972         2769.8          0.615
        1668000       0.340492            670         0.9972         2771.3          0.657
        1669000       0.340660            671         0.9972         2772.9          0.608
        1670000       0.340876            671         0.9972         2774.4          0.610
        1671000       0.341052            671         0.9972         2776.0          0.606
        1672000       0.341251            671         0.9972         2777.6          0.551
        1673000       0.341467            673         0.9972         2779.2          0.607
        1674000       0.341623            673         0.9972         2780.7          0.681
        1675000       0.341834            673         0.9972         2782.3          0.552
        1676000       0.342006            673         0.9972         2783.8          0.559
        1677000       0.342229            673         0.9972         2785.4          0.621
        1678000       0.342439            673         0.9972         2787.0          0.658
        1679000       0.342617            673         0.9972         2788.5          0.648
        1680000       0.342778            673         0.9972         2790.1          0.687
        1681000       0.342954            673         0.9972         2791.6          0.654
        1682000       0.343079            673         0.9972         2793.2          0.682
        1683000       0.343247            674         0.9972         2794.7          0.675
        1684000       0.343391            674         0.9972         2796.3          0.631
        1685000       0.343609            674         0.9972         2797.8          0.632
        1686000       0.343840            675         0.9972         2799.4          0.609
        1687000       0.344019            675         0.9972         2801.0          0.619
        1688000       0.344222            676         0.9972         2802.5          0.579
        1689000       0.344378            676         0.9972         2804.1          0.582
        1690000       0.344619            677         0.9972         2805.6          0.583
        1691000       0.344877            678         0.9972         2807.2          0.663
        1692000       0.345106            678         0.9972         2808.7          0.579
        1693000       0.345280            678         0.9971         2810.3          0.614
        1694000       0.345490            679         0.9971         2811.8          0.527
        1695000       0.345655            680         0.9971         2813.4          0.608
        1696000       0.345840            681         0.9971         2814.9          0.631
        1697000       0.346061            683         0.9971         2816.5          0.612
        1698000       0.346280            683         0.9971         2818.1          0.596
        1699000       0.346453            683         0.9971         2819.6          0.607
        1700000       0.346659            683         0.9971         2821.1          0.584
        1701000       0.346848            683         0.9971         2822.7          0.610
        1702000       0.347018            683         0.9971         2824.2          0.619
        1703000       0.347186            683         0.9971         2825.7          0.578
        1704000       0.347378            683         0.9971         2827.3          0.637
        1705000       0.347618            684         0.9971         2828.8          0.655
        1706000       0.347808            686         0.9971         2830.3          0.646
        1707000       0.348006            686         0.9971         2831.9          0.693
        1708000       0.348292            686         0.9971         2833.4          0.718
        1709000       0.348474            686         0.9971         2835.0          0.643
        1710000       0.348625            687         0.9971         2836.5          0.621
        1711000       0.348819            688         0.9971         2838.0          0.699
        1712000       0.349040            688         0.9971         2839.6          0.736
        1713000       0.349278            688         0.9971         2841.1          0.703
        1714000       0.349434            688         0.9971         2842.6          0.697
        1715000       0.349640            688         0.9971         2844.2          0.637
        1716000       0.349809            688         0.9971         2845.7          0.608
        1717000       0.350019            688         0.9971         2847.3          0.623
        1718000       0.350162            688         0.9971         2848.8          0.587
        1719000       0.350345            689         0.9971         2850.3          0.659
        1720000       0.350556            691         0.9971         2851.9          0.640
        1721000       0.350739            691         0.9971         2853.4          0.675
        1722000       0.350953            692         0.9971         2855.0          0.648
        1723000       0.351150            692         0.9971         2856.6          0.687
        1724000       0.351361            692         0.9971         2858.1          0.710
        1725000       0.351542            692         0.9971         2859.7          0.709
        1726000       0.351759            693         0.9971         2861.3          0.764
        1727000       0.351943            694         0.9971         2862.8          0.768
        1728000       0.352138            694         0.9971         2864.4          0.762
        1729000       0.352377            694         0.9971         2865.9          0.670
        1730000       0.352619            694         0.9971         2867.5          0.697
        1731000       0.352813            694         0.9971         2869.0          0.768
        1732000       0.352996            694         0.9971         2870.6          0.670
        1733000       0.353200            694         0.9971         2872.1          0.647
        1734000       0.353420            694         0.9971         2873.7          0.678
        1735000       0.353569            694         0.9971         2875.2          0.602
        1736000       0.353778            694         0.9971         2876.8          0.611
        1737000       0.353989            694         0.9971         2878.4          0.687
        1738000       0.354204            694         0.9971         2879.9          0.688
        1739000       0.354428            694         0.9971         2881.5          0.676
        1740000       0.354645            694         0.9971         2883.0          0.657
        1741000       0.354863            694         0.9971         2884.6          0.662
        1742000       0.355069            694         0.9971         2886.1          0.693
        1743000       0.355279            695         0.9971         2887.7          0.697
        1744000       0.355468            695         0.9971         2889.2          0.682
        1745000       0.355668            695         0.9971         2890.7          0.789
        1746000       0.355821            695         0.9971         2892.3          0.733
        1747000       0.356024            695         0.9971         2893.8          0.747
        1748000       0.356232            695         0.9971         2895.4          0.720
        1749000       0.356391            695         0.9971         2897.0          0.683
        1750000       0.356607            695         0.9971         2898.5          0.636
        1751000       0.356839            695         0.9971         2900.1          0.546
        1752000       0.357034            695         0.9971         2901.7          0.632
        1753000       0.357261            695         0.9971         2903.2          0.607
        1754000       0.357482            695         0.9971         2904.8          0.649
        1755000       0.357687            696         0.9971         2906.3          0.697
        1756000       0.357861            697         0.9971         2907.9          0.656
        1757000       0.358077            697         0.9971         2909.5          0.568
        1758000       0.358279            697         0.9971         2911.0          0.572
        1759000       0.358436            697         0.9971         2912.6          0.529
        1760000       0.358645            698         0.9971         2914.1          0.532
        1761000       0.358820            698         0.9971         2915.6          0.516
        1762000       0.359006            698         0.9971         2917.2          0.562
        1763000       0.359182            699         0.9971         2918.7          0.559
        1764000       0.359393            699         0.9971         2920.3          0.571
        1765000       0.359604            700         0.9971         2921.8          0.592
        1766000       0.359824            700         0.9971         2923.4          0.608
        1767000       0.360040            700         0.9971         2924.9          0.616
        1768000       0.360241            701         0.9971         2926.5          0.649
        1769000       0.360451            701         0.9971         2928.0          0.643
        1770000       0.360602            701         0.9971         2929.6          0.578
        1771000       0.360832            701         0.9971         2931.1          0.616
        1772000       0.361039            701         0.9971         2932.6          0.695
        1773000       0.361229            701         0.9971         2934.2          0.812
        1774000       0.361445            701         0.9971         2935.7          0.730
        1775000       0.361669            703         0.9971         2937.3          0.634
        1776000       0.361860            703         0.9971         2938.9          0.580
        1777000       0.362061            704         0.9971         2940.4          0.524
        1778000       0.362298            704         0.9971         2942.0          0.581
        1779000       0.362537            704         0.9971         2943.6          0.646
        1780000       0.362727            704         0.9971         2945.1          0.644
        1781000       0.362976            704         0.9971         2946.7          0.671
        1782000       0.363161            704         0.9971         2948.2          0.707
        1783000       0.363366            705         0.9971         2949.8          0.717
        1784000       0.363624            706         0.9971         2951.3          0.715
        1785000       0.363876            707         0.9971         2952.9          0.595
        1786000       0.364094            707         0.9971         2954.4          0.611
        1787000       0.364348            709         0.9971         2956.0          0.595
        1788000       0.364579            711         0.9971         2957.5          0.574
        1789000       0.364768            711         0.9971         2959.1          0.614
        1790000       0.365002            712         0.9971         2960.6          0.531
        1791000       0.365223            713         0.9971         2962.1          0.585
        1792000       0.365413            713         0.9971         2963.7          0.566
        1793000       0.365628            713         0.9971         2965.2          0.667
        1794000       0.365854            713         0.9971         2966.8          0.609
        1795000       0.366030            713         0.9971         2968.3          0.660
        1796000       0.366247            713         0.9971         2969.8          0.703
        1797000       0.366411            714         0.9971         2971.4          0.762
        1798000       0.366619            715         0.9971         2972.9          0.765
        1799000       0.366855            715         0.9971         2974.4          0.679
        1800000       0.367090            716         0.9971         2976.0          0.612
        1801000       0.367290            716         0.9971         2977.5          0.691
        1802000       0.367481            716         0.9970         2979.0          0.692
        1803000       0.367696            716         0.9970         2980.6          0.686
        1804000       0.367867            716         0.9970         2982.1          0.691
        1805000       0.368028            716         0.9970         2983.6          0.681
        1806000       0.368236            716         0.9970         2985.2          0.665
        1807000       0.368432            716         0.9970         2986.7          0.704
        1808000       0.368660            716         0.9970         2988.3          0.672
        1809000       0.368818            716         0.9970         2989.8          0.638
        1810000       0.368958            716         0.9970         2991.4          0.682
        1811000       0.369138            717         0.9970         2992.9          0.629
        1812000       0.369312            717         0.9970         2994.5          0.582
        1813000       0.369535            718         0.9970         2996.0          0.621
        1814000       0.369783            720         0.9970         2997.6          0.659
        1815000       0.369963            720         0.9970         2999.2          0.674
        1816000       0.370184            720         0.9970         3000.8          0.642
        1817000       0.370368            720         0.9970         3002.4          0.682
        1818000       0.370545            720         0.9970         3003.9          0.675
        1819000       0.370678            720         0.9970         3005.5          0.642
        1820000       0.370814            720         0.9970         3007.1          0.644
        1821000       0.370953            721         0.9970         3008.8          0.646
        1822000       0.371179            721         0.9970         3010.3          0.606
        1823000       0.371396            721         0.9970         3011.9          0.596
        1824000       0.371601            722         0.9970         3013.4          0.619
        1825000       0.371803            722         0.9970         3014.9          0.716
        1826000       0.372004            722         0.9970         3016.5          0.796
        1827000       0.372165            724         0.9970         3018.0          0.770
        1828000       0.372394            724         0.9970         3019.6          0.726
        1829000       0.372597            726         0.9970         3021.1          0.813
        1830000       0.372794            727         0.9970         3022.7          0.807
        1831000       0.372968            728         0.9970         3024.3          0.822
        1832000       0.373176            729         0.9970         3025.8          0.754
        1833000       0.373378            730         0.9970         3027.4          0.667
        1834000       0.373604            731         0.9970         3028.9          0.739
        1835000       0.373772            731         0.9970         3030.6          0.704
        1836000       0.373939            731         0.9970         3032.2          0.670
        1837000       0.374144            731         0.9970         3033.8          0.621
        1838000       0.374345            732         0.9970         3035.4          0.694
        1839000       0.374522            733         0.9970         3037.0          0.694
        1840000       0.374720            733         0.9970         3038.6          0.664
        1841000       0.374950            734         0.9970         3040.1          0.763
        1842000       0.375153            735         0.9970         3041.7          0.763
        1843000       0.375361            736         0.9970         3043.3          0.806
        1844000       0.375604            736         0.9970         3044.9          0.694
        1845000       0.375799            738         0.9970         3046.4          0.745
        1846000       0.375982            738         0.9970         3048.0          0.745
        1847000       0.376172            739         0.9970         3049.6          0.739
        1848000       0.376323            739         0.9970         3051.1          0.670
        1849000       0.376497            739         0.9970         3052.7          0.708
        1850000       0.376709            739         0.9970         3054.2          0.720
        1851000       0.376957            739         0.9970         3055.8          0.701
        1852000       0.377089            739         0.9970         3057.4          0.739
        1853000       0.377290            740         0.9970         3058.9          0.637
        1854000       0.377477            741         0.9970         3060.5          0.625
        1855000       0.377732            741         0.9970         3062.0          0.697
        1856000       0.378000            741         0.9970         3063.6          0.781
        1857000       0.378209            741         0.9970         3065.1          0.717
        1858000       0.378386            742         0.9970         3066.7          0.735
        1859000       0.378607            743         0.9970         3068.3          0.756
        1860000       0.378845            743         0.9970         3069.8          0.769
        1861000       0.379074            746         0.9970         3071.4          0.769
        1862000       0.379261            747         0.9970         3072.9          0.734
        1863000       0.379433            748         0.9970         3074.5          0.734
        1864000       0.379661            748         0.9970         3076.0          0.745
        1865000       0.379876            749         0.9970         3077.6          0.818
        1866000       0.380046            750         0.9970         3079.1          0.801
        1867000       0.380222            750         0.9970         3080.7          0.798
        1868000       0.380435            750         0.9970         3082.3          0.777
        1869000       0.380596            751         0.9970         3083.8          0.800
        1870000       0.380803            752         0.9970         3085.4          0.797
        1871000       0.381028            752         0.9970         3086.9          0.828
        1872000       0.381248            753         0.9970         3088.5          0.808
        1873000       0.381412            754         0.9970         3090.0          0.754
        1874000       0.381586            755         0.9970         3091.6          0.750
        1875000       0.381781            756         0.9970         3093.2          0.790
        1876000       0.382008            757         0.9970         3094.7          0.761
        1877000       0.382199            757         0.9970         3096.3          0.725
        1878000       0.382369            758         0.9970         3097.8          0.844
        1879000       0.382552            759         0.9970         3099.3          0.807
        1880000       0.382797            759         0.9970         3100.9          0.807
        1881000       0.383009            759         0.9970         3102.4          0.771
        1882000       0.383171            759         0.9970         3104.0          0.789
        1883000       0.383369            759         0.9970         3105.5          0.798
        1884000       0.383616            760         0.9970         3107.1          0.856
        1885000       0.383752            760         0.9970         3108.6          0.764
        1886000       0.383950            760         0.9970         3110.2          0.737
        1887000       0.384112            760         0.9970         3111.7          0.714
        1888000       0.384339            760         0.9970         3113.2          0.852
        1889000       0.384492            761         0.9970         3114.8          0.811
        1890000       0.384739            761         0.9970         3116.3          0.782
        1891000       0.384973            762         0.9970         3117.9          0.801
        1892000       0.385166            763         0.9970         3119.4          0.783
        1893000       0.385340            763         0.9970         3121.0          0.786
        1894000       0.385598            763         0.9970         3122.5          0.790
        1895000       0.385770            763         0.9970         3124.0          0.758
        1896000       0.385948            763         0.9970         3125.5          0.774
        1897000       0.386118            763         0.9970         3127.1          0.788
        1898000       0.386318            764         0.9970         3128.6          0.811
        1899000       0.386488            764         0.9970         3130.1          0.810
        1900000       0.386736            765         0.9970         3131.6          0.776
        1901000       0.386963            765         0.9970         3133.2          0.740
        1902000       0.387147            765         0.9970         3134.7          0.785
        1903000       0.387369            765         0.9970         3136.2          0.784
        1904000       0.387552            765         0.9970         3137.7          0.863
        1905000       0.387758            765         0.9970         3139.2          0.840
        1906000       0.387993            765         0.9969         3140.8          0.855
        1907000       0.388263            766         0.9969         3142.3          0.860
        1908000       0.388453            767         0.9969         3143.8          0.786
        1909000       0.388647            767         0.9969         3145.3          0.851
        1910000       0.388829            768         0.9969         3146.8          0.863
        1911000       0.389041            769         0.9969         3148.4          0.874
        1912000       0.389252            770         0.9969         3149.9          0.740
        1913000       0.389477            770         0.9969         3151.4          0.848
        1914000       0.389704            771         0.9969         3152.9          0.974
        1915000       0.389940            771         0.9969         3154.4          0.725
        1916000       0.390174            771         0.9969         3156.0          0.745
        1917000       0.390417            771         0.9969         3157.5          0.739
        1918000       0.390674            771         0.9969         3159.0          0.805
        1919000       0.390871            772         0.9969         3160.5          0.818
        1920000       0.391094            772         0.9969         3162.0          0.865
        1921000       0.391251            772         0.9969         3163.5          0.868
        1922000       0.391420            772         0.9969         3165.0          0.775
        1923000       0.391559            772         0.9969         3166.6          0.851
        1924000       0.391729            772         0.9969         3168.1          0.788
        1925000       0.391942            772         0.9969         3169.6          0.772
        1926000       0.392115            772         0.9969         3171.1          0.785
        1927000       0.392329            772         0.9969         3172.6          0.802
        1928000       0.392464            772         0.9969         3174.1          0.777
        1929000       0.392660            772         0.9969         3175.6          0.822
        1930000       0.392846            772         0.9969         3177.2          0.825
        1931000       0.393046            772         0.9969         3178.7          0.810
        1932000       0.393229            772         0.9969         3180.2          0.777
        1933000       0.393401            773         0.9969         3181.8          0.790
        1934000       0.393561            774         0.9969         3183.3          0.781
        1935000       0.393758            774         0.9969         3184.8          0.868
        1936000       0.393978            774         0.9969         3186.3          0.815
        1937000       0.394158            776         0.9969         3187.8          0.834
        1938000       0.394358            777         0.9969         3189.4          0.792
        1939000       0.394539            777         0.9969         3190.9          0.763
        1940000       0.394766            779         0.9969         3192.4          0.743
        1941000       0.394961            779         0.9969         3193.9          0.798
        1942000       0.395167            780         0.9969         3195.4          0.699
        1943000       0.395349            781         0.9969         3196.9          0.778
        1944000       0.395592            783         0.9969         3198.5          0.765
        1945000       0.395807            783         0.9969         3200.0          0.823
        1946000       0.395930            783         0.9969         3201.5          0.823
        1947000       0.396096            783         0.9969         3203.0          0.790
        1948000       0.396323            783         0.9969         3204.6          0.746
        1949000       0.396531            784         0.9969         3206.1          0.839
        1950000       0.396743            785         0.9969         3207.6          0.835
        1951000       0.396942            786         0.9969         3209.1          0.756
        1952000       0.397108            787         0.9969         3210.6          0.823
        1953000       0.397321            787         0.9969         3212.1          0.764
        1954000       0.397484            787         0.9969         3213.7          0.799
        1955000       0.397689            787         0.9969         3215.2          0.763
        1956000       0.397875            787         0.9969         3216.7          0.751
        1957000       0.398030            788         0.9969         3218.2          0.758
        1958000       0.398254            789         0.9969         3219.8          0.782
        1959000       0.398440            789         0.9969         3221.3          0.812
        1960000       0.398683            790         0.9969         3222.8          0.842
        1961000       0.398969            791         0.9969         3224.3          0.716
        1962000       0.399157            791         0.9969         3225.8          0.795
        1963000       0.399350            792         0.9969         3227.4          0.804
        1964000       0.399553            793         0.9969         3228.9          0.709
        1965000       0.399753            794         0.9969         3230.4          0.727
        1966000       0.399990            794         0.9969         3231.9          0.723
        1967000       0.400154            794         0.9969         3233.4          0.706
        1968000       0.400372            794         0.9969         3235.0          0.715
        1969000       0.400579            794         0.9969         3236.5          0.698
        1970000       0.400773            794         0.9969         3238.0          0.736
        1971000       0.401013            795         0.9969         3239.5          0.749
        1972000       0.401178            795         0.9969         3241.0          0.747
        1973000       0.401313            795         0.9969         3242.5          0.760
        1974000       0.401508            795         0.9969         3244.0          0.842
        1975000       0.401744            795         0.9969         3245.5          0.804
        1976000       0.401967            795         0.9969         3247.1          0.758
        1977000       0.402201            795         0.9969         3248.6          0.860
        1978000       0.402418            795         0.9969         3250.1          0.805
        1979000       0.402629            796         0.9969         3251.6          0.797
        1980000       0.402820            796         0.9969         3253.1          0.729
        1981000       0.403049            797         0.9969         3254.6          0.703
        1982000       0.403172            797         0.9969         3256.1          0.713
        1983000       0.403310            797         0.9969         3257.6          0.807
        1984000       0.403519            797         0.9969         3259.1          0.824
        1985000       0.403694            797         0.9969         3260.6          0.741
        1986000       0.403907            797         0.9969         3262.1          0.765
        1987000       0.404121            798         0.9969         3263.7          0.803
        1988000       0.404346            798         0.9969         3265.7          0.811
        1989000       0.404541            799         0.9969         3267.2          0.801
        1990000       0.404731            799         0.9969         3268.7          0.789
        1991000       0.404939            799         0.9969         3270.2          0.781
        1992000       0.405124            799         0.9969         3271.7          0.883
        1993000       0.405300            799         0.9969         3273.2          0.899
        1994000       0.405515            799         0.9969         3274.7          0.854
        1995000       0.405710            799         0.9969         3276.2          0.843
        1996000       0.405970            800         0.9969         3277.7          0.899
        1997000       0.406155            800         0.9969         3279.3          0.925
        1998000       0.406306            800         0.9969         3280.8          0.910
        1999000       0.406518            800         0.9969         3282.3          0.861
        2000000       0.406760            800         0.9969         3283.8          0.879
        2001000       0.406962            801         0.9969         3285.3          0.884
        2002000       0.407177            801         0.9969         3286.8          0.757
        2003000       0.407363            801         0.9969         3288.3          0.753
        2004000       0.407553            802         0.9969         3289.9          0.766
        2005000       0.407741            802         0.9969         3291.4          0.828
        2006000       0.407959            802         0.9969         3292.9          0.877
        2007000       0.408150            802         0.9969         3294.4          0.881
        2008000       0.408387            802         0.9969         3295.9          0.889
        2009000       0.408611            802         0.9969         3297.4          0.886
        2010000       0.408777            802         0.9969         3298.9          0.925
        2011000       0.408927            803         0.9969         3300.4          0.927
        2012000       0.409173            804         0.9969         3301.9          0.926
        2013000       0.409307            804         0.9969         3303.4          0.937
        2014000       0.409495            804         0.9969         3304.9          0.888
        2015000       0.409687            804         0.9969         3306.5          0.882
        2016000       0.409900            805         0.9969         3308.0          0.842
        2017000       0.410122            805         0.9968         3309.5          0.818
        2018000       0.410328            805         0.9968         3311.0          0.877
        2019000       0.410513            805         0.9968         3312.5          0.869
        2020000       0.410706            806         0.9968         3314.0          0.847
        2021000       0.410929            807         0.9968         3315.5          0.825
        2022000       0.411065            808         0.9968         3317.0          0.735
        2023000       0.411277            809         0.9968         3318.6          0.740
        2024000       0.411467            809         0.9968         3320.1          0.796
        2025000       0.411704            810         0.9968         3321.6          0.843
        2026000       0.411891            811         0.9968         3323.2          0.858
        2027000       0.412079            812         0.9968         3324.7          0.898
        2028000       0.412241            812         0.9968         3326.2          0.891
        2029000       0.412440            814         0.9968         3327.8          0.876
        2030000       0.412620            815         0.9968         3329.3          0.826
        2031000       0.412812            815         0.9968         3330.8          0.776
        2032000       0.412992            815         0.9968         3332.3          0.789
        2033000       0.413183            815         0.9968         3333.9          0.764
        2034000       0.413391            817         0.9968         3335.4          0.733
        2035000       0.413630            818         0.9968         3336.9          0.928
        2036000       0.413786            818         0.9968         3338.5          0.840
        2037000       0.413964            818         0.9968         3340.0          0.814
        2038000       0.414145            818         0.9968         3341.6          0.760
        2039000       0.414298            818         0.9968         3343.1          0.726
        2040000       0.414486            818         0.9968         3344.6          0.662
        2041000       0.414636            819         0.9968         3346.1          0.775
        2042000       0.414799            819         0.9968         3347.6          0.731
        2043000       0.414976            820         0.9968         3349.2          0.837
        2044000       0.415203            820         0.9968         3350.7          0.774
        2045000       0.415379            820         0.9968         3352.2          0.694
        2046000       0.415580            820         0.9968         3353.7          0.746
        2047000       0.415805            820         0.9968         3355.3          0.739
        2048000       0.416008            821         0.9968         3356.8          0.762
        2049000       0.416191            821         0.9968         3358.3          0.763
        2050000       0.416357            822         0.9968         3359.8          0.736
        2051000       0.416578            823         0.9968         3361.3          0.816
        2052000       0.416753            823         0.9968         3362.8          0.670
        2053000       0.416999            823         0.9968         3364.4          0.676
        2054000       0.417154            823         0.9968         3365.9          0.707
        2055000       0.417355            823         0.9968         3367.4          0.688
        2056000       0.417498            823         0.9968         3369.0          0.659
        2057000       0.417695            825         0.9968         3370.5          0.710
        2058000       0.417868            825         0.9968         3372.0          0.760
        2059000       0.418006            825         0.9968         3373.6          0.716
        2060000       0.418254            825         0.9968         3375.1          0.735
        2061000       0.418448            826         0.9968         3376.6          0.621
        2062000       0.418626            828         0.9968         3378.1          0.683
        2063000       0.418849            828         0.9968         3379.6          0.743
        2064000       0.419119            829         0.9968         3381.2          0.672
        2065000       0.419320            830         0.9968         3382.7          0.678
        2066000       0.419517            831         0.9968         3384.2          0.730
        2067000       0.419707            832         0.9968         3385.7          0.788
        2068000       0.419894            832         0.9968         3387.2          0.691
        2069000       0.420072            833         0.9968         3388.8          0.676
        2070000       0.420280            834         0.9968         3390.3          0.709
        2071000       0.420511            834         0.9968         3391.9          0.715
        2072000       0.420714            834         0.9968         3393.4          0.845
        2073000       0.420892            834         0.9968         3395.0          0.748
        2074000       0.421055            834         0.9968         3396.5          0.827
        2075000       0.421304            835         0.9968         3398.0          0.752
        2076000       0.421491            835         0.9968         3399.6          0.775
        2077000       0.421747            835         0.9968         3401.1          0.774
        2078000       0.421929            835         0.9968         3402.7          0.826
        2079000       0.422115            836         0.9968         3404.2          0.873
        2080000       0.422331            836         0.9968         3405.7          0.802
        2081000       0.422526            836         0.9968         3407.3          0.871
        2082000       0.422756            836         0.9968         3408.8          0.829
        2083000       0.422957            836         0.9968         3410.3          0.802
        2084000       0.423195            836         0.9968         3411.9          0.840
        2085000       0.423399            836         0.9968         3413.4          0.864
        2086000       0.423582            836         0.9968         3414.9          0.800
        2087000       0.423772            836         0.9968         3416.5          0.772
        2088000       0.423985            836         0.9968         3418.0          0.722
        2089000       0.424208            837         0.9968         3419.5          0.792
        2090000       0.424440            837         0.9968         3421.0          0.810
        2091000       0.424598            837         0.9968         3422.6          0.759
        2092000       0.424765            837         0.9968         3424.1          0.789
        2093000       0.424973            837         0.9968         3425.6          0.810
        2094000       0.425198            838         0.9968         3427.1          0.893
        2095000       0.425399            838         0.9968         3428.6          0.790
        2096000       0.425572            838         0.9968         3430.1          0.766
        2097000       0.425758            839         0.9968         3431.7          0.784
        2098000       0.425940            840         0.9968         3433.2          0.831
        2099000       0.426153            840         0.9968         3434.7          0.803
        2100000       0.426328            841         0.9968         3436.2          0.896
        2101000       0.426537            841         0.9968         3437.8          0.868
        2102000       0.426725            841         0.9968         3439.3          0.836
        2103000       0.426936            841         0.9968         3440.8          0.811
        2104000       0.427213            842         0.9968         3442.3          0.843
        2105000       0.427421            842         0.9968         3443.8          0.861
        2106000       0.427645            843         0.9968         3445.4          0.874
        2107000       0.427857            843         0.9968         3446.9          0.857
        2108000       0.428050            843         0.9968         3448.4          0.898
        2109000       0.428245            843         0.9968         3449.9          0.960
        2110000       0.428421            844         0.9968         3451.5          0.930
        2111000       0.428621            844         0.9968         3453.0          0.938
        2112000       0.428831            844         0.9968         3454.6          0.829
        2113000       0.429054            844         0.9968         3456.1          0.895
        2114000       0.429260            844         0.9968         3457.6          0.833
        2115000       0.429464            844         0.9968         3459.2          0.723
        2116000       0.429631            847         0.9968         3460.7          0.667
        2117000       0.429806            847         0.9968         3462.2          0.714
        2118000       0.430024            847         0.9968         3463.7          0.735
        2119000       0.430198            848         0.9968         3465.2          0.715
        2120000       0.430419            848         0.9968         3466.8          0.707
        2121000       0.430586            848         0.9968         3468.3          0.701
        2122000       0.430769            848         0.9968         3469.8          0.827
        2123000       0.430959            848         0.9968         3471.4          0.830
        2124000       0.431173            848         0.9967         3472.9          0.830
        2125000       0.431364            849         0.9967         3474.4          0.902
        2126000       0.431516            849         0.9967         3476.0          0.760
        2127000       0.431675            852         0.9967         3477.5          0.741
        2128000       0.431909            853         0.9967         3479.0          0.599
        2129000       0.432105            853         0.9967         3480.5          0.695
        2130000       0.432323            853         0.9967         3482.1          0.664
        2131000       0.432486            853         0.9967         3483.6          0.600
        2132000       0.432683            853         0.9967         3485.1          0.659
        2133000       0.432834            854         0.9967         3486.7          0.677
        2134000       0.433027            854         0.9967         3488.2          0.658
        2135000       0.433198            854         0.9967         3489.7          0.672
        2136000       0.433342            855         0.9967         3491.2          0.712
        2137000       0.433557            855         0.9967         3492.8          0.697
        2138000       0.433720            856         0.9967         3494.3          0.678
        2139000       0.433945            856         0.9967         3495.8          0.612
        2140000       0.434128            856         0.9967         3497.4          0.628
        2141000       0.434322            856         0.9967         3498.9          0.687
        2142000       0.434549            856         0.9967         3500.5          0.685
        2143000       0.434734            856         0.9967         3502.0          0.730
        2144000       0.434883            857         0.9967         3503.6          0.743
        2145000       0.435036            858         0.9967         3505.1          0.694
        2146000       0.435254            858         0.9967         3506.6          0.648
        2147000       0.435450            858         0.9967         3508.2          0.707
        2148000       0.435659            858         0.9967         3509.7          0.680
        2149000       0.435875            859         0.9967         3511.2          0.752
        2150000       0.436058            859         0.9967         3512.7          0.703
        2151000       0.436218            859         0.9967         3514.3          0.682
        2152000       0.436418            859         0.9967         3515.8          0.716
        2153000       0.436615            859         0.9967         3517.3          0.577
        2154000       0.436791            859         0.9967         3518.9          0.684
        2155000       0.437011            859         0.9967         3520.4          0.627
        2156000       0.437212            860         0.9967         3521.9          0.692
        2157000       0.437437            860         0.9967         3523.4          0.692
        2158000       0.437638            861         0.9967         3525.0          0.740
        2159000       0.437812            861         0.9967         3526.5          0.712
        2160000       0.438083            861         0.9967         3528.0          0.734
        2161000       0.438329            862         0.9967         3529.5          0.647
        2162000       0.438504            862         0.9967         3531.0          0.672
        2163000       0.438710            862         0.9967         3532.6          0.712
        2164000       0.438891            863         0.9967         3534.1          0.723
        2165000       0.439073            863         0.9967         3535.6          0.777
        2166000       0.439224            864         0.9967         3537.1          0.768
        2167000       0.439420            864         0.9967         3538.7          0.784
        2168000       0.439615            864         0.9967         3540.2          0.707
        2169000       0.439799            864         0.9967         3541.7          0.707
        2170000       0.439954            865         0.9967         3543.1          0.783
        2171000       0.440182            865         0.9967         3544.7          0.716
        2172000       0.440384            866         0.9967         3546.2          0.803
        2173000       0.440583            866         0.9967         3547.7          0.779
        2174000       0.440736            867         0.9967         3549.2          0.786
        2175000       0.440956            867         0.9967         3550.8          0.778
        2176000       0.441158            867         0.9967         3552.3          0.809
        2177000       0.441338            867         0.9967         3553.8          0.797
        2178000       0.441542            867         0.9967         3555.4          0.819
        2179000       0.441723            868         0.9967         3556.9          0.757
        2180000       0.441909            868         0.9967         3558.4          0.799
        2181000       0.442120            869         0.9967         3559.9          0.742
        2182000       0.442329            870         0.9967         3561.4          0.752
        2183000       0.442519            872         0.9967         3563.0          0.662
        2184000       0.442698            872         0.9967         3564.5          0.713
        2185000       0.442874            873         0.9967         3566.0          0.689
        2186000       0.443072            873         0.9967         3567.5          0.734
        2187000       0.443278            873         0.9967         3569.0          0.723
        2188000       0.443484            873         0.9967         3570.5          0.770
        2189000       0.443667            873         0.9967         3572.1          0.765
        2190000       0.443860            873         0.9967         3573.6          0.769
        2191000       0.444053            876         0.9967         3575.1          0.745
        2192000       0.444236            876         0.9967         3576.6          0.674
        2193000       0.444434            876         0.9967         3578.1          0.694
        2194000       0.444604            876         0.9967         3579.8          0.697
        2195000       0.444823            876         0.9967         3581.3          0.633
        2196000       0.444988            877         0.9967         3582.8          0.702
        2197000       0.445189            877         0.9967         3584.5          0.732
        2198000       0.445360            878         0.9967         3586.1          0.694
        2199000       0.445581            878         0.9967         3587.6          0.665
        2200000       0.445711            878         0.9967         3589.1          0.660
        2201000       0.445905            878         0.9967         3590.6          0.688
        2202000       0.446105            880         0.9967         3592.1          0.629
        2203000       0.446320            882         0.9967         3593.6          0.745
        2204000       0.446480            883         0.9967         3595.2          0.710
        2205000       0.446657            883         0.9967         3596.7          0.697
        2206000       0.446880            884         0.9967         3598.2          0.697
        2207000       0.447067            886         0.9967         3599.7          0.650
        2208000       0.447323            887         0.9967         3601.3          0.633
        2209000       0.447500            887         0.9967         3602.8          0.616
        2210000       0.447696            887         0.9967         3604.3          0.625
        2211000       0.447938            887         0.9967         3605.8          0.682
        2212000       0.448106            887         0.9967         3607.4          0.724
        2213000       0.448281            888         0.9967         3608.9          0.688
        2214000       0.448436            889         0.9967         3610.4          0.606
        2215000       0.448661            889         0.9967         3611.9          0.683
        2216000       0.448878            890         0.9967         3613.4          0.715
        2217000       0.449038            890         0.9967         3615.0          0.713
        2218000       0.449188            890         0.9967         3616.5          0.661
        2219000       0.449364            890         0.9967         3618.0          0.767
        2220000       0.449575            890         0.9967         3619.5          0.721
        2221000       0.449757            890         0.9967         3621.0          0.763
        2222000       0.449938            891         0.9967         3622.5          0.717
        2223000       0.450185            891         0.9967         3624.1          0.661
        2224000       0.450324            891         0.9967         3625.6          0.675
        2225000       0.450508            891         0.9967         3627.1          0.759
        2226000       0.450673            891         0.9967         3628.6          0.884
        2227000       0.450870            892         0.9967         3630.2          0.876
        2228000       0.451090            892         0.9967         3631.7          0.743
        2229000       0.451249            893         0.9967         3633.2          0.705
        2230000       0.451431            894         0.9967         3634.7          0.719
        2231000       0.451677            894         0.9967         3636.3          0.828
        2232000       0.451894            895         0.9967         3637.8          0.844
        2233000       0.452075            895         0.9967         3639.3          0.895
        2234000       0.452237            895         0.9967         3640.8          0.846
        2235000       0.452434            895         0.9967         3642.3          0.844
        2236000       0.452641            895         0.9967         3643.8          0.865
        2237000       0.452822            895         0.9967         3645.3          0.857
        2238000       0.453005            895         0.9967         3646.8          0.846
        2239000       0.453187            895         0.9967         3648.4          0.832
        2240000       0.453375            895         0.9967         3649.9          0.809
        2241000       0.453576            896         0.9967         3651.4          0.850
        2242000       0.453791            896         0.9967         3652.9          0.721
        2243000       0.453976            896         0.9967         3654.4          0.785
        2244000       0.454160            897         0.9967         3655.9          0.828
        2245000       0.454365            898         0.9967         3657.4          0.776
        2246000       0.454538            898         0.9967         3658.9          0.796
        2247000       0.454702            898         0.9967         3660.5          0.755
        2248000       0.454861            898         0.9967         3662.0          0.790
        2249000       0.455010            898         0.9967         3663.5          0.812
        2250000       0.455209            899         0.9967         3665.0          0.836
        2251000       0.455460            899         0.9967         3666.5          0.875
        2252000       0.455631            901         0.9967         3668.0          0.840
        2253000       0.455854            901         0.9967         3669.5          0.833
        2254000       0.455978            902         0.9967         3671.0          0.815
        2255000       0.456193            902         0.9967         3672.5          0.821
        2256000       0.456368            902         0.9967         3674.0          0.939
        2257000       0.456544            903         0.9967         3675.5          0.897
        2258000       0.456757            905         0.9967         3677.1          0.922
        2259000       0.456913            905         0.9966         3678.6          0.949
        2260000       0.457090            905         0.9967         3680.1          0.822
        2261000       0.457272            905         0.9966         3681.6          0.849
        2262000       0.457477            905         0.9966         3683.1          0.862
        2263000       0.457712            905         0.9966         3684.6          0.862
        2264000       0.457877            905         0.9966         3686.1          0.901
        2265000       0.458094            905         0.9966         3687.6          0.924
        2266000       0.458353            905         0.9966         3689.1          0.944
        2267000       0.458563            906         0.9966         3690.6          0.921
        2268000       0.458761            906         0.9966         3692.1          0.937
        2269000       0.458931            909         0.9966         3693.6          0.948
        2270000       0.459108            910         0.9966         3695.1          0.797
        2271000       0.459260            910         0.9966         3696.7          0.893
        2272000       0.459496            910         0.9966         3698.2          0.746
        2273000       0.459714            912         0.9966         3699.7          0.860
        2274000       0.459931            913         0.9966         3701.2          0.754
        2275000       0.460114            914         0.9966         3702.7          0.843
        2276000       0.460275            915         0.9966         3704.3          0.771
        2277000       0.460444            916         0.9966         3705.8          0.766
        2278000       0.460632            916         0.9966         3707.3          0.767
        2279000       0.460767            916         0.9966         3708.8          0.825
        2280000       0.460959            917         0.9966         3710.4          0.875
        2281000       0.461167            917         0.9966         3711.9          0.901
        2282000       0.461359            918         0.9966         3713.4          0.933
        2283000       0.461543            919         0.9966         3715.0          0.975
        2284000       0.461723            920         0.9966         3716.5          0.930
        2285000       0.461896            920         0.9966         3718.1          1.010
        2286000       0.462092            920         0.9966         3719.6          0.884
        2287000       0.462321            921         0.9966         3721.1          0.937
        2288000       0.462532            921         0.9966         3722.6          0.897
        2289000       0.462735            921         0.9966         3724.2          0.884
        2290000       0.462913            921         0.9966         3725.7          0.907
        2291000       0.463096            921         0.9966         3727.2          0.900
        2292000       0.463294            922         0.9966         3728.8          0.930
        2293000       0.463521            922         0.9966         3730.3          0.896
        2294000       0.463736            923         0.9966         3731.9          0.994
        2295000       0.463955            923         0.9966         3733.4          0.918
        2296000       0.464176            927         0.9966         3734.9          0.921
        2297000       0.464367            927         0.9966         3736.5          0.860
        2298000       0.464551            927         0.9966         3738.0          0.852
        2299000       0.464762            927         0.9966         3739.6          0.825
        2300000       0.464960            927         0.9966         3741.1          0.805
        2301000       0.465196            927         0.9966         3742.6          0.850
        2302000       0.465395            928         0.9966         3744.1          0.794
        2303000       0.465561            929         0.9966         3745.7          0.832
        2304000       0.465774            929         0.9966         3747.2          0.845
        2305000       0.465966            929         0.9966         3748.7          0.780
        2306000       0.466174            929         0.9966         3750.3          0.796
        2307000       0.466371            930         0.9966         3751.8          0.769
        2308000       0.466558            930         0.9966         3753.3          0.824
        2309000       0.466819            930         0.9966         3754.9          0.744
        2310000       0.467009            931         0.9966         3756.4          0.787
        2311000       0.467217            932         0.9966         3757.9          0.825
        2312000       0.467451            932         0.9966         3759.4          0.829
        2313000       0.467593            932         0.9966         3761.0          0.839
        2314000       0.467807            932         0.9966         3762.5          0.780
        2315000       0.468006            932         0.9966         3764.1          0.685
        2316000       0.468236            933         0.9966         3765.6          0.800
        2317000       0.468428            933         0.9966         3767.2          0.726
        2318000       0.468638            933         0.9966         3768.7          0.650
        2319000       0.468869            934         0.9966         3770.3          0.674
        2320000       0.469090            935         0.9966         3771.8          0.736
        2321000       0.469286            935         0.9966         3773.4          0.713
        2322000       0.469493            935         0.9966         3774.9          0.704
        2323000       0.469643            935         0.9966         3776.4          0.730
        2324000       0.469871            936         0.9966         3778.0          0.738
        2325000       0.470075            936         0.9966         3779.6          0.704
        2326000       0.470252            936         0.9966         3781.1          0.705
        2327000       0.470442            937         0.9966         3782.6          0.679
        2328000       0.470660            937         0.9966         3784.2          0.725
        2329000       0.470837            937         0.9966         3785.7          0.686
        2330000       0.471068            937         0.9966         3787.2          0.762
        2331000       0.471247            939         0.9966         3788.8          0.742
        2332000       0.471453            940         0.9966         3790.3          0.652
        2333000       0.471608            940         0.9966         3791.9          0.687
        2334000       0.471849            941         0.9966         3793.4          0.682
        2335000       0.472028            942         0.9966         3794.9          0.666
        2336000       0.472251            942         0.9966         3796.5          0.752
        2337000       0.472516            942         0.9966         3798.0          0.716
        2338000       0.472687            942         0.9966         3799.5          0.691
        2339000       0.472899            943         0.9966         3801.1          0.728
        2340000       0.473064            943         0.9966         3802.6          0.686
        2341000       0.473234            943         0.9966         3804.1          0.738
        2342000       0.473417            943         0.9966         3805.6          0.742
        2343000       0.473587            943         0.9966         3807.1          0.768
        2344000       0.473765            943         0.9966         3808.6          0.816
        2345000       0.474032            943         0.9966         3810.1          0.821
        2346000       0.474222            943         0.9966         3811.6          0.800
        2347000       0.474379            943         0.9966         3813.2          0.810
        2348000       0.474571            944         0.9966         3814.7          0.867
        2349000       0.474746            944         0.9966         3816.2          0.875
        2350000       0.474934            944         0.9966         3817.7          0.935
        2351000       0.475198            944         0.9966         3819.3          0.894
        2352000       0.475360            944         0.9966         3820.8          0.910
        2353000       0.475544            945         0.9966         3822.7          0.900
        2354000       0.475698            945         0.9966         3824.2          0.793
        2355000       0.475907            946         0.9966         3825.7          0.851
        2356000       0.476122            946         0.9966         3827.2          0.853
        2357000       0.476333            947         0.9966         3828.7          0.864
        2358000       0.476514            948         0.9966         3830.2          0.897
        2359000       0.476831            948         0.9966         3831.8          0.889
        2360000       0.477073            948         0.9966         3833.3          0.971
        2361000       0.477249            949         0.9966         3834.8          1.050
        2362000       0.477430            949         0.9966         3836.3          1.036
        2363000       0.477627            949         0.9966         3837.8          1.033
        2364000       0.477818            949         0.9966         3839.3          1.017
        2365000       0.477973            949         0.9966         3840.9          1.016
        2366000       0.478195            949         0.9966         3842.4          1.058
        2367000       0.478399            949         0.9966         3843.9          1.005
        2368000       0.478575            949         0.9966         3845.4          0.856
        2369000       0.478781            950         0.9966         3846.9          1.033
        2370000       0.478987            951         0.9966         3848.5          0.935
        2371000       0.479191            951         0.9965         3850.0          0.949
        2372000       0.479361            952         0.9965         3851.5          0.985
        2373000       0.479558            953         0.9965         3853.0          0.995
        2374000       0.479719            954         0.9965         3854.5          0.971
        2375000       0.479940            954         0.9965         3856.0          0.955
        2376000       0.480173            954         0.9965         3857.6          0.869
        2377000       0.480354            954         0.9965         3859.1          0.904
        2378000       0.480604            954         0.9965         3860.6          0.900
        2379000       0.480813            955         0.9965         3862.1          0.936
        2380000       0.481004            956         0.9965         3863.6          0.970
        2381000       0.481177            956         0.9965         3865.1          1.005
        2382000       0.481385            956         0.9965         3866.6          0.960
        2383000       0.481601            957         0.9965         3868.1          0.938
        2384000       0.481808            957         0.9965         3869.6          0.944
        2385000       0.481986            958         0.9965         3871.1          0.908
        2386000       0.482171            958         0.9965         3872.6          0.876
        2387000       0.482347            958         0.9965         3874.1          0.884
        2388000       0.482587            960         0.9965         3875.7          0.875
        2389000       0.482774            960         0.9965         3877.2          0.840
        2390000       0.482967            960         0.9965         3878.7          0.882
        2391000       0.483161            960         0.9965         3880.2          0.931
        2392000       0.483339            960         0.9965         3881.7          0.905
        2393000       0.483519            960         0.9965         3883.2          0.899
        2394000       0.483685            960         0.9965         3884.8          0.820
        2395000       0.483853            960         0.9965         3886.3          0.814
        2396000       0.484099            960         0.9965         3887.8          0.830
        2397000       0.484275            960         0.9965         3889.4          0.777
        2398000       0.484446            960         0.9965         3890.9          0.857
        2399000       0.484614            961         0.9965         3892.4          0.883
        2400000       0.484800            961         0.9965         3893.9          0.902
        2401000       0.485015            961         0.9965         3895.5          1.002
        2402000       0.485216            961         0.9965         3897.0          0.990
        2403000       0.485429            961         0.9965         3898.5          0.906
        2404000       0.485607            961         0.9965         3900.1          0.834
        2405000       0.485848            964         0.9965         3901.6          0.821
        2406000       0.486029            965         0.9965         3903.1          0.891
        2407000       0.486206            965         0.9965         3904.6          0.878
        2408000       0.486367            966         0.9965         3906.2          0.917
        2409000       0.486537            966         0.9965         3907.7          0.879
        2410000       0.486768            967         0.9965         3909.2          0.872
        2411000       0.486978            969         0.9965         3910.7          0.902
        2412000       0.487171            971         0.9965         3912.2          0.969
        2413000       0.487396            971         0.9965         3913.7          0.984
        2414000       0.487544            971         0.9965         3915.2          0.963
        2415000       0.487735            971         0.9965         3916.7          0.873
        2416000       0.487960            972         0.9965         3918.2          0.855
        2417000       0.488194            972         0.9965         3919.8          1.077
        2418000       0.488384            973         0.9965         3921.3          0.930
        2419000       0.488584            974         0.9965         3922.8          0.907
        2420000       0.488816            974         0.9965         3924.4          0.966
        2421000       0.489006            974         0.9965         3925.9          0.949
        2422000       0.489199            974         0.9965         3927.4          0.915
        2423000       0.489443            974         0.9965         3929.0          0.903
        2424000       0.489646            974         0.9965         3930.5          0.872
        2425000       0.489841            974         0.9965         3932.0          0.921
        2426000       0.490042            974         0.9965         3933.6          0.896
        2427000       0.490217            975         0.9965         3935.1          0.975
        2428000       0.490397            976         0.9965         3936.7          0.853
        2429000       0.490533            978         0.9965         3938.2          0.811
        2430000       0.490734            978         0.9965         3939.7          0.789
        2431000       0.490934            978         0.9965         3941.2          0.815
        2432000       0.491083            979         0.9965         3942.8          0.840
        2433000       0.491333            979         0.9965         3944.4          0.824
        2434000       0.491533            980         0.9965         3945.9          0.839
        2435000       0.491714            980         0.9965         3947.4          0.864
        2436000       0.491936            980         0.9965         3948.9          0.836
        2437000       0.492106            980         0.9965         3950.4          0.788
        2438000       0.492301            981         0.9965         3952.0          0.872
        2439000       0.492471            981         0.9965         3953.5          0.875
        2440000       0.492634            982         0.9965         3955.0          0.904
        2441000       0.492839            982         0.9965         3956.6          0.920
        2442000       0.493058            982         0.9965         3958.1          0.937
        2443000       0.493286            982         0.9965         3959.6          0.932
        2444000       0.493516            982         0.9965         3961.2          0.922
        2445000       0.493718            982         0.9965         3962.7          0.877
        2446000       0.493929            982         0.9965         3964.2          0.888
        2447000       0.494105            983         0.9965         3965.8          0.878
        2448000       0.494299            983         0.9965         3967.3          0.915
        2449000       0.494496            983         0.9965         3968.8          0.983
        2450000       0.494715            983         0.9965         3970.3          0.982
        2451000       0.494921            983         0.9965         3971.8          1.120
        2452000       0.495113            983         0.9965         3973.4          0.986
        2453000       0.495292            983         0.9965         3974.9          0.949
        2454000       0.495489            984         0.9965         3976.4          0.849
        2455000       0.495712            985         0.9965         3978.0          0.983
        2456000       0.495958            985         0.9965         3979.5          0.850
        2457000       0.496165            985         0.9965         3981.0          0.903
        2458000       0.496359            985         0.9965         3982.6          0.869
        2459000       0.496575            985         0.9965         3984.1          0.978
        2460000       0.496742            985         0.9965         3985.6          0.998
        2461000       0.496921            985         0.9965         3987.1          1.022
        2462000       0.497141            985         0.9965         3988.7          0.879
        2463000       0.497336            985         0.9965         3990.2          0.950
        2464000       0.497500            985         0.9965         3991.8          0.956
        2465000       0.497695            985         0.9965         3993.3          0.981
        2466000       0.497885            986         0.9965         3994.8          0.996
        2467000       0.498068            987         0.9965         3996.4          1.000
        2468000       0.498245            987         0.9965         3997.9          0.970
        2469000       0.498471            990         0.9965         3999.4          0.975
        2470000       0.498706            990         0.9965         4001.0          0.944
        2471000       0.498898            990         0.9965         4002.5          0.958
        2472000       0.499039            990         0.9965         4004.0          0.999
        2473000       0.499185            990         0.9965         4005.6          0.934
        2474000       0.499372            990         0.9965         4007.1          1.024
        2475000       0.499571            990         0.9965         4008.7          0.953
        2476000       0.499775            990         0.9965         4010.2          0.919
        2477000       0.499989            990         0.9965         4011.8          0.965
        2478000       0.500188            990         0.9965         4013.3          0.892
        2479000       0.500376            991         0.9965         4014.9          0.838
        2480000       0.500599            992         0.9965         4016.4          0.951
        2481000       0.500819            994         0.9965         4018.0          0.939
        2482000       0.501021            995         0.9965         4019.5          0.966
        2483000       0.501228            995         0.9965         4021.0          1.060
        2484000       0.501430            996         0.9965         4022.6          1.063
        2485000       0.501630            997         0.9965         4024.1          1.055
        2486000       0.501876            997         0.9965         4025.6          1.090
        2487000       0.502054            998         0.9965         4027.2          1.113
        2488000       0.502265            998         0.9965         4028.7          1.118
        2489000       0.502434            998         0.9965         4030.2          1.130
        2490000       0.502616            999         0.9965         4031.7          1.102
        2491000       0.502761            999         0.9965         4033.3          1.073
        2492000       0.502935            999         0.9965         4034.8          1.034
        2493000       0.503146            999         0.9965         4036.3          1.071
        2494000       0.503294            999         0.9965         4037.8          1.052
        2495000       0.503475            999         0.9965         4039.4          1.102
        2496000       0.503652           1000         0.9965         4040.9          1.095
        2497000       0.503861           1000         0.9965         4042.4          1.102
        2498000       0.504051           1001         0.9965         4043.9          1.116
        2499000       0.504200           1001         0.9965         4045.4          1.147
        2500000       0.504359           1001         0.9965         4047.0          1.095
        2501000       0.504534           1001         0.9965         4048.5          1.124
        2502000       0.504734           1002         0.9965         4050.0          1.101
        2503000       0.504908           1002         0.9965         4051.5          1.084
        2504000       0.505135           1002         0.9965         4053.0          1.047
        2505000       0.505339           1003         0.9965         4054.6          1.076
        2506000       0.505552           1003         0.9965         4056.1          1.016
        2507000       0.505731           1003         0.9965         4057.6          0.997
        2508000       0.505891           1003         0.9965         4059.1          1.046
        2509000       0.506098           1003         0.9965         4060.6          1.124
        2510000       0.506321           1004         0.9965         4062.1          1.133
        2511000       0.506503           1004         0.9965         4063.7          1.104
        2512000       0.506706           1004         0.9965         4065.2          1.122
        2513000       0.506868           1004         0.9965         4066.7          1.098
        2514000       0.507043           1004         0.9965         4068.2          1.136
        2515000       0.507234           1004         0.9965         4069.7          1.154
        2516000       0.507385           1005         0.9965         4071.2          1.138
        2517000       0.507579           1005         0.9965         4072.8          0.944
        2518000       0.507764           1005         0.9965         4074.3          1.006
        2519000       0.508009           1007         0.9965         4075.8          1.024
        2520000       0.508192           1009         0.9965         4077.3          0.992
        2521000       0.508400           1010         0.9965         4078.8          0.993
        2522000       0.508624           1010         0.9965         4080.3          0.998
        2523000       0.508791           1010         0.9965         4081.8          0.903
        2524000       0.509026           1011         0.9965         4083.3          1.030
        2525000       0.509264           1012         0.9965         4084.8          0.999
        2526000       0.509445           1013         0.9965         4086.4          0.996
        2527000       0.509647           1014         0.9965         4087.9          1.040
        2528000       0.509819           1014         0.9965         4089.4          0.964
        2529000       0.510000           1014         0.9965         4090.9          0.920
        2530000       0.510163           1015         0.9965         4092.5          0.941
        2531000       0.510348           1017         0.9965         4094.0          0.941
        2532000       0.510569           1019         0.9965         4095.5          0.945
        2533000       0.510801           1020         0.9965         4097.1          1.014
        2534000       0.511023           1020         0.9965         4098.6          1.009
        2535000       0.511223           1021         0.9965         4100.1          0.883
        2536000       0.511372           1021         0.9965         4101.7          0.934
        2537000       0.511582           1021         0.9965         4103.2          0.892
        2538000       0.511713           1022         0.9965         4104.7          0.817
        2539000       0.511919           1023         0.9965         4106.2          0.897
        2540000       0.512102           1023         0.9965         4107.7          0.821
        2541000       0.512255           1023         0.9965         4109.3          0.910
        2542000       0.512498           1023         0.9965         4110.8          0.818
        2543000       0.512760           1023         0.9965         4112.3          0.838
        2544000       0.512964           1023         0.9965         4113.8          0.934
        2545000       0.513169           1023         0.9964         4115.4          0.917
        2546000       0.513396           1023         0.9964         4116.9          0.892
        2547000       0.513612           1023         0.9964         4118.5          0.956
        2548000       0.513817           1023         0.9964         4120.0          0.955
        2549000       0.514026           1023         0.9964         4121.5          0.967
        2550000       0.514211           1023         0.9964         4123.1          0.918
        2551000       0.514390           1023         0.9964         4124.6          0.992
        2552000       0.514587           1023         0.9964         4126.2          0.913
        2553000       0.514816           1024         0.9964         4127.8          0.896
        2554000       0.515033           1024         0.9964         4129.3          0.999
        2555000       0.515174           1025         0.9964         4130.9          1.089
        2556000       0.515359           1026         0.9964         4132.4          1.109
        2557000       0.515557           1026         0.9964         4134.0          0.928
        2558000       0.515745           1026         0.9964         4135.5          0.905
        2559000       0.515924           1026         0.9964         4137.1          0.936
        2560000       0.516063           1026         0.9964         4138.6          1.006
        2561000       0.516313           1027         0.9964         4140.2          0.981
        2562000       0.516487           1027         0.9964         4141.7          0.941
        2563000       0.516681           1027         0.9964         4143.3          0.922
        2564000       0.516860           1027         0.9964         4144.8          0.840
        2565000       0.517073           1027         0.9964         4146.3          0.898
        2566000       0.517281           1028         0.9964         4147.9          0.898
        2567000       0.517444           1028         0.9964         4149.4          0.924
        2568000       0.517593           1028         0.9964         4150.9          0.936
        2569000       0.517804           1028         0.9964         4152.5          0.912
        2570000       0.518012           1028         0.9964         4154.0          0.870
        2571000       0.518218           1029         0.9964         4155.5          0.883
        2572000       0.518410           1029         0.9964         4157.1          0.926
        2573000       0.518575           1030         0.9964         4158.6          0.966
        2574000       0.518751           1030         0.9964         4160.1          0.897
        2575000       0.518933           1030         0.9964         4161.7          0.912
        2576000       0.519105           1030         0.9964         4163.2          0.975
        2577000       0.519292           1030         0.9964         4164.7          0.981
        2578000       0.519471           1031         0.9964         4166.2          0.983
        2579000       0.519663           1031         0.9964         4167.7          0.991
        2580000       0.519885           1031         0.9964         4169.3          1.051
        2581000       0.520095           1031         0.9964         4170.8          0.917
        2582000       0.520301           1031         0.9964         4172.3          0.976
        2583000       0.520516           1031         0.9964         4173.9          0.928
        2584000       0.520665           1031         0.9964         4175.4          0.862
        2585000       0.520849           1032         0.9964         4177.0          0.902
        2586000       0.521026           1032         0.9964         4178.5          0.943
        2587000       0.521268           1032         0.9964         4180.1          0.980
        2588000       0.521457           1032         0.9964         4181.6          1.028
        2589000       0.521695           1032         0.9964         4183.1          1.051
        2590000       0.521908           1032         0.9964         4184.7          1.116
        2591000       0.522092           1032         0.9964         4186.2          1.118
        2592000       0.522308           1032         0.9964         4187.7          1.114
        2593000       0.522515           1033         0.9964         4189.3          1.132
        2594000       0.522733           1033         0.9964         4190.8          1.117
        2595000       0.522913           1034         0.9964         4192.4          1.057
        2596000       0.523097           1034         0.9964         4193.9          1.196
        2597000       0.523304           1034         0.9964         4195.4          1.072
        2598000       0.523473           1034         0.9964         4197.0          1.079
        2599000       0.523700           1034         0.9964         4198.4          0.981
        2600000       0.523892           1035         0.9964         4200.0          0.985
        2601000       0.524092           1035         0.9964         4201.5          0.913
        2602000       0.524265           1036         0.9964         4203.0          0.949
        2603000       0.524511           1036         0.9964         4204.5          1.009
        2604000       0.524729           1036         0.9964         4206.1          0.979
        2605000       0.524944           1036         0.9964         4207.6          1.038
        2606000       0.525157           1036         0.9964         4209.1          0.933
        2607000       0.525388           1036         0.9964         4210.6          0.895
        2608000       0.525597           1037         0.9964         4212.1          1.011
        2609000       0.525750           1037         0.9964         4213.6          0.955
        2610000       0.525922           1037         0.9964         4215.1          0.939
        2611000       0.526167           1038         0.9964         4216.7          0.957
        2612000       0.526361           1038         0.9964         4218.2          1.035
        2613000       0.526578           1038         0.9964         4219.7          1.041
        2614000       0.526754           1039         0.9964         4221.2          0.987
        2615000       0.526968           1039         0.9964         4222.7          1.005
        2616000       0.527155           1039         0.9964         4224.3          1.053
        2617000       0.527359           1040         0.9964         4225.8          1.069
        2618000       0.527578           1041         0.9964         4227.3          1.004
        2619000       0.527804           1041         0.9964         4228.8          1.048
        2620000       0.527993           1041         0.9964         4230.3          0.931
        2621000       0.528177           1041         0.9964         4231.8          0.883
        2622000       0.528353           1041         0.9964         4233.3          0.946
        2623000       0.528568           1041         0.9964         4234.8          0.946
        2624000       0.528775           1041         0.9964         4236.3          0.881
        2625000       0.528949           1043         0.9964         4237.8          0.895
        2626000       0.529140           1043         0.9964         4239.3          0.914
        2627000       0.529269           1044         0.9964         4240.8          0.981
        2628000       0.529433           1044         0.9964         4243.0          0.972
        2629000       0.529646           1044         0.9964         4244.5          0.885
        2630000       0.529843           1045         0.9964         4246.0          0.887
        2631000       0.530043           1048         0.9964         4247.5          0.909
        2632000       0.530215           1049         0.9964         4249.0          0.886
        2633000       0.530388           1049         0.9964         4250.5          0.862
        2634000       0.530598           1049         0.9964         4252.0          0.734
        2635000       0.530825           1049         0.9964         4253.6          0.810
        2636000       0.530960           1049         0.9964         4255.1          0.841
        2637000       0.531155           1051         0.9964         4256.6          0.886
        2638000       0.531359           1052         0.9964         4258.1          0.806
        2639000       0.531594           1054         0.9964         4259.6          0.901
        2640000       0.531806           1055         0.9964         4261.2          0.960
        2641000       0.532017           1056         0.9964         4262.7          0.971
        2642000       0.532186           1056         0.9964         4264.2          0.974
        2643000       0.532373           1056         0.9964         4265.7          0.889
        2644000       0.532557           1056         0.9964         4267.2          0.860
        2645000       0.532770           1056         0.9964         4268.7          0.964
        2646000       0.532951           1057         0.9964         4270.2          0.913
        2647000       0.533137           1057         0.9964         4271.7          0.936
        2648000       0.533293           1057         0.9964         4273.2          1.044
        2649000       0.533514           1058         0.9964         4274.8          1.051
        2650000       0.533693           1058         0.9964         4276.3          1.079
        2651000       0.533925           1058         0.9963         4277.9          1.095
        2652000       0.534081           1058         0.9963         4279.4          1.065
        2653000       0.534281           1059         0.9963         4280.9          1.025
        2654000       0.534476           1059         0.9963         4282.4          1.029
        2655000       0.534646           1060         0.9963         4283.9          0.968
        2656000       0.534821           1061         0.9963         4285.5          1.102
        2657000       0.535051           1061         0.9963         4287.0          1.075
        2658000       0.535265           1061         0.9963         4288.5          1.027
        2659000       0.535442           1061         0.9963         4290.0          1.035
        2660000       0.535633           1061         0.9963         4291.5          1.030
        2661000       0.535888           1062         0.9963         4293.1          1.055
        2662000       0.536065           1063         0.9963         4294.6          0.934
        2663000       0.536235           1063         0.9963         4296.1          0.986
        2664000       0.536439           1064         0.9963         4297.6          0.983
        2665000       0.536646           1065         0.9963         4299.1          0.873
        2666000       0.536820           1065         0.9963         4300.6          0.858
        2667000       0.536999           1065         0.9963         4302.1          0.868
        2668000       0.537158           1065         0.9963         4303.7          0.977
        2669000       0.537356           1065         0.9963         4305.2          1.028
        2670000       0.537533           1065         0.9963         4306.7          0.999
        2671000       0.537726           1065         0.9963         4308.2          0.994
        2672000       0.537937           1065         0.9963         4309.7          1.112
        2673000       0.538141           1065         0.9963         4311.2          1.139
        2674000       0.538362           1066         0.9963         4312.8          1.060
        2675000       0.538542           1066         0.9963         4314.3          0.986
        2676000       0.538763           1066         0.9963         4315.8          1.053
        2677000       0.538972           1067         0.9963         4317.3          1.112
        2678000       0.539188           1067         0.9963         4318.8          1.130
        2679000       0.539428           1068         0.9963         4320.3          1.105
        2680000       0.539612           1069         0.9963         4321.8          1.044
        2681000       0.539796           1072         0.9963         4323.3          0.972
        2682000       0.540031           1072         0.9963         4324.8          0.899
        2683000       0.540262           1072         0.9963         4326.3          0.936
        2684000       0.540457           1072         0.9963         4327.8          0.889
        2685000       0.540630           1072         0.9963         4329.2          0.945
        2686000       0.540851           1073         0.9963         4330.7          0.862
        2687000       0.541042           1076         0.9963         4332.2          0.828
        2688000       0.541233           1076         0.9963         4333.7          0.935
        2689000       0.541455           1077         0.9963         4335.2          0.863
        2690000       0.541655           1077         0.9963         4336.7          0.827
        2691000       0.541864           1078         0.9963         4338.2          0.917
        2692000       0.542089           1078         0.9963         4339.7          0.900
        2693000       0.542303           1078         0.9963         4341.2          0.880
        2694000       0.542512           1078         0.9963         4342.7          0.881
        2695000       0.542724           1078         0.9963         4344.2          0.880
        2696000       0.542938           1078         0.9963         4345.7          0.912
        2697000       0.543139           1078         0.9963         4347.2          0.990
        2698000       0.543375           1078         0.9963         4348.7          0.986
        2699000       0.543606           1078         0.9963         4350.2          0.943
        2700000       0.543795           1078         0.9963         4351.6          0.879
        2701000       0.544002           1079         0.9963         4353.1          0.920
        2702000       0.544211           1080         0.9963         4354.6          0.992
        2703000       0.544428           1081         0.9963         4356.1          0.867
        2704000       0.544605           1082         0.9963         4357.6          0.882
        2705000       0.544854           1083         0.9963         4359.1          0.820
        2706000       0.545047           1083         0.9963         4360.6          0.808
        2707000       0.545246           1084         0.9963         4362.1          0.774
        2708000       0.545420           1084         0.9963         4363.6          0.773
        2709000       0.545619           1084         0.9963         4365.1          0.765
        2710000       0.545831           1084         0.9963         4366.5          0.791
        2711000       0.546010           1084         0.9963         4368.0          0.805
        2712000       0.546230           1084         0.9963         4369.5          0.874
        2713000       0.546443           1084         0.9963         4371.0          0.854
        2714000       0.546607           1084         0.9963         4372.5          0.844
        2715000       0.546764           1085         0.9963         4374.0          0.792
        2716000       0.546939           1085         0.9963         4375.5          0.832
        2717000       0.547141           1085         0.9963         4377.0          0.851
        2718000       0.547305           1085         0.9963         4378.5          0.852
        2719000       0.547488           1085         0.9963         4380.0          0.772
        2720000       0.547698           1085         0.9963         4381.5          0.783
        2721000       0.547931           1085         0.9963         4383.0          0.748
        2722000       0.548135           1086         0.9963         4384.5          0.797
        2723000       0.548305           1086         0.9963         4386.0          0.815
        2724000       0.548514           1087         0.9963         4387.5          0.780
        2725000       0.548692           1088         0.9963         4389.0          0.799
        2726000       0.548919           1089         0.9963         4390.5          0.768
        2727000       0.549153           1089         0.9963         4392.0          0.821
        2728000       0.549325           1089         0.9963         4393.5          0.837
        2729000       0.549556           1090         0.9963         4395.0          0.782
        2730000       0.549758           1090         0.9963         4396.5          0.782
        2731000       0.549970           1091         0.9963         4398.0          0.799
        2732000       0.550173           1091         0.9963         4399.5          0.888
        2733000       0.550386           1092         0.9963         4400.9          0.812
        2734000       0.550599           1093         0.9963         4402.4          0.796
        2735000       0.550824           1093         0.9963         4404.0          0.838
        2736000       0.551014           1093         0.9963         4405.4          0.893
        2737000       0.551167           1093         0.9963         4406.9          0.984
        2738000       0.551427           1093         0.9963         4408.4          1.004
        2739000       0.551621           1093         0.9963         4409.9          1.015
        2740000       0.551810           1094         0.9963         4411.4          0.961
        2741000       0.552015           1094         0.9963         4412.9          0.995
        2742000       0.552190           1094         0.9963         4414.4          0.984
        2743000       0.552398           1094         0.9963         4415.9          0.983
        2744000       0.552618           1094         0.9963         4417.4          0.989
        2745000       0.552800           1095         0.9963         4418.9          0.897
        2746000       0.552983           1095         0.9963         4420.4          0.859
        2747000       0.553171           1095         0.9963         4421.9          0.845
        2748000       0.553342           1095         0.9963         4423.5          0.864
        2749000       0.553510           1096         0.9963         4424.9          0.928
        2750000       0.553722           1096         0.9963         4426.5          0.846
        2751000       0.553924           1096         0.9963         4428.0          0.842
        2752000       0.554132           1096         0.9963         4429.4          0.793
        2753000       0.554338           1097         0.9963         4431.0          0.808
        2754000       0.554533           1097         0.9963         4432.4          0.831
        2755000       0.554723           1097         0.9963         4433.9          0.830
        2756000       0.554946           1098         0.9963         4435.4          0.867
        2757000       0.555131           1098         0.9963         4436.9          0.947
        2758000       0.555324           1098         0.9963         4438.4          0.908
        2759000       0.555500           1099         0.9963         4439.9          0.945
        2760000       0.555647           1099         0.9963         4441.4          0.936
        2761000       0.555837           1099         0.9963         4442.8          0.995
        2762000       0.556063           1099         0.9963         4444.3          0.982
        2763000       0.556256           1099         0.9963         4445.9          0.996
        2764000       0.556426           1099         0.9963         4447.4          1.053
        2765000       0.556601           1099         0.9963         4448.9          0.960
        2766000       0.556794           1099         0.9963         4450.4          0.973
        2767000       0.557023           1100         0.9963         4451.9          1.016
        2768000       0.557235           1100         0.9963         4453.5          1.007
        2769000       0.557485           1100         0.9963         4455.0          1.017
        2770000       0.557658           1100         0.9963         4456.4          1.008
        2771000       0.557900           1100         0.9963         4457.9          1.040
        2772000       0.558088           1100         0.9963         4459.4          1.122
        2773000       0.558303           1101         0.9963         4460.9          1.127
        2774000       0.558491           1101         0.9963         4462.4          1.069
        2775000       0.558744           1102         0.9963         4463.9          1.015
        2776000       0.558926           1103         0.9963         4465.4          1.044
        2777000       0.559085           1103         0.9963         4466.9          1.025
        2778000       0.559316           1103         0.9963         4468.4          1.049
        2779000       0.559555           1104         0.9963         4470.9          1.157
        2780000       0.559733           1105         0.9963         4472.4          1.139
        2781000       0.559968           1106         0.9963         4473.9          1.096
        2782000       0.560189           1107         0.9963         4475.4          1.061
        2783000       0.560389           1107         0.9963         4476.9          1.074
        2784000       0.560567           1108         0.9963         4478.4          1.131
        2785000       0.560802           1108         0.9963         4479.9          1.118
        2786000       0.561016           1108         0.9963         4481.4          1.157
        2787000       0.561243           1110         0.9963         4482.9          1.105
        2788000       0.561440           1110         0.9963         4484.4          1.155
        2789000       0.561666           1110         0.9963         4485.9          1.142
        2790000       0.561866           1110         0.9963         4487.6          1.172
        2791000       0.562080           1111         0.9963         4489.1          1.168
        2792000       0.562258           1111         0.9963         4490.6          1.046
        2793000       0.562441           1111         0.9963         4492.1          1.027
        2794000       0.562666           1112         0.9963         4493.6          1.057
        2795000       0.562894           1112         0.9963         4495.1          1.079
        2796000       0.563103           1112         0.9963         4496.6          0.932
        2797000       0.563298           1112         0.9963         4498.1          0.989
        2798000       0.563507           1112         0.9963         4499.7          0.943
        2799000       0.563686           1112         0.9963         4501.2          0.964
        2800000       0.563859           1112         0.9963         4502.7          0.975
        2801000       0.564044           1112         0.9963         4504.1          0.985
        2802000       0.564230           1113         0.9963         4505.6          0.991
        2803000       0.564417           1113         0.9963         4507.1          0.990
        2804000       0.564583           1114         0.9963         4508.7          1.001
        2805000       0.564829           1114         0.9963         4510.2          1.048
        2806000       0.565020           1115         0.9963         4511.7          1.091
        2807000       0.565261           1115         0.9963         4513.2          1.048
        2808000       0.565452           1115         0.9962         4514.7          0.998
        2809000       0.565594           1115         0.9962         4516.2          1.044
        2810000       0.565863           1117         0.9962         4517.7          1.093
        2811000       0.566095           1117         0.9962         4519.2          1.069
        2812000       0.566286           1117         0.9962         4520.8          1.041
        2813000       0.566494           1118         0.9962         4522.3          1.062
        2814000       0.566677           1118         0.9962         4523.8          1.013
        2815000       0.566850           1119         0.9962         4525.3          0.954
        2816000       0.567065           1119         0.9962         4526.8          1.044
        2817000       0.567285           1119         0.9962         4528.2          1.146
        2818000       0.567449           1119         0.9962         4529.7          1.139
        2819000       0.567639           1120         0.9962         4531.2          1.127
        2820000       0.567841           1120         0.9962         4532.7          1.113
        2821000       0.568028           1120         0.9962         4534.2          1.128
        2822000       0.568235           1121         0.9962         4535.7          1.056
        2823000       0.568403           1121         0.9962         4537.2          1.005
        2824000       0.568593           1123         0.9962         4538.7          0.913
        2825000       0.568836           1124         0.9962         4540.2          1.061
        2826000       0.569007           1124         0.9962         4541.7          0.975
        2827000       0.569216           1125         0.9962         4543.2          0.993
        2828000       0.569397           1125         0.9962         4544.7          1.046
        2829000       0.569598           1125         0.9962         4546.3          1.068
        2830000       0.569785           1125         0.9962         4547.8          1.085
        2831000       0.569990           1126         0.9962         4549.3          1.076
        2832000       0.570187           1126         0.9962         4550.7          1.050
        2833000       0.570377           1126         0.9962         4552.2          1.078
        2834000       0.570530           1127         0.9962         4553.7          1.090
        2835000       0.570758           1128         0.9962         4555.2          1.013
        2836000       0.570945           1128         0.9962         4556.8          1.012
        2837000       0.571174           1128         0.9962         4558.3          0.963
        2838000       0.571341           1130         0.9962         4559.8          0.922
        2839000       0.571500           1130         0.9962         4561.3          0.904
        2840000       0.571693           1131         0.9962         4562.8          0.939
        2841000       0.571921           1131         0.9962         4564.3          0.900
        2842000       0.572137           1131         0.9962         4565.8          0.944
        2843000       0.572312           1131         0.9962         4567.2          0.939
        2844000       0.572540           1132         0.9962         4568.7          0.973
        2845000       0.572697           1132         0.9962         4570.2          1.010
        2846000       0.572843           1132         0.9962         4571.7          0.903
        2847000       0.573066           1132         0.9962         4573.2          0.879
        2848000       0.573224           1132         0.9962         4574.7          0.870
        2849000       0.573470           1132         0.9962         4576.2          0.815
        2850000       0.573651           1132         0.9962         4577.7          1.002
        2851000       0.573861           1133         0.9962         4579.2          0.925
        2852000       0.574076           1134         0.9962         4580.7          0.938
        2853000       0.574273           1134         0.9962         4582.1          0.908
        2854000       0.574476           1135         0.9962         4583.6          0.940
        2855000       0.574644           1136         0.9962         4585.1          0.960
        2856000       0.574844           1136         0.9962         4586.7          0.928
        2857000       0.575069           1137         0.9962         4588.2          0.984
        2858000       0.575318           1137         0.9962         4589.7          1.096
        2859000       0.575534           1137         0.9962         4591.2          1.034
        2860000       0.575754           1138         0.9962         4592.7          1.009
        2861000       0.575954           1138         0.9962         4594.2          1.067
        2862000       0.576147           1140         0.9962         4595.7          0.997
        2863000       0.576327           1142         0.9962         4597.2          0.886
        2864000       0.576573           1144         0.9962         4598.7          0.904
        2865000       0.576763           1144         0.9962         4600.2          0.899
        2866000       0.576966           1144         0.9962         4601.7          0.946
        2867000       0.577194           1144         0.9962         4603.2          0.912
        2868000       0.577357           1145         0.9962         4604.7          0.894
        2869000       0.577599           1145         0.9962         4606.2          0.901
        2870000       0.577833           1145         0.9962         4607.7          0.878
        2871000       0.578039           1146         0.9962         4609.2          1.022
        2872000       0.578242           1146         0.9962         4610.7          1.001
        2873000       0.578420           1146         0.9962         4612.1          1.102
        2874000       0.578635           1146         0.9962         4613.6          1.129
        2875000       0.578809           1146         0.9962         4615.1          1.069
        2876000       0.578979           1147         0.9962         4616.6          1.049
        2877000       0.579183           1147         0.9962         4618.1          1.109
        2878000       0.579406           1147         0.9962         4619.6          1.134
        2879000       0.579614           1147         0.9962         4621.1          1.146
        2880000       0.579807           1147         0.9962         4622.6          1.089
        2881000       0.580009           1147         0.9962         4624.1          1.061
        2882000       0.580235           1148         0.9962         4625.6          1.095
        2883000       0.580388           1149         0.9962         4627.1          1.118
        2884000       0.580636           1151         0.9962         4628.6          1.176
        2885000       0.580830           1151         0.9962         4630.0          1.178
        2886000       0.581022           1152         0.9962         4631.5          1.145
        2887000       0.581219           1153         0.9962         4633.0          1.163
        2888000       0.581398           1153         0.9962         4634.5          1.145
        2889000       0.581588           1153         0.9962         4636.0          1.131
        2890000       0.581765           1153         0.9962         4637.5          1.079
        2891000       0.581950           1153         0.9962         4639.0          1.092
        2892000       0.582102           1153         0.9962         4640.5          1.112
        2893000       0.582294           1153         0.9962         4641.9          1.036
        2894000       0.582462           1153         0.9962         4643.4          1.068
        2895000       0.582697           1154         0.9962         4644.9          1.098
        2896000       0.582920           1154         0.9962         4646.4          1.071
        2897000       0.583116           1155         0.9962         4648.0          1.058
        2898000       0.583311           1157         0.9962         4649.5          1.096
        2899000       0.583540           1158         0.9962         4651.0          1.143
        2900000       0.583730           1158         0.9962         4652.5          1.068
        2901000       0.583930           1159         0.9962         4654.0          1.034
        2902000       0.584146           1159         0.9962         4655.5          1.080
        2903000       0.584371           1159         0.9962         4657.0          1.050
        2904000       0.584567           1159         0.9962         4658.5          1.081
        2905000       0.584804           1160         0.9962         4660.0          1.172
        2906000       0.584999           1160         0.9962         4661.5          1.178
        2907000       0.585207           1161         0.9962         4663.1          1.199
        2908000       0.585375           1161         0.9962         4664.6          1.211
        2909000       0.585592           1161         0.9962         4666.1          1.109
        2910000       0.585777           1161         0.9962         4667.6          1.074
        2911000       0.585984           1163         0.9962         4669.2          1.023
        2912000       0.586192           1163         0.9962         4670.7          1.069
        2913000       0.586401           1163         0.9962         4672.2          1.097
        2914000       0.586653           1164         0.9962         4673.7          1.100
        2915000       0.586862           1164         0.9962         4675.2          1.042
        2916000       0.587057           1164         0.9962         4676.8          1.046
        2917000       0.587240           1164         0.9962         4678.2          1.094
        2918000       0.587466           1164         0.9962         4679.7          1.126
        2919000       0.587688           1166         0.9962         4681.2          1.113
        2920000       0.587900           1166         0.9962         4682.7          1.101
        2921000       0.588085           1167         0.9962         4684.2          1.096
        2922000       0.588320           1167         0.9962         4685.7          1.099
        2923000       0.588515           1169         0.9962         4687.2          1.115
        2924000       0.588655           1170         0.9962         4688.7          1.142
        2925000       0.588877           1171         0.9962         4690.2          1.189
        2926000       0.589058           1171         0.9962         4691.7          1.206
        2927000       0.589290           1172         0.9962         4693.3          1.160
        2928000       0.589513           1172         0.9962         4694.8          1.090
        2929000       0.589695           1172         0.9962         4696.3          1.110
        2930000       0.589881           1172         0.9962         4697.7          1.084
        2931000       0.590040           1172         0.9962         4699.3          0.978
        2932000       0.590239           1172         0.9962         4700.8          0.963
        2933000       0.590457           1172         0.9962         4702.3          0.991
        2934000       0.590664           1172         0.9962         4703.9          1.015
        2935000       0.590890           1172         0.9962         4705.4          0.982
        2936000       0.591071           1173         0.9962         4706.9          1.002
        2937000       0.591292           1173         0.9962         4708.4          1.006
        2938000       0.591469           1173         0.9961         4709.9          1.017
        2939000       0.591701           1174         0.9961         4711.4          1.072
        2940000       0.591890           1174         0.9961         4712.9          1.111
        2941000       0.592077           1176         0.9961         4714.4          1.085
        2942000       0.592275           1178         0.9961         4715.9          1.061
        2943000       0.592485           1178         0.9961         4717.4          1.003
        2944000       0.592681           1178         0.9961         4718.9          1.040
        2945000       0.592896           1179         0.9961         4720.4          1.096
        2946000       0.593052           1179         0.9961         4722.1          1.225
        2947000       0.593250           1179         0.9961         4723.9          1.189
        2948000       0.593432           1179         0.9961         4725.4          1.115
        2949000       0.593660           1179         0.9961         4726.9          1.073
        2950000       0.593860           1180         0.9961         4728.4          1.162
        2951000       0.594072           1181         0.9961         4729.9          1.059
        2952000       0.594260           1181         0.9961         4731.4          1.068
        2953000       0.594458           1181         0.9961         4732.9          1.016
        2954000       0.594634           1181         0.9961         4734.4          1.041
        2955000       0.594837           1181         0.9961         4735.9          1.021
        2956000       0.594996           1182         0.9961         4737.5          1.035
        2957000       0.595184           1182         0.9961         4738.9          1.031
        2958000       0.595381           1182         0.9961         4740.4          1.045
        2959000       0.595560           1182         0.9961         4741.9          1.038
        2960000       0.595728           1183         0.9961         4743.4          1.037
        2961000       0.595891           1184         0.9961         4745.0          1.080
        2962000       0.596095           1184         0.9961         4746.5          1.046
        2963000       0.596306           1184         0.9961         4748.0          1.063
        2964000       0.596502           1184         0.9961         4749.5          1.112
        2965000       0.596662           1185         0.9961         4751.0          1.147
        2966000       0.596838           1185         0.9961         4752.5          1.097
        2967000       0.597005           1186         0.9961         4754.0          1.075
        2968000       0.597209           1186         0.9961         4755.5          1.039
        2969000       0.597394           1187         0.9961         4757.0          0.998
        2970000       0.597581           1188         0.9961         4758.5          1.069
        2971000       0.597795           1189         0.9961         4760.1          1.085
        2972000       0.597969           1190         0.9961         4761.6          1.132
        2973000       0.598177           1190         0.9961         4763.1          1.088
        2974000       0.598394           1191         0.9961         4764.6          1.108
        2975000       0.598580           1191         0.9961         4766.1          1.145
        2976000       0.598807           1191         0.9961         4767.6          1.134
        2977000       0.598998           1192         0.9961         4769.1          1.187
        2978000       0.599228           1194         0.9961         4770.5          1.125
        2979000       0.599467           1194         0.9961         4772.0          1.161
        2980000       0.599689           1194         0.9961         4773.5          1.089
        2981000       0.599854           1194         0.9961         4775.0          1.169
        2982000       0.600040           1194         0.9961         4776.5          1.200
        2983000       0.600228           1195         0.9961         4777.9          1.209
        2984000       0.600399           1195         0.9961         4779.4          1.220
        2985000       0.600571           1195         0.9961         4780.9          1.164
        2986000       0.600743           1195         0.9961         4782.4          1.126
        2987000       0.600950           1195         0.9961         4783.9          1.120
        2988000       0.601176           1195         0.9961         4785.3          1.179
        2989000       0.601397           1195         0.9961         4786.9          1.239
        2990000       0.601614           1195         0.9961         4788.4          1.259
        2991000       0.601802           1195         0.9961         4789.8          1.055
        2992000       0.602033           1195         0.9961         4791.3          1.205
        2993000       0.602246           1195         0.9961         4792.8          1.223
        2994000       0.602419           1195         0.9961         4794.5          1.271
        2995000       0.602612           1195         0.9961         4796.0          1.408
        2996000       0.602807           1195         0.9961         4797.5          1.241
        2997000       0.603006           1195         0.9961         4799.0          1.174
        2998000       0.603218           1195         0.9961         4800.5          1.134
        2999000       0.603386           1195         0.9961         4802.0          1.105
        3000000       0.603555           1195         0.9961         4803.5          1.174
        3001000       0.603738           1195         0.9961         4805.0          1.220
        3002000       0.603941           1195         0.9961         4806.5          1.115
        3003000       0.604109           1195         0.9961         4808.0          1.043
        3004000       0.604290           1196         0.9961         4809.5          1.109
        3005000       0.604515           1196         0.9961         4810.9          1.128
        3006000       0.604772           1196         0.9961         4812.4          1.173
        3007000       0.604983           1196         0.9961         4813.9          1.179
        3008000       0.605145           1197         0.9961         4815.4          1.208
        3009000       0.605327           1197         0.9961         4816.9          1.073
        3010000       0.605547           1197         0.9961         4818.4          1.169
        3011000       0.605730           1198         0.9961         4819.9          1.103
        3012000       0.605940           1199         0.9961         4821.4          1.219
        3013000       0.606128           1200         0.9961         4822.9          1.096
        3014000       0.606308           1200         0.9961         4824.4          1.149
        3015000       0.606481           1200         0.9961         4825.9          1.174
        3016000       0.606670           1200         0.9961         4827.4          1.216
        3017000       0.606848           1201         0.9961         4828.8          1.207
        3018000       0.607043           1201         0.9961         4830.3          1.200
        3019000       0.607241           1202         0.9961         4831.8          1.230
        3020000       0.607468           1202         0.9961         4833.3          1.255
        3021000       0.607659           1203         0.9961         4834.8          1.262
        3022000       0.607846           1203         0.9961         4836.4          1.255
        3023000       0.608068           1203         0.9961         4837.9          1.235
        3024000       0.608259           1205         0.9961         4839.4          1.152
        3025000       0.608476           1206         0.9961         4840.8          1.072
        3026000       0.608640           1207         0.9961         4842.3          1.067
        3027000       0.608832           1208         0.9961         4843.8          1.129
        3028000       0.609062           1208         0.9961         4845.3          1.079
        3029000       0.609242           1208         0.9961         4846.8          1.111
        3030000       0.609439           1208         0.9961         4848.3          1.128
        3031000       0.609643           1210         0.9961         4849.8          1.130
        3032000       0.609863           1212         0.9961         4851.3          1.263
        3033000       0.610047           1212         0.9961         4852.8          1.290
        3034000       0.610222           1213         0.9961         4854.3          1.277
        3035000       0.610397           1213         0.9961         4855.8          1.279
        3036000       0.610589           1214         0.9961         4857.2          1.246
        3037000       0.610799           1215         0.9961         4858.8          1.217
        3038000       0.610959           1216         0.9961         4860.4          1.183
        3039000       0.611171           1216         0.9961         4861.9          1.124
        3040000       0.611354           1216         0.9961         4863.4          1.155
        3041000       0.611570           1216         0.9961         4865.0          1.174
        3042000       0.611744           1216         0.9961         4866.4          1.210
        3043000       0.611916           1217         0.9961         4867.9          1.179
        3044000       0.612154           1218         0.9961         4869.4          1.103
        3045000       0.612326           1218         0.9961         4870.9          1.146
        3046000       0.612518           1218         0.9961         4872.4          1.110
        3047000       0.612729           1218         0.9961         4873.9          1.132
        3048000       0.612896           1218         0.9961         4875.8          1.050
        3049000       0.613082           1218         0.9961         4877.2          1.036
        3050000       0.613256           1219         0.9961         4878.7          1.023
        3051000       0.613472           1219         0.9961         4880.2          0.987
        3052000       0.613681           1220         0.9961         4881.7          1.006
        3053000       0.613895           1220         0.9961         4883.2          1.036
        3054000       0.614095           1221         0.9961         4884.7          1.162
        3055000       0.614315           1221         0.9961         4886.2          1.117
        3056000       0.614508           1221         0.9961         4887.7          1.186
        3057000       0.614738           1221         0.9961         4889.2          1.243
        3058000       0.614923           1222         0.9961         4890.7          1.157
        3059000       0.615127           1222         0.9961         4892.3          1.126
        3060000       0.615314           1223         0.9961         4893.7          1.172
        3061000       0.615542           1223         0.9961         4895.2          1.054
        3062000       0.615726           1223         0.9961         4896.7          1.069
        3063000       0.615919           1223         0.9961         4898.2          1.136
        3064000       0.616139           1223         0.9961         4899.7          1.192
        3065000       0.616328           1223         0.9961         4901.1          1.170
        3066000       0.616525           1223         0.9961         4902.6          1.137
        3067000       0.616736           1224         0.9961         4904.1          1.127
        3068000       0.616927           1224         0.9961         4905.5          1.191
        3069000       0.617094           1225         0.9961         4907.0          1.201
        3070000       0.617321           1225         0.9961         4908.5          1.136
        3071000       0.617518           1228         0.9961         4909.9          1.159
        3072000       0.617709           1228         0.9961         4911.4          1.147
        3073000       0.617919           1230         0.9961         4912.8          1.112
        3074000       0.618110           1230         0.9961         4914.3          1.159
        3075000       0.618269           1230         0.9961         4915.7          1.118
        3076000       0.618504           1231         0.9961         4917.3          1.226
        3077000       0.618726           1231         0.9961         4918.8          1.184
        3078000       0.618930           1231         0.9961         4920.3          1.171
        3079000       0.619134           1231         0.9961         4921.8          1.242
        3080000       0.619318           1231         0.9961         4923.3          1.221
        3081000       0.619500           1231         0.9961         4924.8          1.179
        3082000       0.619662           1231         0.9961         4926.3          1.169
        3083000       0.619845           1231         0.9961         4927.7          1.357
        3084000       0.620053           1231         0.9961         4929.2          1.230
        3085000       0.620239           1231         0.9961         4930.7          1.181
        3086000       0.620404           1232         0.9961         4932.2          1.224
        3087000       0.620618           1232         0.9961         4933.7          1.282
        3088000       0.620847           1232         0.9961         4935.3          1.284
        3089000       0.621042           1232         0.9960         4936.7          1.256
        3090000       0.621249           1234         0.9960         4938.3          1.252
        3091000       0.621505           1234         0.9960         4939.7          1.276
        3092000       0.621736           1235         0.9960         4941.2          1.259
        3093000       0.621941           1237         0.9960         4942.7          1.250
        3094000       0.622163           1237         0.9960         4944.2          1.304
        3095000       0.622333           1238         0.9960         4945.8          1.261
        3096000       0.622487           1238         0.9960         4947.3          1.407
        3097000       0.622679           1238         0.9960         4948.8          1.292
        3098000       0.622889           1238         0.9960         4950.2          1.238
        3099000       0.623094           1238         0.9960         4951.8          1.251
        3100000       0.623296           1239         0.9960         4953.3          1.268
        3101000       0.623508           1239         0.9960         4954.9          1.187
        3102000       0.623701           1239         0.9960         4956.4          1.139
        3103000       0.623868           1239         0.9960         4957.9          1.108
        3104000       0.624032           1239         0.9960         4959.5          1.262
        3105000       0.624222           1239         0.9960         4961.0          1.265
        3106000       0.624403           1239         0.9960         4962.6          1.249
        3107000       0.624608           1239         0.9960         4964.3          1.249
        3108000       0.624817           1240         0.9960         4965.8          1.282
        3109000       0.625022           1240         0.9960         4967.4          1.284
        3110000       0.625253           1240         0.9960         4969.0          1.320
        3111000       0.625448           1241         0.9960         4970.6          1.310
        3112000       0.625661           1242         0.9960         4972.4          1.292
        3113000       0.625918           1244         0.9960         4974.4          1.255
        3114000       0.626143           1244         0.9960         4976.0          1.217
        3115000       0.626359           1244         0.9960         4977.5          1.209
        3116000       0.626557           1246         0.9960         4979.0          1.191
        3117000       0.626795           1247         0.9960         4980.5          1.242
        3118000       0.626975           1248         0.9960         4982.0          1.253
        3119000       0.627183           1248         0.9960         4983.5          1.311
        3120000       0.627363           1249         0.9960         4985.1          1.371
        3121000       0.627537           1249         0.9960         4986.6          1.373
        3122000       0.627765           1249         0.9960         4988.3          1.365
        3123000       0.627970           1249         0.9960         4989.9          1.380
        3124000       0.628153           1250         0.9960         4991.4          1.383
        3125000       0.628334           1251         0.9960         4993.0          1.336
        3126000       0.628538           1251         0.9960         4994.5          1.287
        3127000       0.628741           1251         0.9960         4996.0          1.171
        3128000       0.628973           1252         0.9960         4997.5          1.160
        3129000       0.629194           1252         0.9960         4999.0          1.144
        3130000       0.629391           1253         0.9960         5000.7          1.184
        3131000       0.629559           1255         0.9960         5002.2          1.205
        3132000       0.629765           1255         0.9960         5003.7          1.260
        3133000       0.629928           1255         0.9960         5005.2          1.247
        3134000       0.630159           1255         0.9960         5006.7          1.131
        3135000       0.630380           1256         0.9960         5008.2          1.081
        3136000       0.630579           1256         0.9960         5009.7          1.107
        3137000       0.630786           1258         0.9960         5011.2          1.108
        3138000       0.630967           1258         0.9960         5012.7          1.125
        3139000       0.631125           1258         0.9960         5014.2          1.121
        3140000       0.631305           1258         0.9960         5015.7          1.129
        3141000       0.631451           1258         0.9960         5017.1          1.147
        3142000       0.631630           1258         0.9960         5018.6          1.164
        3143000       0.631770           1258         0.9960         5020.1          1.304
        3144000       0.631955           1258         0.9960         5021.6          1.237
        3145000       0.632148           1258         0.9960         5023.4          1.257
        3146000       0.632348           1258         0.9960         5025.2          1.177
        3147000       0.632532           1258         0.9960         5026.8          1.232
        3148000       0.632719           1259         0.9960         5028.5          1.245
        3149000       0.632942           1260         0.9960         5030.2          1.310
        3150000       0.633131           1260         0.9960         5031.8          1.302
        3151000       0.633343           1260         0.9960         5033.7          1.310
        3152000       0.633547           1261         0.9960         5035.4          1.339
        3153000       0.633749           1261         0.9960         5037.2          1.331
        3154000       0.633984           1261         0.9960         5038.8          1.292
        3155000       0.634172           1262         0.9960         5040.4          1.314
        3156000       0.634335           1263         0.9960         5042.3          1.293
        3157000       0.634503           1263         0.9960         5044.2          1.294
        3158000       0.634691           1264         0.9960         5046.2          1.330
        3159000       0.634900           1265         0.9960         5048.1          1.338
        3160000       0.635088           1265         0.9960         5049.7          1.309
        3161000       0.635300           1265         0.9960         5051.2          1.161
        3162000       0.635529           1265         0.9960         5052.7          1.189
        3163000       0.635730           1265         0.9960         5054.2          1.156
        3164000       0.635910           1266         0.9960         5055.9          1.179
        3165000       0.636094           1266         0.9960         5057.5          1.170
        3166000       0.636280           1266         0.9960         5059.1          1.185
        3167000       0.636467           1267         0.9960         5060.8          1.205
        3168000       0.636653           1268         0.9960         5062.4          1.059
        3169000       0.636848           1268         0.9960         5063.9          1.122
        3170000       0.637074           1268         0.9960         5065.4          1.226
        3171000       0.637277           1268         0.9960         5067.7          1.228
        3172000       0.637491           1268         0.9960         5070.0          1.251
        3173000       0.637679           1269         0.9960         5071.5          1.320
        3174000       0.637863           1269         0.9960         5073.3          1.291
        3175000       0.638041           1269         0.9960         5074.9          1.223
        3176000       0.638221           1269         0.9960         5076.5          1.172
        3177000       0.638472           1269         0.9960         5078.7          1.229
        3178000       0.638698           1269         0.9960         5080.4          1.282
        3179000       0.638901           1271         0.9960         5082.0          1.256
        3180000       0.639116           1271         0.9960         5083.8          1.285
        3181000       0.639321           1272         0.9960         5085.4          1.358
        3182000       0.639511           1272         0.9960         5087.0          1.329
        3183000       0.639698           1272         0.9960         5088.6          1.344
        3184000       0.639899           1272         0.9960         5090.2          1.326
        3185000       0.640085           1272         0.9960         5091.7          1.286
        3186000       0.640312           1273         0.9960         5093.4          1.364
        3187000       0.640529           1273         0.9960         5095.0          1.341
        3188000       0.640719           1275         0.9960         5096.5          1.309
        3189000       0.640928           1275         0.9960         5098.1          1.367
        3190000       0.641163           1275         0.9960         5099.8          1.361
        3191000       0.641377           1275         0.9960         5101.5          1.359
        3192000       0.641627           1275         0.9960         5103.0          1.308
        3193000       0.641824           1275         0.9960         5104.6          1.344
        3194000       0.641978           1275         0.9960         5106.3          1.356
        3195000       0.642220           1276         0.9960         5107.9          1.352
        3196000       0.642424           1276         0.9960         5109.4          1.364
        3197000       0.642619           1276         0.9960         5110.9          1.363
        3198000       0.642847           1278         0.9960         5112.5          1.345
        3199000       0.643076           1279         0.9960         5114.0          1.285
        3200000       0.643359           1280         0.9960         5115.6          1.267
        3201000       0.643556           1280         0.9960         5117.1          1.322
        3202000       0.643782           1280         0.9960         5118.6          1.354
        3203000       0.643995           1280         0.9960         5120.2          1.343
        3204000       0.644194           1281         0.9960         5121.8          1.375
        3205000       0.644424           1281         0.9960         5123.6          1.283
        3206000       0.644640           1282         0.9960         5125.4          1.307
        3207000       0.644834           1283         0.9960         5127.0          1.223
        3208000       0.645048           1283         0.9960         5128.5          1.292
        3209000       0.645231           1283         0.9960         5130.3          1.252
        3210000       0.645429           1283         0.9960         5131.9          1.256
        3211000       0.645615           1283         0.9960         5133.5          1.180
        3212000       0.645826           1283         0.9960         5135.0          1.258
        3213000       0.646003           1285         0.9960         5136.8          1.176
        3214000       0.646211           1285         0.9960         5138.7          1.320
        3215000       0.646411           1285         0.9960         5140.5          1.312
        3216000       0.646591           1285         0.9960         5142.2          1.277
        3217000       0.646805           1285         0.9960         5143.8          1.246
        3218000       0.647069           1285         0.9960         5145.5          1.247
        3219000       0.647243           1285         0.9960         5147.2          1.240
        3220000       0.647476           1285         0.9960         5149.0          1.253
        3221000       0.647656           1285         0.9960         5150.7          1.190
        3222000       0.647852           1285         0.9960         5152.4          1.189
        3223000       0.648050           1285         0.9960         5153.9          1.312
        3224000       0.648267           1286         0.9960         5155.7          1.372
        3225000       0.648424           1286         0.9960         5157.5          1.321
        3226000       0.648616           1286         0.9960         5159.0          1.243
        3227000       0.648835           1286         0.9960         5160.7          1.238
        3228000       0.649061           1286         0.9960         5162.3          1.308
        3229000       0.649278           1286         0.9960         5164.0          1.337
        3230000       0.649459           1287         0.9960         5165.7          1.358
        3231000       0.649662           1287         0.9960         5167.5          1.354
        3232000       0.649853           1288         0.9960         5169.3          1.372
        3233000       0.650070           1289         0.9960         5171.0          1.346
        3234000       0.650277           1289         0.9960         5172.6          1.404
        3235000       0.650447           1290         0.9960         5174.4          1.392
        3236000       0.650685           1290         0.9960         5177.0          1.400
        3237000       0.650933           1290         0.9959         5178.9          1.400
        3238000       0.651150           1290         0.9959         5180.6          1.383
        3239000       0.651358           1290         0.9959         5182.3          1.384
        3240000       0.651559           1290         0.9959         5184.3          1.348
        3241000       0.651765           1290         0.9959         5185.9          1.379
        3242000       0.651940           1290         0.9959         5187.5          1.384
        3243000       0.652133           1291         0.9959         5189.2          1.352
        3244000       0.652347           1291         0.9959         5190.7          1.276
        3245000       0.652557           1292         0.9959         5192.3          1.326
        3246000       0.652741           1292         0.9959         5193.9          1.281
        3247000       0.652932           1293         0.9959         5195.5          1.270
        3248000       0.653166           1293         0.9959         5197.1          1.282
        3249000       0.653362           1294         0.9959         5199.1          1.346
        3250000       0.653528           1295         0.9959         5200.9          1.235
        3251000       0.653703           1296         0.9959         5202.9          1.299
        3252000       0.653878           1296         0.9959         5204.8          1.360
        3253000       0.654081           1296         0.9959         5206.9          1.373
        3254000       0.654277           1297         0.9959         5208.8          1.369
        3255000       0.654470           1297         0.9959         5210.6          1.309
        3256000       0.654606           1298         0.9959         5212.3          1.325
        3257000       0.654792           1298         0.9959         5213.9          1.259
        3258000       0.655046           1298         0.9959         5215.9          1.177
        3259000       0.655289           1298         0.9959         5217.4          1.251
        3260000       0.655525           1299         0.9959         5219.0          1.184
        3261000       0.655729           1299         0.9959         5220.5          1.080
        3262000       0.655970           1299         0.9959         5222.1          1.166
        3263000       0.656210           1300         0.9959         5223.7          1.249
        3264000       0.656410           1300         0.9959         5225.3          1.304
        3265000       0.656602           1300         0.9959         5226.9          1.257
        3266000       0.656822           1300         0.9959         5228.6          1.258
        3267000       0.657025           1300         0.9959         5230.2          1.284
        3268000       0.657239           1300         0.9959         5231.9          1.287
        3269000       0.657443           1300         0.9959         5233.6          1.231
        3270000       0.657645           1300         0.9959         5235.3          1.250
        3271000       0.657841           1300         0.9959         5236.9          1.240
        3272000       0.658065           1300         0.9959         5238.6          1.227
        3273000       0.658267           1300         0.9959         5240.4          1.264
        3274000       0.658447           1300         0.9959         5242.3          1.258
        3275000       0.658642           1300         0.9959         5243.9          1.279
        3276000       0.658836           1300         0.9959         5245.7          1.195
        3277000       0.659078           1301         0.9959         5247.3          1.200
        3278000       0.659264           1302         0.9959         5249.1          1.179
        3279000       0.659507           1302         0.9959         5250.9          1.195
        3280000       0.659631           1302         0.9959         5252.7          1.241
        3281000       0.659849           1303         0.9959         5254.4          1.274
        3282000       0.660070           1304         0.9959         5256.1          1.257
        3283000       0.660182           1304         0.9959         5257.8          1.271
        3284000       0.660347           1304         0.9959         5259.6          1.305
        3285000       0.660544           1304         0.9959         5261.2          1.221
        3286000       0.660731           1304         0.9959         5263.1          1.234
        3287000       0.660928           1304         0.9959         5264.7          1.274
        3288000       0.661107           1304         0.9959         5266.4          1.290
        3289000       0.661316           1305         0.9959         5268.5          1.288
        3290000       0.661484           1305         0.9959         5270.4          1.289
        3291000       0.661696           1305         0.9959         5273.9          1.135
        3292000       0.661898           1305         0.9959         5275.6          1.192
        3293000       0.662094           1305         0.9959         5277.3          1.166
        3294000       0.662273           1305         0.9959         5279.0          1.196
        3295000       0.662458           1305         0.9959         5280.7          1.244
        3296000       0.662634           1305         0.9959         5282.5          1.302
        3297000       0.662824           1305         0.9959         5284.2          1.250
        3298000       0.662988           1305         0.9959         5286.0          1.270
        3299000       0.663154           1305         0.9959         5287.8          1.321
        3300000       0.663347           1305         0.9959         5289.7          1.281
        3301000       0.663552           1306         0.9959         5291.4          1.247
        3302000       0.663761           1306         0.9959         5293.2          1.282
        3303000       0.663965           1306         0.9959         5294.9          1.291
        3304000       0.664192           1308         0.9959         5296.5          1.305
        3305000       0.664417           1309         0.9959         5298.3          1.300
        3306000       0.664637           1309         0.9959         5299.7          1.280
        3307000       0.664833           1310         0.9959         5301.6          1.264
        3308000       0.664993           1311         0.9959         5303.2          1.235
        3309000       0.665185           1311         0.9959         5304.8          1.291
        3310000       0.665383           1313         0.9959         5306.5          1.198
        3311000       0.665574           1313         0.9959         5308.0          1.208
        3312000       0.665740           1313         0.9959         5309.8          1.187
        3313000       0.665904           1313         0.9959         5311.4          1.209
        3314000       0.666098           1313         0.9959         5313.0          1.208
        3315000       0.666304           1313         0.9959         5315.1          1.234
        3316000       0.666529           1314         0.9959         5316.7          1.256
        3317000       0.666718           1314         0.9959         5318.3          1.218
        3318000       0.666891           1314         0.9959         5320.0          1.214
        3319000       0.667071           1315         0.9959         5321.5          1.137
        3320000       0.667242           1315         0.9959         5323.3          1.207
        3321000       0.667417           1315         0.9959         5325.2          1.220
        3322000       0.667596           1315         0.9959         5327.1          1.260
        3323000       0.667816           1315         0.9959         5328.9          1.283
        3324000       0.668059           1315         0.9959         5330.4          1.315
        3325000       0.668255           1315         0.9959         5332.2          1.297
        3326000       0.668447           1316         0.9959         5333.8          1.320
        3327000       0.668626           1316         0.9959         5335.5          1.284
        3328000       0.668792           1316         0.9959         5337.2          1.363
        3329000       0.668971           1317         0.9959         5339.3          1.317
        3330000       0.669216           1317         0.9959         5341.0          1.279
        3331000       0.669384           1319         0.9959         5343.0          1.300
        3332000       0.669584           1319         0.9959         5344.6          1.246
        3333000       0.669795           1319         0.9959         5346.4          1.244
        3334000       0.669933           1319         0.9959         5348.0          1.229
        3335000       0.670151           1320         0.9959         5349.6          1.260
        3336000       0.670348           1320         0.9959         5351.2          1.255
        3337000       0.670574           1320         0.9959         5352.9          1.285
        3338000       0.670754           1321         0.9959         5354.5          1.283
        3339000       0.670955           1322         0.9959         5356.2          1.272
        3340000       0.671150           1322         0.9959         5358.0          1.245
        3341000       0.671339           1322         0.9959         5359.7          1.077
        3342000       0.671547           1323         0.9959         5361.5          1.167
        3343000       0.671779           1323         0.9959         5363.1          1.198
        3344000       0.671976           1323         0.9959         5365.1          1.226
        3345000       0.672181           1323         0.9959         5367.0          1.185
        3346000       0.672395           1323         0.9959         5368.6          1.211
        3347000       0.672600           1323         0.9959         5370.8          1.186
        3348000       0.672783           1323         0.9959         5372.6          1.225
        3349000       0.672984           1324         0.9959         5374.3          1.356
        3350000       0.673150           1325         0.9959         5376.3          1.255
        3351000       0.673322           1325         0.9959         5378.3          1.321
        3352000       0.673536           1325         0.9959         5380.4          1.234
        3353000       0.673721           1325         0.9959         5382.3          1.197
        3354000       0.673964           1326         0.9959         5383.9          1.209
        3355000       0.674188           1326         0.9959         5385.8          1.279
        3356000       0.674352           1326         0.9959         5388.1          1.251
        3357000       0.674542           1326         0.9959         5390.1          1.260
        3358000       0.674732           1328         0.9959         5391.9          1.228
        3359000       0.674923           1329         0.9959         5393.9          1.181
        3360000       0.675088           1329         0.9959         5395.7          1.287
        3361000       0.675330           1330         0.9959         5397.2          1.316
        3362000       0.675525           1330         0.9959         5398.8          1.251
        3363000       0.675724           1330         0.9959         5400.4          1.213
        3364000       0.675945           1330         0.9959         5403.0          1.160
        3365000       0.676138           1331         0.9959         5405.2          1.237
        3366000       0.676304           1331         0.9959         5407.1          1.279
        3367000       0.676505           1333         0.9958         5409.2          1.270
        3368000       0.676726           1333         0.9959         5411.2          1.310
        3369000       0.676909           1333         0.9959         5412.7          1.313
        3370000       0.677080           1333         0.9958         5414.3          1.268
        3371000       0.677268           1333         0.9958         5416.4          1.175
        3372000       0.677459           1333         0.9958         5418.2          1.281
        3373000       0.677596           1335         0.9958         5419.9          1.261
        3374000       0.677760           1335         0.9958         5421.9          1.143
        3375000       0.677955           1335         0.9958         5423.6          1.275
        3376000       0.678189           1335         0.9958         5425.5          1.221
        3377000       0.678405           1336         0.9958         5427.6          1.221
        3378000       0.678603           1338         0.9958         5429.7          1.255
        3379000       0.678849           1338         0.9958         5431.7          1.291
        3380000       0.679058           1340         0.9958         5434.0          1.248
        3381000       0.679215           1341         0.9958         5436.2          1.176
        3382000       0.679399           1341         0.9958         5437.8          1.125
        3383000       0.679593           1342         0.9958         5439.8          1.292
        3384000       0.679800           1343         0.9958         5441.7          1.297
        3385000       0.679958           1343         0.9958         5443.2          1.301
        3386000       0.680150           1343         0.9958         5445.7          1.274
        3387000       0.680370           1345         0.9958         5448.2          1.246
        3388000       0.680589           1345         0.9958         5450.9          1.277
        3389000       0.680795           1346         0.9958         5452.6          1.285
        3390000       0.680989           1346         0.9958         5454.9          1.202
        3391000       0.681168           1346         0.9958         5456.5          1.238
        3392000       0.681358           1346         0.9958         5458.2          1.146
        3393000       0.681584           1346         0.9958         5459.9          1.263
        3394000       0.681840           1346         0.9958         5462.1          1.231
        3395000       0.682074           1347         0.9958         5463.9          1.265
        3396000       0.682240           1347         0.9958         5465.6          1.271
        3397000       0.682453           1347         0.9958         5467.2          1.204
        3398000       0.682615           1347         0.9958         5468.9          1.184
        3399000       0.682751           1349         0.9958         5470.8          1.271
        3400000       0.682958           1349         0.9958         5472.3          1.284
        3401000       0.683172           1349         0.9958         5474.0          1.265
        3402000       0.683320           1350         0.9958         5475.6          1.225
        3403000       0.683496           1351         0.9958         5477.5          1.307
        3404000       0.683723           1352         0.9958         5479.1          1.240
        3405000       0.683954           1352         0.9958         5480.8          1.278
        3406000       0.684231           1352         0.9958         5482.4          1.367
        3407000       0.684443           1352         0.9958         5484.3          1.336
        3408000       0.684610           1353         0.9958         5486.0          1.283
        3409000       0.684784           1353         0.9958         5488.2          1.405
        3410000       0.685015           1354         0.9958         5490.8          1.392
        3411000       0.685239           1354         0.9958         5492.8          1.383
        3412000       0.685409           1354         0.9958         5494.5          1.400
        3413000       0.685550           1354         0.9958         5496.4          1.413
        3414000       0.685752           1356         0.9958         5497.8          1.342
        3415000       0.686010           1356         0.9958         5499.6          1.215
        3416000       0.686193           1356         0.9958         5501.1          1.276
        3417000       0.686421           1357         0.9958         5503.0          1.247
        3418000       0.686645           1357         0.9958         5504.6          1.323
        3419000       0.686893           1357         0.9958         5506.3          1.383
        3420000       0.687047           1357         0.9958         5508.1          1.363
        3421000       0.687251           1358         0.9958         5509.7          1.304
        3422000       0.687455           1358         0.9958         5511.4          1.300
        3423000       0.687616           1358         0.9958         5512.9          1.222
        3424000       0.687851           1359         0.9958         5514.7          1.195
        3425000       0.688027           1359         0.9958         5516.4          1.187
        3426000       0.688192           1359         0.9958         5518.1          1.221
        3427000       0.688377           1359         0.9958         5520.1          1.312
        3428000       0.688572           1359         0.9958         5521.7          1.320
        3429000       0.688743           1359         0.9958         5523.3          1.329
        3430000       0.688941           1360         0.9958         5525.1          1.359
        3431000       0.689187           1360         0.9958         5526.9          1.381
        3432000       0.689379           1361         0.9958         5528.9          1.281
        3433000       0.689576           1361         0.9958         5530.5          1.284
        3434000       0.689808           1362         0.9958         5532.2          1.309
        3435000       0.689975           1362         0.9958         5534.0          1.268
        3436000       0.690205           1362         0.9958         5535.8          1.270
        3437000       0.690381           1362         0.9958         5537.5          1.330
        3438000       0.690557           1363         0.9958         5539.2          1.371
        3439000       0.690804           1363         0.9958         5541.2          1.380
        3440000       0.691040           1364         0.9958         5543.1          1.357
        3441000       0.691197           1364         0.9958         5544.7          1.313
        3442000       0.691391           1366         0.9958         5546.5          1.238
        3443000       0.691628           1367         0.9958         5548.2          1.296
        3444000       0.691786           1367         0.9958         5549.8          1.350
        3445000       0.692005           1368         0.9958         5551.5          1.277
        3446000       0.692196           1368         0.9958         5553.2          1.258
        3447000       0.692408           1368         0.9958         5555.0          1.305
        3448000       0.692569           1369         0.9958         5556.7          1.325
        3449000       0.692761           1369         0.9958         5558.4          1.277
        3450000       0.692965           1369         0.9958         5560.3          1.261
        3451000       0.693183           1369         0.9958         5562.3          1.366
        3452000       0.693389           1369         0.9958         5564.2          1.434
        3453000       0.693557           1370         0.9958         5565.8          1.338
        3454000       0.693736           1370         0.9958         5567.4          1.263
        3455000       0.693953           1370         0.9958         5569.1          1.305
        3456000       0.694186           1371         0.9958         5570.7          1.261
        3457000       0.694387           1371         0.9958         5572.5          1.224
        3458000       0.694554           1371         0.9958         5574.2          1.275
        3459000       0.694750           1371         0.9958         5575.8          1.301
        3460000       0.694950           1371         0.9958         5577.5          1.312
        3461000       0.695132           1372         0.9958         5579.1          1.286
        3462000       0.695335           1372         0.9958         5580.7          1.343
        3463000       0.695505           1373         0.9958         5582.3          1.312
        3464000       0.695702           1373         0.9958         5584.0          1.262
        3465000       0.695897           1374         0.9958         5585.9          1.299
        3466000       0.696079           1374         0.9958         5587.6          1.288
        3467000       0.696235           1374         0.9958         5589.2          1.302
        3468000       0.696383           1374         0.9958         5590.8          1.309
        3469000       0.696608           1374         0.9958         5592.7          1.286
        3470000       0.696822           1374         0.9958         5595.1          1.301
        3471000       0.697012           1374         0.9958         5597.8          1.316
        3472000       0.697202           1374         0.9958         5599.5          1.357
        3473000       0.697420           1374         0.9958         5601.4          1.521
        3474000       0.697596           1376         0.9958         5603.3          1.496
        3475000       0.697741           1376         0.9958         5604.8          1.350
        3476000       0.697938           1377         0.9958         5606.6          1.334
        3477000       0.698125           1377         0.9958         5608.3          1.305
        3478000       0.698364           1379         0.9958         5609.9          1.233
        3479000       0.698529           1379         0.9958         5611.7          1.246
        3480000       0.698697           1381         0.9958         5613.8          1.222
        3481000       0.698834           1383         0.9958         5615.4          1.274
        3482000       0.699040           1383         0.9958         5617.2          1.306
        3483000       0.699268           1383         0.9958         5618.8          1.210
        3484000       0.699474           1383         0.9958         5620.5          1.190
        3485000       0.699669           1383         0.9958         5622.2          1.299
        3486000       0.699846           1383         0.9958         5624.1          1.321
        3487000       0.700039           1383         0.9958         5625.8          1.282
        3488000       0.700230           1384         0.9958         5627.3          1.218
        3489000       0.700464           1385         0.9958         5629.1          1.224
        3490000       0.700687           1385         0.9958         5630.8          1.150
        3491000       0.700881           1386         0.9958         5632.5          1.127
        3492000       0.701085           1387         0.9958         5634.0          1.159
        3493000       0.701300           1388         0.9958         5635.6          1.258
        3494000       0.701488           1388         0.9958         5637.1          1.236
        3495000       0.701584           1389         0.9958         5638.7          1.271
        3496000       0.701774           1390         0.9958         5640.8          1.248
        3497000       0.701961           1391         0.9958         5642.5          1.240
        3498000       0.702158           1392         0.9958         5644.4          1.253
        3499000       0.702323           1393         0.9958         5645.9          1.259
        3500000       0.702522           1393         0.9958         5647.4          1.285
        3501000       0.702698           1393         0.9958         5649.1          1.366
        3502000       0.702870           1393         0.9958         5650.9          1.296
        3503000       0.703031           1393         0.9958         5652.5          1.286
        3504000       0.703258           1393         0.9958         5654.0          1.361
        3505000       0.703412           1393         0.9958         5655.7          1.343
        3506000       0.703631           1395         0.9958         5657.4          1.336
        3507000       0.703820           1395         0.9958         5659.3          1.389
        3508000       0.703997           1395         0.9958         5661.4          1.521
        3509000       0.704190           1395         0.9958         5663.3          1.445
        3510000       0.704445           1396         0.9958         5665.2          1.400
        3511000       0.704664           1396         0.9958         5667.3          1.400
        3512000       0.704842           1396         0.9958         5669.1          1.372
        3513000       0.704989           1396         0.9958         5671.1          1.325
        3514000       0.705179           1396         0.9958         5672.9          1.343
        3515000       0.705381           1396         0.9958         5674.4          1.374
        3516000       0.705568           1396         0.9958         5676.2          1.330
        3517000       0.705781           1396         0.9958         5677.7          1.354
        3518000       0.705974           1396         0.9958         5679.3          1.359
        3519000       0.706133           1396         0.9958         5680.9          1.383
        3520000       0.706308           1396         0.9958         5682.4          1.363
        3521000       0.706509           1396         0.9958         5684.0          1.387
        3522000       0.706697           1397         0.9958         5685.8          1.395
        3523000       0.706921           1398         0.9958         5687.7          1.275
        3524000       0.707141           1398         0.9958         5689.4          1.289
        3525000       0.707360           1398         0.9958         5691.8          1.249
        3526000       0.707527           1398         0.9958         5693.5          1.264
        3527000       0.707765           1398         0.9958         5695.6          1.305
        3528000       0.707921           1399         0.9958         5698.2          1.348
        3529000       0.708098           1399         0.9958         5700.2          1.300
        3530000       0.708315           1401         0.9958         5702.2          1.301
        3531000       0.708531           1401         0.9958         5704.2          1.290
        3532000       0.708726           1402         0.9958         5706.7          1.264
        3533000       0.708907           1402         0.9958         5708.5          1.296
        3534000       0.709138           1403         0.9958         5710.1          1.282
        3535000       0.709327           1403         0.9958         5712.1          1.271
        3536000       0.709469           1403         0.9958         5713.9          1.267
        3537000       0.709687           1404         0.9958         5715.5          1.261
        3538000       0.709897           1406         0.9958         5717.1          1.314
        3539000       0.710087           1407         0.9958         5719.4          1.351
        3540000       0.710251           1407         0.9958         5721.7          1.441
        3541000       0.710460           1407         0.9958         5723.9          1.426
        3542000       0.710598           1407         0.9958         5726.3          1.493
        3543000       0.710818           1407         0.9958         5728.5          1.370
        3544000       0.711024           1408         0.9958         5730.9          1.409
        3545000       0.711221           1409         0.9957         5732.7          1.428
        3546000       0.711384           1409         0.9957         5735.7          1.429
        3547000       0.711587           1409         0.9957         5738.4          1.434
        3548000       0.711782           1410         0.9957         5740.2          1.505
        3549000       0.712006           1411         0.9957         5742.2          1.475
        3550000       0.712200           1412         0.9957         5744.2          1.401
        3551000       0.712385           1412         0.9957         5746.6          1.383
        3552000       0.712558           1412         0.9957         5748.7          1.378
        3553000       0.712766           1412         0.9957         5751.2          1.438
        3554000       0.712945           1413         0.9957         5752.8          1.439
        3555000       0.713151           1413         0.9957         5755.4          1.372
        3556000       0.713325           1414         0.9957         5757.2          1.380
        3557000       0.713556           1414         0.9957         5758.7          1.296
        3558000       0.713822           1414         0.9957         5760.6          1.412
        3559000       0.714006           1414         0.9957         5762.1          1.401
        3560000       0.714200           1414         0.9957         5764.1          1.403
        3561000       0.714361           1415         0.9957         5766.7          1.402
        3562000       0.714609           1415         0.9957         5768.5          1.379
        3563000       0.714815           1415         0.9957         5770.9          1.362
        3564000       0.715031           1415         0.9957         5772.9          1.401
        3565000       0.715247           1415         0.9957         5775.3          1.447
        3566000       0.715444           1416         0.9957         5777.3          1.300
        3567000       0.715658           1416         0.9957         5778.9          1.291
        3568000       0.715831           1416         0.9957         5780.9          1.325
        3569000       0.716012           1416         0.9957         5782.8          1.374
        3570000       0.716214           1416         0.9957         5784.9          1.339
        3571000       0.716396           1416         0.9957         5786.4          1.353
        3572000       0.716571           1416         0.9957         5788.3          1.337
        3573000       0.716757           1416         0.9957         5789.9          1.310
        3574000       0.716932           1416         0.9957         5792.5          1.337
        3575000       0.717138           1416         0.9957         5794.3          1.338
        3576000       0.717335           1416         0.9957         5796.1          1.351
        3577000       0.717561           1416         0.9957         5798.3          1.376
        3578000       0.717756           1416         0.9957         5800.1          1.375
        3579000       0.717958           1416         0.9957         5802.3          1.363
        3580000       0.718149           1416         0.9957         5804.3          1.373
        3581000       0.718373           1416         0.9957         5806.5          1.365
        3582000       0.718569           1416         0.9957         5808.3          1.369
        3583000       0.718754           1416         0.9957         5810.3          1.427
        3584000       0.718972           1417         0.9957         5812.4          1.423
        3585000       0.719155           1417         0.9957         5814.1          1.406
        3586000       0.719358           1417         0.9957         5816.8          1.361
        3587000       0.719564           1419         0.9957         5819.1          1.425
        3588000       0.719817           1420         0.9957         5820.8          1.440
        3589000       0.720004           1421         0.9957         5822.7          1.394
        3590000       0.720213           1421         0.9957         5824.4          1.418
        3591000       0.720407           1421         0.9957         5826.5          1.442
        3592000       0.720607           1422         0.9957         5828.6          1.407
        3593000       0.720763           1423         0.9957         5830.8          1.395
        3594000       0.720941           1424         0.9957         5832.7          1.360
        3595000       0.721117           1425         0.9957         5834.5          1.309
        3596000       0.721317           1427         0.9957         5836.3          1.351
        3597000       0.721460           1427         0.9957         5838.2          1.359
        3598000       0.721634           1428         0.9957         5840.0          1.382
        3599000       0.721825           1428         0.9957         5842.0          1.402
        3600000       0.722010           1429         0.9957         5843.7          1.430
        3601000       0.722188           1430         0.9957         5845.8          1.401
        3602000       0.722410           1431         0.9957         5847.8          1.328
        3603000       0.722625           1431         0.9957         5849.7          1.323
        3604000       0.722845           1432         0.9957         5851.6          1.315
        3605000       0.723075           1432         0.9957         5853.3          1.363
        3606000       0.723297           1433         0.9957         5855.1          1.414
        3607000       0.723535           1434         0.9957         5856.7          1.456
        3608000       0.723714           1434         0.9957         5858.5          1.447
        3609000       0.723892           1434         0.9957         5860.4          1.416
        3610000       0.724098           1434         0.9957         5862.6          1.439
        3611000       0.724318           1434         0.9957         5864.5          1.407
        3612000       0.724540           1434         0.9957         5866.2          1.483
        3613000       0.724717           1434         0.9957         5868.1          1.404
        3614000       0.724901           1434         0.9957         5869.9          1.404
        3615000       0.725088           1434         0.9957         5872.0          1.402
        3616000       0.725271           1435         0.9957         5873.9          1.351
        3617000       0.725487           1435         0.9957         5875.7          1.430
        3618000       0.725739           1436         0.9957         5877.4          1.327
        3619000       0.725904           1437         0.9957         5879.1          1.292
        3620000       0.726086           1438         0.9957         5880.7          1.227
        3621000       0.726271           1438         0.9957         5882.3          1.286
        3622000       0.726482           1439         0.9957         5884.2          1.213
        3623000       0.726681           1439         0.9957         5885.9          1.227
        3624000       0.726869           1439         0.9957         5888.1          1.349
        3625000       0.727085           1439         0.9957         5890.1          1.415
        3626000       0.727273           1440         0.9957         5891.8          1.359
        3627000       0.727496           1440         0.9957         5893.9          1.362
        3628000       0.727713           1440         0.9957         5896.2          1.398
        3629000       0.727898           1440         0.9957         5898.1          1.381
        3630000       0.728122           1440         0.9957         5899.6          1.375
        3631000       0.728331           1440         0.9957         5901.2          1.356
        3632000       0.728531           1440         0.9957         5903.0          1.383
        3633000       0.728765           1440         0.9957         5904.7          1.305
        3634000       0.728995           1440         0.9957         5906.3          1.292
        3635000       0.729181           1441         0.9957         5907.9          1.250
        3636000       0.729413           1443         0.9957         5909.7          1.208
        3637000       0.729628           1443         0.9957         5911.4          1.275
        3638000       0.729819           1443         0.9957         5913.1          1.315
        3639000       0.730034           1445         0.9957         5914.6          1.299
        3640000       0.730178           1446         0.9957         5916.1          1.275
        3641000       0.730371           1446         0.9957         5917.9          1.226
        3642000       0.730574           1446         0.9957         5919.5          1.304
        3643000       0.730748           1447         0.9957         5921.3          1.308
        3644000       0.730981           1447         0.9957         5923.6          1.342
        3645000       0.731157           1448         0.9957         5925.6          1.301
        3646000       0.731317           1448         0.9957         5927.6          1.397
        3647000       0.731504           1448         0.9957         5929.2          1.408
        3648000       0.731656           1448         0.9957         5930.9          1.433
        3649000       0.731868           1448         0.9957         5933.6          1.453
        3650000       0.732065           1448         0.9957         5935.9          1.380
        3651000       0.732271           1449         0.9957         5937.9          1.277
        3652000       0.732467           1449         0.9957         5939.7          1.307
        3653000       0.732641           1450         0.9957         5941.4          1.377
        3654000       0.732827           1450         0.9957         5943.5          1.345
        3655000       0.733020           1450         0.9957         5945.1          1.371
        3656000       0.733249           1450         0.9957         5946.8          1.379
        3657000       0.733438           1450         0.9957         5948.5          1.378
        3658000       0.733630           1451         0.9957         5950.4          1.356
        3659000       0.733835           1451         0.9957         5952.0          1.323
        3660000       0.734025           1451         0.9957         5954.1          1.377
        3661000       0.734224           1451         0.9957         5956.2          1.365
        3662000       0.734414           1451         0.9957         5958.2          1.296
        3663000       0.734592           1451         0.9957         5959.9          1.372
        3664000       0.734790           1451         0.9957         5962.0          1.317
        3665000       0.734993           1451         0.9957         5963.7          1.296
        3666000       0.735191           1451         0.9957         5965.4          1.287
        3667000       0.735393           1452         0.9957         5967.0          1.347
        3668000       0.735626           1453         0.9957         5968.8          1.351
        3669000       0.735830           1453         0.9957         5970.7          1.379
        3670000       0.736017           1453         0.9957         5972.5          1.396
        3671000       0.736211           1456         0.9957         5974.4          1.326
        3672000       0.736432           1458         0.9957         5976.3          1.360
        3673000       0.736656           1459         0.9957         5978.3          1.390
        3674000       0.736890           1459         0.9957         5980.2          1.416
        3675000       0.737082           1459         0.9957         5982.1          1.406
        3676000       0.737261           1459         0.9957         5983.9          1.382
        3677000       0.737449           1459         0.9957         5985.8          1.404
        3678000       0.737649           1460         0.9957         5987.5          1.411
        3679000       0.737825           1462         0.9957         5989.5          1.311
        3680000       0.738012           1462         0.9957         5990.9          1.318
        3681000       0.738268           1462         0.9957         5992.7          1.369
        3682000       0.738455           1463         0.9957         5994.6          1.303
        3683000       0.738680           1464         0.9957         5996.5          1.329
        3684000       0.738843           1465         0.9957         5998.5          1.365
        3685000       0.739018           1465         0.9957         6000.4          1.334
        3686000       0.739259           1465         0.9957         6002.1          1.400
        3687000       0.739455           1465         0.9957         6004.2          1.397
        3688000       0.739630           1465         0.9957         6006.0          1.392
        3689000       0.739854           1465         0.9957         6007.9          1.404
        3690000       0.740044           1465         0.9957         6009.8          1.350
        3691000       0.740222           1465         0.9957         6011.3          1.204
        3692000       0.740393           1465         0.9957         6012.9          1.241
        3693000       0.740594           1465         0.9957         6014.7          1.249
        3694000       0.740777           1465         0.9957         6016.2          1.115
        3695000       0.740965           1465         0.9957         6017.8          1.187
        3696000       0.741169           1465         0.9957         6019.5          1.152
        3697000       0.741362           1465         0.9957         6021.1          1.155
        3698000       0.741538           1465         0.9957         6022.6          1.179
        3699000       0.741741           1465         0.9957         6024.2          1.170
        3700000       0.741902           1465         0.9957         6025.7          1.103
        3701000       0.742082           1466         0.9957         6027.3          1.161
        3702000       0.742295           1466         0.9957         6029.0          1.218
        3703000       0.742500           1466         0.9957         6030.8          1.193
        3704000       0.742689           1466         0.9957         6032.3          1.136
        3705000       0.742853           1466         0.9957         6033.7          1.200
        3706000       0.743024           1467         0.9957         6035.2          1.252
        3707000       0.743203           1468         0.9957         6037.2          1.278
        3708000       0.743416           1468         0.9957         6038.9          1.216
        3709000       0.743615           1470         0.9957         6040.6          1.205
        3710000       0.743793           1470         0.9957         6042.1          1.202
        3711000       0.743969           1470         0.9957         6043.6          1.287
        3712000       0.744164           1470         0.9957         6045.5          1.241
        3713000       0.744354           1470         0.9957         6047.4          1.241
        3714000       0.744621           1473         0.9956         6049.0          1.117
        3715000       0.744790           1473         0.9956         6050.6          1.112
        3716000       0.745016           1473         0.9956         6052.3          1.144
        3717000       0.745227           1474         0.9956         6054.1          1.225
        3718000       0.745397           1474         0.9956         6055.7          1.316
        3719000       0.745563           1474         0.9956         6057.6          1.373
        3720000       0.745759           1474         0.9956         6059.7          1.443
        3721000       0.745973           1476         0.9956         6061.4          1.440
        3722000       0.746229           1476         0.9956         6063.1          1.341
        3723000       0.746469           1478         0.9956         6065.0          1.355
        3724000       0.746641           1479         0.9956         6066.7          1.378
        3725000       0.746840           1479         0.9956         6068.5          1.380
        3726000       0.747043           1479         0.9956         6070.4          1.414
        3727000       0.747220           1479         0.9956         6072.4          1.399
        3728000       0.747401           1480         0.9956         6074.3          1.438
        3729000       0.747588           1482         0.9956         6075.9          1.449
        3730000       0.747784           1482         0.9956         6077.8          1.394
        3731000       0.747989           1484         0.9956         6079.6          1.350
        3732000       0.748187           1486         0.9956         6081.5          1.247
        3733000       0.748366           1486         0.9956         6083.0          1.250
        3734000       0.748573           1486         0.9956         6085.0          1.241
        3735000       0.748767           1486         0.9956         6086.7          1.215
        3736000       0.748966           1488         0.9956         6088.3          1.262
        3737000       0.749155           1489         0.9956         6090.3          1.338
        3738000       0.749337           1489         0.9956         6091.9          1.275
        3739000       0.749535           1490         0.9956         6093.9          1.308
        3740000       0.749732           1491         0.9956         6096.3          1.216
        3741000       0.749939           1491         0.9956         6098.3          1.285
        3742000       0.750150           1492         0.9956         6100.3          1.328
        3743000       0.750347           1492         0.9956         6103.0          1.279
        3744000       0.750575           1493         0.9956         6106.2          1.360
        3745000       0.750721           1493         0.9956         6108.3          1.340
        3746000       0.750890           1493         0.9956         6110.0          1.321
        3747000       0.751103           1493         0.9956         6112.6          1.321
        3748000       0.751304           1493         0.9956         6115.7          1.372
        3749000       0.751442           1494         0.9956         6118.1          1.289
        3750000       0.751618           1494         0.9956         6120.0          1.340
        3751000       0.751731           1494         0.9956         6123.1          1.318
        3752000       0.751984           1494         0.9956         6125.8          1.363
        3753000       0.752164           1495         0.9956         6128.4          1.309
        3754000       0.752366           1496         0.9956         6130.1          1.286
        3755000       0.752608           1497         0.9956         6131.8          1.247
        3756000       0.752815           1497         0.9956         6134.1          1.287
        3757000       0.753001           1498         0.9956         6136.7          1.281
        3758000       0.753205           1498         0.9956         6138.8          1.259
        3759000       0.753408           1498         0.9956         6140.7          1.299
        3760000       0.753624           1498         0.9956         6142.7          1.355
        3761000       0.753805           1498         0.9956         6144.8          1.404
        3762000       0.754003           1498         0.9956         6146.7          1.391
        3763000       0.754184           1499         0.9956         6149.3          1.404
        3764000       0.754381           1500         0.9956         6151.2          1.324
        3765000       0.754596           1500         0.9956         6152.9          1.372
        3766000       0.754814           1500         0.9956         6154.8          1.332
        3767000       0.754968           1500         0.9956         6156.3          1.285
        3768000       0.755142           1500         0.9956         6158.8          1.320
        3769000       0.755336           1501         0.9956         6160.4          1.325
        3770000       0.755519           1503         0.9956         6162.1          1.336
        3771000       0.755746           1503         0.9956         6163.9          1.350
        3772000       0.755918           1503         0.9956         6165.8          1.361
        3773000       0.756126           1503         0.9956         6167.6          1.381
        3774000       0.756318           1504         0.9956         6169.1          1.377
        3775000       0.756520           1504         0.9956         6170.6          1.414
        3776000       0.756713           1505         0.9956         6172.3          1.425
        3777000       0.756923           1507         0.9956         6173.9          1.359
        3778000       0.757128           1508         0.9956         6175.6          1.294
        3779000       0.757362           1509         0.9956         6177.1          1.396
        3780000       0.757612           1510         0.9956         6178.8          1.316
        3781000       0.757825           1510         0.9956         6180.5          1.300
        3782000       0.758023           1510         0.9956         6182.1          1.407
        3783000       0.758219           1510         0.9956         6184.4          1.234
        3784000       0.758449           1510         0.9956         6186.4          1.265
        3785000       0.758638           1510         0.9956         6188.6          1.378
        3786000       0.758793           1510         0.9956         6190.7          1.398
        3787000       0.759003           1510         0.9956         6192.9          1.429
        3788000       0.759201           1510         0.9956         6194.7          1.376
        3789000       0.759377           1510         0.9956         6196.7          1.383
        3790000       0.759560           1510         0.9956         6199.9          1.377
        3791000       0.759768           1511         0.9956         6202.3          1.342
        3792000       0.759982           1511         0.9956         6204.6          1.360
        3793000       0.760201           1511         0.9956         6207.0          1.370
        3794000       0.760411           1511         0.9956         6209.8          1.410
        3795000       0.760575           1511         0.9956         6211.4          1.412
        3796000       0.760762           1511         0.9956         6213.5          1.339
        3797000       0.760954           1512         0.9956         6215.8          1.289
        3798000       0.761187           1514         0.9956         6217.4          1.242
        3799000       0.761397           1514         0.9956         6219.5          1.338
        3800000       0.761588           1514         0.9956         6221.4          1.271
        3801000       0.761801           1515         0.9956         6223.1          1.279
        3802000       0.762003           1515         0.9956         6224.6          1.276
        3803000       0.762191           1516         0.9956         6226.2          1.229
        3804000       0.762380           1516         0.9956         6227.9          1.267
        3805000       0.762561           1516         0.9956         6229.4          1.215
        3806000       0.762750           1516         0.9956         6231.4          1.213
        3807000       0.762985           1516         0.9956         6232.9          1.235
        3808000       0.763195           1517         0.9956         6234.5          1.311
        3809000       0.763386           1519         0.9956         6236.1          1.270
        3810000       0.763588           1519         0.9956         6237.8          1.263
        3811000       0.763801           1519         0.9956         6239.4          1.157
        3812000       0.763984           1520         0.9956         6241.1          1.204
        3813000       0.764216           1522         0.9956         6242.6          1.258
        3814000       0.764407           1522         0.9956         6244.4          1.280
        3815000       0.764591           1523         0.9956         6246.1          1.181
        3816000       0.764736           1524         0.9956         6247.7          1.262
        3817000       0.764928           1524         0.9956         6249.5          1.279
        3818000       0.765078           1524         0.9956         6251.3          1.270
        3819000       0.765216           1526         0.9956         6252.9          1.202
        3820000       0.765384           1526         0.9956         6254.7          1.253
        3821000       0.765619           1528         0.9956         6256.5          1.185
        3822000       0.765812           1530         0.9956         6258.3          1.120
        3823000       0.766048           1531         0.9956         6259.9          1.118
        3824000       0.766253           1531         0.9956         6261.5          1.117
        3825000       0.766440           1531         0.9956         6263.8          1.206
        3826000       0.766626           1531         0.9956         6265.4          1.205
        3827000       0.766814           1531         0.9956         6267.3          1.231
        3828000       0.767044           1531         0.9956         6269.1          1.247
        3829000       0.767272           1532         0.9956         6270.9          1.407
        3830000       0.767483           1534         0.9956         6272.7          1.271
        3831000       0.767707           1535         0.9956         6274.5          1.266
        3832000       0.767891           1535         0.9956         6276.5          1.185
        3833000       0.768059           1535         0.9956         6278.2          1.300
        3834000       0.768238           1535         0.9956         6280.9          1.291
        3835000       0.768430           1536         0.9956         6283.0          1.216
        3836000       0.768613           1536         0.9956         6284.7          1.230
        3837000       0.768801           1536         0.9956         6286.9          1.391
        3838000       0.768968           1536         0.9956         6289.2          1.374
        3839000       0.769178           1536         0.9956         6291.0          1.388
        3840000       0.769387           1536         0.9956         6293.1          1.333
        3841000       0.769556           1536         0.9956         6294.7          1.311
        3842000       0.769737           1537         0.9956         6296.7          1.261
        3843000       0.769915           1537         0.9956         6298.4          1.256
        3844000       0.770133           1537         0.9956         6300.2          1.252
        3845000       0.770350           1538         0.9956         6302.1          1.271
        3846000       0.770555           1538         0.9956         6303.7          1.188
        3847000       0.770737           1538         0.9956         6305.6          1.295
        3848000       0.770907           1538         0.9955         6307.3          1.339
        3849000       0.771101           1539         0.9955         6309.0          1.387
        3850000       0.771344           1539         0.9955         6310.8          1.339
        3851000       0.771510           1540         0.9955         6312.6          1.240
        3852000       0.771689           1541         0.9955         6314.4          1.185
        3853000       0.771859           1541         0.9955         6315.8          1.164
        3854000       0.772054           1542         0.9955         6317.4          1.207
        3855000       0.772260           1542         0.9955         6319.4          1.303
        3856000       0.772462           1542         0.9955         6322.0          1.378
        3857000       0.772685           1542         0.9955         6323.8          1.339
        3858000       0.772894           1545         0.9955         6325.5          1.200
        3859000       0.773094           1545         0.9955         6327.7          1.145
        3860000       0.773324           1546         0.9955         6329.5          1.206
        3861000       0.773510           1546         0.9955         6331.8          1.251
        3862000       0.773671           1546         0.9955         6334.0          1.232
        3863000       0.773856           1547         0.9955         6335.9          1.201
        3864000       0.774095           1547         0.9955         6337.9          1.342
        3865000       0.774275           1548         0.9955         6339.4          1.247
        3866000       0.774502           1548         0.9955         6341.4          1.233
        3867000       0.774718           1548         0.9955         6344.0          1.356
        3868000       0.774906           1548         0.9955         6346.4          1.275
        3869000       0.775097           1548         0.9955         6348.7          1.294
        3870000       0.775288           1549         0.9955         6350.9          1.342
        3871000       0.775472           1550         0.9955         6352.6          1.356
        3872000       0.775641           1551         0.9955         6354.9          1.347
        3873000       0.775864           1551         0.9955         6357.5          1.314
        3874000       0.776042           1551         0.9955         6359.8          1.357
        3875000       0.776220           1551         0.9955         6361.8          1.367
        3876000       0.776397           1551         0.9955         6364.6          1.431
        3877000       0.776583           1551         0.9955         6367.3          1.441
        3878000       0.776802           1551         0.9955         6368.9          1.375
        3879000       0.776950           1551         0.9955         6371.2          1.359
        3880000       0.777109           1551         0.9955         6373.8          1.407
        3881000       0.777307           1551         0.9955         6375.7          1.421
        3882000       0.777474           1551         0.9955         6377.9          1.407
        3883000       0.777694           1552         0.9955         6379.7          1.482
        3884000       0.777892           1552         0.9955         6382.0          1.514
        3885000       0.778113           1552         0.9955         6384.8          1.437
        3886000       0.778255           1552         0.9955         6387.8          1.427
        3887000       0.778464           1552         0.9955         6390.4          1.402
        3888000       0.778707           1554         0.9955         6393.6          1.425
        3889000       0.778893           1554         0.9955         6395.2          1.412
        3890000       0.779079           1554         0.9955         6397.9          1.386
        3891000       0.779291           1554         0.9955         6400.4          1.419
        3892000       0.779483           1554         0.9955         6402.3          1.482
        3893000       0.779680           1554         0.9955         6405.1          1.479
        3894000       0.779892           1554         0.9955         6406.9          1.489
        3895000       0.780116           1555         0.9955         6409.1          1.447
        3896000       0.780320           1556         0.9955         6411.3          1.508
        3897000       0.780536           1557         0.9955         6413.3          1.534
        3898000       0.780710           1557         0.9955         6415.4          1.486
        3899000       0.780947           1557         0.9955         6417.7          1.525
        3900000       0.781149           1559         0.9955         6420.0          1.505
        3901000       0.781341           1561         0.9955         6422.1          1.499
        3902000       0.781562           1562         0.9955         6424.2          1.370
        3903000       0.781736           1562         0.9955         6426.3          1.466
        3904000       0.781931           1562         0.9955         6428.0          1.431
        3905000       0.782167           1562         0.9955         6430.2          1.439
        3906000       0.782365           1562         0.9955         6432.2          1.433
        3907000       0.782569           1562         0.9955         6434.2          1.399
        3908000       0.782763           1562         0.9955         6435.8          1.393
        3909000       0.782972           1563         0.9955         6437.6          1.407
        3910000       0.783194           1563         0.9955         6439.6          1.426
        3911000       0.783421           1564         0.9955         6441.4          1.460
        3912000       0.783623           1564         0.9955         6443.3          1.460
        3913000       0.783801           1564         0.9955         6445.6          1.467
        3914000       0.784010           1564         0.9955         6447.6          1.464
        3915000       0.784226           1565         0.9955         6449.6          1.433
        3916000       0.784456           1565         0.9955         6451.9          1.445
        3917000       0.784617           1566         0.9955         6453.7          1.407
        3918000       0.784784           1567         0.9955         6456.2          1.417
        3919000       0.784962           1568         0.9955         6458.4          1.392
        3920000       0.785164           1568         0.9955         6461.2          1.392
        3921000       0.785378           1568         0.9955         6463.3          1.384
        3922000       0.785596           1569         0.9955         6465.8          1.471
        3923000       0.785817           1569         0.9955         6468.7          1.374
        3924000       0.786007           1570         0.9955         6471.5          1.467
        3925000       0.786193           1572         0.9955         6474.1          1.445
        3926000       0.786373           1572         0.9955         6475.7          1.413
        3927000       0.786534           1573         0.9955         6477.8          1.435
        3928000       0.786747           1573         0.9955         6480.4          1.535
        3929000       0.786934           1573         0.9955         6483.0          1.446
        3930000       0.787146           1573         0.9955         6485.3          1.475
        3931000       0.787292           1574         0.9955         6487.5          1.458
        3932000       0.787444           1574         0.9955         6489.6          1.432
        3933000       0.787675           1575         0.9955         6492.1          1.452
        3934000       0.787874           1576         0.9955         6494.2          1.434
        3935000       0.788078           1576         0.9955         6496.7          1.568
        3936000       0.788269           1578         0.9955         6499.7          1.536
        3937000       0.788449           1578         0.9955         6503.4          1.427
        3938000       0.788647           1578         0.9955         6505.2          1.442
        3939000       0.788819           1579         0.9955         6507.8          1.443
        3940000       0.789011           1579         0.9955         6509.8          1.427
        3941000       0.789224           1579         0.9955         6511.9          1.452
        3942000       0.789400           1579         0.9955         6514.0          1.426
        3943000       0.789566           1579         0.9955         6516.5          1.431
        3944000       0.789793           1581         0.9955         6519.1          1.479
        3945000       0.789949           1581         0.9955         6521.4          1.503
        3946000       0.790090           1581         0.9955         6522.9          1.471
        3947000       0.790291           1581         0.9955         6525.5          1.451
        3948000       0.790486           1581         0.9955         6528.0          1.470
        3949000       0.790651           1581         0.9955         6530.9          1.453
        3950000       0.790896           1581         0.9955         6534.2          1.460
        3951000       0.791097           1581         0.9955         6537.5          1.447
        3952000       0.791302           1581         0.9955         6539.2          1.452
        3953000       0.791510           1581         0.9955         6541.2          1.408
        3954000       0.791739           1581         0.9955         6543.2          1.423
        3955000       0.791941           1581         0.9955         6546.5          1.471
        3956000       0.792131           1581         0.9955         6548.5          1.462
        3957000       0.792325           1581         0.9955         6551.2          1.411
        3958000       0.792506           1581         0.9955         6553.6          1.412
        3959000       0.792701           1581         0.9955         6556.2          1.490
        3960000       0.792880           1581         0.9955         6558.3          1.319
        3961000       0.793099           1582         0.9955         6560.7          1.327
        3962000       0.793263           1582         0.9954         6562.5          1.366
        3963000       0.793479           1584         0.9954         6564.3          1.370
        3964000       0.793692           1586         0.9954         6566.0          1.379
        3965000       0.793931           1587         0.9954         6567.9          1.430
        3966000       0.794108           1587         0.9954         6569.7          1.366
        3967000       0.794291           1588         0.9954         6571.8          1.373
        3968000       0.794478           1588         0.9954         6573.7          1.342
        3969000       0.794659           1589         0.9954         6575.6          1.386
        3970000       0.794810           1589         0.9954         6577.7          1.378
        3971000       0.794972           1589         0.9954         6579.7          1.375
        3972000       0.795194           1589         0.9954         6581.7          1.427
        3973000       0.795383           1591         0.9954         6583.9          1.410
        3974000       0.795592           1593         0.9954         6586.5          1.489
        3975000       0.795779           1594         0.9954         6588.9          1.382
        3976000       0.795980           1594         0.9954         6591.0          1.412
        3977000       0.796169           1594         0.9954         6593.6          1.416
        3978000       0.796388           1594         0.9954         6595.4          1.343
        3979000       0.796529           1595         0.9954         6597.3          1.308
        3980000       0.796730           1596         0.9954         6599.1          1.331
        3981000       0.796971           1596         0.9954         6601.3          1.344
        3982000       0.797161           1596         0.9954         6603.2          1.335
        3983000       0.797374           1596         0.9954         6605.2          1.367
        3984000       0.797569           1596         0.9954         6607.2          1.363
        3985000       0.797763           1596         0.9954         6609.1          1.464
        3986000       0.798006           1596         0.9954         6611.1          1.331
        3987000       0.798207           1596         0.9954         6612.6          1.277
        3988000       0.798403           1596         0.9954         6614.1          1.371
        3989000       0.798588           1597         0.9954         6616.0          1.454
        3990000       0.798731           1598         0.9954         6617.7          1.498
        3991000       0.798964           1598         0.9954         6620.1          1.467
        3992000       0.799150           1600         0.9954         6622.2          1.383
        3993000       0.799405           1601         0.9954         6624.2          1.376
        3994000       0.799590           1601         0.9954         6626.5          1.429
        3995000       0.799791           1603         0.9954         6628.3          1.434
        3996000       0.799987           1605         0.9954         6630.3          1.434
        3997000       0.800159           1605         0.9954         6632.1          1.354
        3998000       0.800323           1605         0.9954         6633.8          1.288
        3999000       0.800478           1605         0.9954         6635.7          1.341
        4000000       0.800652           1605         0.9954         6637.4          1.304
        4001000       0.800861           1605         0.9954         6639.3          1.299
        4002000       0.801081           1605         0.9954         6641.0          1.385
        4003000       0.801290           1605         0.9954         6643.5          1.415
        4004000       0.801489           1605         0.9954         6645.7          1.370
        4005000       0.801652           1606         0.9954         6647.4          1.334
        4006000       0.801866           1606         0.9954         6649.3          1.379
        4007000       0.802056           1607         0.9954         6651.7          1.379
        4008000       0.802227           1608         0.9954         6653.5          1.473
        4009000       0.802425           1608         0.9954         6656.2          1.456
        4010000       0.802590           1609         0.9954         6658.6          1.486
        4011000       0.802784           1609         0.9954         6661.1          1.505
        4012000       0.802950           1609         0.9954         6663.4          1.482
        4013000       0.803151           1610         0.9954         6665.3          1.466
        4014000       0.803348           1610         0.9954         6667.6          1.467
        4015000       0.803577           1611         0.9954         6669.7          1.496
        4016000       0.803812           1612         0.9954         6671.6          1.501
        4017000       0.804014           1613         0.9954         6674.4          1.536
        4018000       0.804208           1613         0.9954         6676.9          1.526
        4019000       0.804353           1613         0.9954         6680.6          1.519
        4020000       0.804555           1615         0.9954         6682.8          1.487
        4021000       0.804765           1617         0.9954         6685.3          1.525
        4022000       0.804927           1618         0.9954         6688.1          1.519
        4023000       0.805121           1619         0.9954         6689.7          1.527
        4024000       0.805309           1620         0.9954         6691.7          1.468
        4025000       0.805511           1621         0.9954         6693.9          1.464
        4026000       0.805696           1621         0.9954         6696.2          1.388
        4027000       0.805873           1622         0.9954         6698.7          1.380
        4028000       0.806066           1622         0.9954         6701.3          1.411
        4029000       0.806271           1623         0.9954         6703.5          1.361
        4030000       0.806476           1623         0.9954         6705.8          1.371
        4031000       0.806704           1623         0.9954         6708.3          1.407
        4032000       0.806902           1624         0.9954         6710.7          1.374
        4033000       0.807106           1624         0.9954         6712.5          1.381
        4034000       0.807265           1624         0.9954         6714.5          1.379
        4035000       0.807459           1624         0.9954         6716.7          1.373
        4036000       0.807682           1625         0.9954         6718.6          1.369
        4037000       0.807898           1626         0.9954         6720.7          1.351
        4038000       0.808078           1626         0.9954         6722.9          1.414
        4039000       0.808269           1626         0.9954         6725.1          1.366
        4040000       0.808459           1627         0.9954         6726.9          1.364
        4041000       0.808639           1628         0.9954         6729.4          1.380
        4042000       0.808890           1628         0.9954         6731.5          1.429
        4043000       0.809141           1628         0.9954         6734.3          1.396
        4044000       0.809298           1628         0.9954         6736.7          1.437
        4045000       0.809488           1629         0.9954         6738.7          1.460
        4046000       0.809687           1630         0.9954         6740.7          1.466
        4047000       0.809905           1630         0.9954         6743.7          1.395
        4048000       0.810100           1632         0.9954         6746.1          1.386
        4049000       0.810265           1632         0.9954         6749.0          1.442
        4050000       0.810463           1633         0.9954         6751.0          1.410
        4051000       0.810649           1634         0.9954         6752.8          1.525
        4052000       0.810835           1635         0.9954         6754.5          1.431
        4053000       0.811016           1636         0.9954         6756.2          1.393
        4054000       0.811246           1636         0.9954         6758.0          1.465
        4055000       0.811396           1636         0.9954         6760.2          1.478
        4056000       0.811577           1638         0.9954         6762.9          1.535
        4057000       0.811773           1638         0.9954         6765.6          1.477
        4058000       0.811957           1638         0.9954         6768.9          1.454
        4059000       0.812137           1638         0.9954         6770.5          1.411
        4060000       0.812346           1638         0.9954         6773.2          1.446
        4061000       0.812588           1638         0.9954         6775.6          1.384
        4062000       0.812779           1638         0.9954         6777.8          1.381
        4063000       0.812972           1638         0.9954         6779.9          1.551
        4064000       0.813169           1638         0.9954         6782.6          1.563
        4065000       0.813358           1638         0.9954         6785.4          1.509
        4066000       0.813577           1638         0.9954         6787.6          1.537
        4067000       0.813782           1640         0.9954         6789.4          1.537
        4068000       0.813985           1641         0.9954         6791.6          1.551
        4069000       0.814179           1641         0.9954         6793.7          1.540
        4070000       0.814375           1641         0.9954         6796.3          1.524
        4071000       0.814576           1641         0.9954         6798.7          1.515
        4072000       0.814774           1641         0.9954         6801.1          1.490
        4073000       0.814971           1641         0.9954         6803.5          1.487
        4074000       0.815181           1641         0.9954         6805.6          1.505
        4075000       0.815360           1641         0.9954         6808.8          1.533
        4076000       0.815535           1641         0.9954         6811.4          1.400
        4077000       0.815741           1641         0.9954         6813.5          1.518
        4078000       0.815981           1641         0.9954         6815.6          1.546
        4079000       0.816206           1641         0.9954         6818.3          1.545
        4080000       0.816381           1642         0.9954         6820.3          1.486
        4081000       0.816567           1643         0.9954         6822.8          1.520
        4082000       0.816805           1644         0.9954         6825.1          1.379
        4083000       0.817006           1644         0.9954         6827.7          1.307
        4084000       0.817224           1645         0.9954         6829.9          1.253
        4085000       0.817450           1645         0.9954         6831.8          1.368
        4086000       0.817665           1646         0.9954         6833.7          1.362
        4087000       0.817863           1647         0.9954         6835.4          1.411
        4088000       0.818061           1648         0.9954         6837.8          1.360
        4089000       0.818237           1648         0.9954         6839.6          1.387
        4090000       0.818452           1648         0.9954         6841.8          1.453
        4091000       0.818683           1649         0.9954         6844.0          1.470
        4092000       0.818879           1649         0.9954         6845.6          1.463
        4093000       0.819033           1649         0.9954         6847.5          1.431
        4094000       0.819229           1649         0.9954         6849.5          1.424
        4095000       0.819412           1649         0.9954         6851.4          1.371
        4096000       0.819603           1650         0.9954         6853.2          1.371
        4097000       0.819822           1650         0.9954         6855.2          1.427
        4098000       0.820016           1650         0.9954         6857.0          1.357
        4099000       0.820201           1650         0.9954         6858.8          1.396
        4100000       0.820388           1650         0.9954         6861.0          1.469
        4101000       0.820581           1652         0.9954         6862.9          1.514
        4102000       0.820793           1652         0.9954         6864.6          1.463
        4103000       0.820959           1653         0.9954         6866.6          1.425
        4104000       0.821190           1655         0.9954         6868.5          1.430
        4105000       0.821382           1655         0.9954         6870.4          1.430
        4106000       0.821597           1655         0.9954         6872.5          1.380
        4107000       0.821782           1656         0.9954         6874.5          1.372
        4108000       0.821993           1656         0.9954         6876.4          1.359
        4109000       0.822167           1657         0.9954         6878.5          1.330
        4110000       0.822375           1657         0.9954         6880.5          1.324
        4111000       0.822566           1657         0.9954         6882.3          1.362
        4112000       0.822758           1658         0.9954         6884.0          1.359
        4113000       0.822956           1658         0.9954         6885.9          1.334
        4114000       0.823127           1658         0.9954         6887.8          1.347
        4115000       0.823340           1658         0.9953         6889.5          1.338
        4116000       0.823516           1658         0.9953         6891.4          1.283
        4117000       0.823706           1658         0.9953         6893.3          1.347
        4118000       0.823904           1659         0.9953         6895.1          1.348
        4119000       0.824082           1659         0.9953         6897.5          1.367
        4120000       0.824277           1659         0.9953         6899.8          1.362
        4121000       0.824459           1659         0.9953         6902.3          1.379
        4122000       0.824667           1659         0.9953         6904.4          1.433
        4123000       0.824838           1659         0.9953         6907.7          1.444
        4124000       0.824987           1659         0.9953         6911.7          1.454
        4125000       0.825168           1660         0.9953         6913.6          1.486
        4126000       0.825332           1660         0.9953         6916.2          1.541
        4127000       0.825543           1660         0.9953         6919.5          1.495
        4128000       0.825770           1660         0.9953         6922.0          1.484
        4129000       0.825951           1660         0.9953         6924.8          1.465
        4130000       0.826182           1661         0.9953         6927.1          1.509
        4131000       0.826356           1661         0.9953         6931.0          1.456
        4132000       0.826571           1661         0.9953         6932.9          1.479
        4133000       0.826743           1661         0.9953         6936.0          1.523
        4134000       0.826932           1662         0.9953         6938.9          1.508
        4135000       0.827152           1662         0.9953         6942.4          1.556
        4136000       0.827357           1662         0.9953         6944.6          1.574
        4137000       0.827595           1663         0.9953         6947.4          1.531
        4138000       0.827780           1663         0.9953         6951.2          1.577
        4139000       0.827985           1663         0.9953         6953.5          1.579
        4140000       0.828138           1663         0.9953         6957.5          1.564
        4141000       0.828366           1663         0.9953         6960.9          1.541
        4142000       0.828594           1663         0.9953         6963.9          1.525
        4143000       0.828823           1663         0.9953         6966.2          1.569
        4144000       0.829001           1663         0.9953         6969.1          1.570
        4145000       0.829187           1663         0.9953         6971.6          1.570
        4146000       0.829387           1663         0.9953         6974.7          1.582
        4147000       0.829592           1663         0.9953         6977.8          1.604
        4148000       0.829785           1663         0.9953         6980.9          1.529
        4149000       0.830013           1663         0.9953         6983.1          1.592
        4150000       0.830231           1663         0.9953         6986.4          1.563
        4151000       0.830427           1663         0.9953         6988.9          1.570
        4152000       0.830627           1663         0.9953         6991.6          1.590
        4153000       0.830833           1663         0.9953         6993.5          1.465
        4154000       0.831022           1663         0.9953         6996.1          1.510
        4155000       0.831236           1663         0.9953         6998.3          1.527
        4156000       0.831401           1663         0.9953         7001.2          1.532
        4157000       0.831568           1663         0.9953         7004.1          1.507
        4158000       0.831779           1664         0.9953         7005.9          1.391
        4159000       0.831990           1665         0.9953         7007.5          1.414
        4160000       0.832140           1665         0.9953         7009.3          1.386
        4161000       0.832298           1665         0.9953         7010.9          1.366
        4162000       0.832498           1667         0.9953         7013.5          1.390
        4163000       0.832703           1668         0.9953         7016.4          1.479
        4164000       0.832903           1668         0.9953         7018.9          1.429
        4165000       0.833056           1668         0.9953         7021.3          1.440
        4166000       0.833278           1668         0.9953         7024.0          1.500
        4167000       0.833468           1668         0.9953         7025.7          1.500
        4168000       0.833685           1668         0.9953         7027.5          1.454
        4169000       0.833878           1668         0.9953         7029.3          1.447
        4170000       0.834067           1668         0.9953         7031.9          1.349
        4171000       0.834263           1668         0.9953         7034.0          1.448
        4172000       0.834388           1671         0.9953         7035.8          1.489
        4173000       0.834589           1671         0.9953         7038.4          1.466
        4174000       0.834783           1672         0.9953         7040.3          1.414
        4175000       0.834933           1672         0.9953         7042.5          1.476
        4176000       0.835105           1673         0.9953         7045.2          1.443
        4177000       0.835300           1673         0.9953         7047.3          1.438
        4178000       0.835520           1674         0.9953         7050.0          1.519
        4179000       0.835699           1675         0.9953         7052.0          1.502
        4180000       0.835912           1675         0.9953         7054.1          1.500
        4181000       0.836104           1675         0.9953         7056.7          1.525
        4182000       0.836295           1675         0.9953         7058.6          1.618
        4183000       0.836500           1675         0.9953         7060.8          1.459
        4184000       0.836674           1675         0.9953         7063.4          1.442
        4185000       0.836916           1675         0.9953         7065.9          1.422
        4186000       0.837119           1675         0.9953         7067.7          1.396
        4187000       0.837319           1675         0.9953         7069.7          1.370
        4188000       0.837507           1676         0.9953         7072.1          1.485
        4189000       0.837704           1676         0.9953         7074.1          1.462
        4190000       0.837908           1677         0.9953         7076.2          1.446
        4191000       0.838142           1677         0.9953         7078.7          1.511
        4192000       0.838342           1677         0.9953         7081.9          1.572
        4193000       0.838492           1677         0.9953         7083.6          1.534
        4194000       0.838700           1677         0.9953         7085.6          1.584
        4195000       0.838881           1678         0.9953         7088.0          1.598
        4196000       0.839047           1678         0.9953         7090.0          1.591
        4197000       0.839249           1678         0.9953         7092.0          1.588
        4198000       0.839460           1678         0.9953         7094.0          1.607
        4199000       0.839663           1678         0.9953         7096.1          1.581
        4200000       0.839859           1678         0.9953         7097.9          1.566
        4201000       0.840060           1678         0.9953         7099.9          1.545
        4202000       0.840241           1678         0.9953         7102.5          1.466
        4203000       0.840421           1678         0.9953         7104.9          1.313
        4204000       0.840628           1678         0.9953         7107.2          1.275
        4205000       0.840820           1678         0.9953         7109.1          1.300
        4206000       0.841014           1678         0.9953         7111.9          1.342
        4207000       0.841177           1679         0.9953         7114.0          1.404
        4208000       0.841341           1679         0.9953         7116.4          1.400
        4209000       0.841494           1679         0.9953         7119.0          1.435
        4210000       0.841685           1681         0.9953         7120.9          1.430
        4211000       0.841912           1681         0.9953         7123.1          1.399
        4212000       0.842141           1681         0.9953         7125.6          1.389
        4213000       0.842294           1681         0.9953         7127.1          1.369
        4214000       0.842478           1681         0.9953         7129.0          1.410
        4215000       0.842662           1682         0.9953         7132.9          1.520
        4216000       0.842830           1682         0.9953         7136.6          1.644
        4217000       0.843016           1682         0.9953         7139.6          1.446
        4218000       0.843219           1682         0.9953         7142.0          1.436
        4219000       0.843423           1682         0.9953         7143.9          1.474
        4220000       0.843600           1683         0.9953         7146.1          1.497
        4221000       0.843810           1683         0.9953         7148.5          1.500
        4222000       0.844016           1683         0.9953         7150.6          1.407
        4223000       0.844246           1685         0.9953         7152.7          1.356
        4224000       0.844410           1685         0.9953         7154.7          1.285
        4225000       0.844600           1685         0.9953         7156.5          1.267
        4226000       0.844807           1685         0.9953         7158.6          1.320
        4227000       0.844995           1685         0.9953         7160.6          1.322
        4228000       0.845190           1685         0.9953         7162.6          1.422
        4229000       0.845430           1686         0.9953         7165.0          1.404
        4230000       0.845619           1686         0.9953         7167.5          1.402
        4231000       0.845826           1686         0.9953         7169.1          1.419
        4232000       0.846055           1686         0.9953         7170.9          1.407
        4233000       0.846329           1686         0.9953         7172.8          1.439
        4234000       0.846545           1688         0.9953         7175.0          1.301
        4235000       0.846771           1689         0.9953         7176.8          1.453
        4236000       0.846933           1690         0.9953         7178.8          1.469
        4237000       0.847137           1690         0.9953         7180.7          1.475
        4238000       0.847340           1690         0.9953         7183.8          1.428
        4239000       0.847507           1690         0.9953         7185.9          1.440
        4240000       0.847683           1690         0.9953         7189.2          1.533
        4241000       0.847900           1690         0.9953         7192.7          1.433
        4242000       0.848085           1691         0.9953         7194.6          1.373
        4243000       0.848333           1691         0.9953         7196.6          1.527
        4244000       0.848513           1691         0.9953         7199.3          1.496
        4245000       0.848692           1691         0.9953         7201.5          1.481
        4246000       0.848902           1691         0.9953         7203.7          1.479
        4247000       0.849159           1692         0.9953         7205.9          1.451
        4248000       0.849371           1693         0.9953         7209.3          1.520
        4249000       0.849599           1693         0.9953         7211.8          1.534
        4250000       0.849774           1694         0.9953         7213.6          1.510
        4251000       0.849947           1694         0.9953         7215.7          1.399
        4252000       0.850204           1694         0.9953         7217.3          1.406
        4253000       0.850362           1694         0.9953         7219.8          1.388
        4254000       0.850532           1694         0.9953         7221.5          1.350
        4255000       0.850722           1696         0.9953         7223.7          1.391
        4256000       0.850941           1697         0.9952         7225.8          1.378
        4257000       0.851128           1697         0.9952         7227.6          1.359
        4258000       0.851333           1698         0.9952         7229.5          1.452
        4259000       0.851530           1698         0.9952         7231.4          1.504
        4260000       0.851761           1698         0.9952         7233.6          1.463
        4261000       0.851975           1698         0.9952         7236.0          1.586
        4262000       0.852172           1698         0.9952         7237.7          1.601
        4263000       0.852363           1698         0.9952         7240.0          1.430
        4264000       0.852541           1698         0.9952         7242.2          1.491
        4265000       0.852700           1698         0.9952         7245.3          1.503
        4266000       0.852907           1698         0.9952         7247.0          1.478
        4267000       0.853090           1698         0.9952         7249.6          1.535
        4268000       0.853287           1699         0.9952         7251.6          1.520
        4269000       0.853463           1699         0.9952         7253.7          1.554
        4270000       0.853666           1699         0.9952         7256.0          1.659
        4271000       0.853849           1700         0.9952         7258.4          1.475
        4272000       0.854034           1700         0.9952         7260.7          1.499
        4273000       0.854213           1700         0.9952         7262.8          1.497
        4274000       0.854420           1700         0.9952         7264.7          1.420
        4275000       0.854588           1700         0.9952         7267.1          1.466
        4276000       0.854845           1701         0.9952         7269.1          1.530
        4277000       0.855061           1701         0.9952         7270.8          1.506
        4278000       0.855265           1702         0.9952         7273.5          1.439
        4279000       0.855416           1702         0.9952         7275.5          1.531
        4280000       0.855628           1702         0.9952         7278.7          1.528
        4281000       0.855830           1702         0.9952         7281.6          1.459
        4282000       0.856030           1702         0.9952         7283.5          1.442
        4283000       0.856229           1702         0.9952         7285.4          1.388
        4284000       0.856409           1702         0.9952         7287.5          1.468
        4285000       0.856597           1702         0.9952         7289.7          1.635
        4286000       0.856817           1704         0.9952         7292.5          1.676
        4287000       0.857011           1704         0.9952         7295.2          1.526
        4288000       0.857236           1704         0.9952         7297.7          1.490
        4289000       0.857432           1704         0.9952         7300.6          1.652
        4290000       0.857673           1704         0.9952         7302.7          1.497
        4291000       0.857858           1704         0.9952         7305.5          1.523
        4292000       0.858036           1704         0.9952         7308.2          1.547
        4293000       0.858227           1704         0.9952         7311.9          1.541
        4294000       0.858399           1705         0.9952         7315.5          1.592
        4295000       0.858556           1705         0.9952         7319.5          1.625
        4296000       0.858762           1705         0.9952         7322.0          1.638
        4297000       0.858945           1706         0.9952         7326.0          1.672
        4298000       0.859136           1707         0.9952         7330.2          1.619
        4299000       0.859316           1707         0.9952         7332.7          1.618
        4300000       0.859525           1709         0.9952         7335.2          1.606
        4301000       0.859731           1710         0.9952         7338.4          1.598
        4302000       0.859964           1711         0.9952         7341.0          1.617
        4303000       0.860175           1711         0.9952         7343.2          1.612
        4304000       0.860351           1711         0.9952         7345.8          1.615
        4305000       0.860543           1711         0.9952         7347.9          1.602
        4306000       0.860775           1711         0.9952         7350.8          1.571
        4307000       0.860980           1711         0.9952         7353.1          1.606
        4308000       0.861205           1711         0.9952         7355.2          1.568
        4309000       0.861376           1711         0.9952         7357.9          1.500
        4310000       0.861574           1711         0.9952         7360.1          1.452
        4311000       0.861742           1713         0.9952         7362.5          1.474
        4312000       0.861973           1713         0.9952         7365.3          1.528
        4313000       0.862170           1713         0.9952         7367.7          1.501
        4314000       0.862389           1713         0.9952         7370.0          1.470
        4315000       0.862593           1714         0.9952         7372.4          1.448
        4316000       0.862739           1714         0.9952         7374.3          1.437
        4317000       0.862972           1714         0.9952         7376.7          1.499
        4318000       0.863233           1714         0.9952         7379.3          1.560
        4319000       0.863421           1715         0.9952         7382.6          1.535
        4320000       0.863603           1715         0.9952         7386.1          1.533
        4321000       0.863848           1716         0.9952         7389.0          1.520
        4322000       0.864023           1718         0.9952         7391.7          1.529
        4323000       0.864211           1718         0.9952         7394.0          1.497
        4324000       0.864427           1718         0.9952         7396.2          1.470
        4325000       0.864631           1719         0.9952         7398.9          1.496
        4326000       0.864820           1719         0.9952         7401.1          1.474
        4327000       0.864992           1720         0.9952         7403.7          1.508
        4328000       0.865188           1720         0.9952         7405.8          1.463
        4329000       0.865380           1720         0.9952         7408.0          1.395
        4330000       0.865580           1720         0.9952         7409.9          1.430
        4331000       0.865788           1720         0.9952         7411.9          1.421
        4332000       0.866002           1720         0.9952         7414.7          1.411
        4333000       0.866226           1720         0.9952         7416.7          1.496
        4334000       0.866436           1721         0.9952         7419.3          1.432
        4335000       0.866588           1721         0.9952         7420.9          1.468
        4336000       0.866778           1721         0.9952         7423.3          1.461
        4337000       0.866976           1721         0.9952         7425.2          1.433
        4338000       0.867191           1721         0.9952         7428.2          1.399
        4339000       0.867408           1723         0.9952         7430.6          1.411
        4340000       0.867600           1723         0.9952         7433.3          1.397
        4341000       0.867832           1723         0.9952         7435.9          1.480
        4342000       0.868064           1723         0.9952         7437.9          1.497
        4343000       0.868292           1723         0.9952         7441.0          1.486
        4344000       0.868504           1724         0.9952         7443.7          1.573
        4345000       0.868711           1724         0.9952         7446.5          1.493
        4346000       0.868917           1724         0.9952         7449.6          1.486
        4347000       0.869132           1724         0.9952         7453.3          1.503
        4348000       0.869346           1724         0.9952         7456.0          1.517
        4349000       0.869544           1724         0.9952         7458.2          1.514
        4350000       0.869740           1724         0.9952         7461.4          1.483
        4351000       0.869924           1724         0.9952         7463.3          1.483
        4352000       0.870106           1724         0.9952         7466.5          1.474
        4353000       0.870308           1724         0.9952         7468.7          1.473
        4354000       0.870503           1726         0.9952         7470.5          1.543
        4355000       0.870691           1726         0.9952         7472.6          1.547
        4356000       0.870871           1726         0.9952         7474.8          1.560
        4357000       0.871061           1726         0.9952         7476.9          1.536
        4358000       0.871190           1727         0.9952         7479.5          1.492
        4359000       0.871401           1728         0.9952         7481.3          1.450
        4360000       0.871567           1728         0.9952         7483.8          1.492
        4361000       0.871727           1729         0.9952         7485.9          1.529
        4362000       0.871918           1729         0.9952         7488.8          1.468
        4363000       0.872153           1729         0.9952         7491.4          1.558
        4364000       0.872403           1730         0.9952         7494.1          1.561
        4365000       0.872606           1730         0.9952         7496.6          1.536
        4366000       0.872809           1730         0.9952         7498.8          1.508
        4367000       0.873008           1731         0.9952         7502.4          1.521
        4368000       0.873210           1731         0.9952         7504.6          1.616
        4369000       0.873418           1731         0.9952         7506.6          1.575
        4370000       0.873655           1732         0.9952         7509.7          1.576
        4371000       0.873835           1733         0.9952         7512.3          1.483
        4372000       0.874047           1733         0.9952         7514.9          1.414
        4373000       0.874237           1734         0.9952         7517.9          1.427
        4374000       0.874445           1734         0.9952         7520.9          1.423
        4375000       0.874607           1734         0.9952         7523.2          1.447
        4376000       0.874785           1735         0.9952         7525.6          1.496
        4377000       0.874953           1736         0.9952         7527.9          1.487
        4378000       0.875168           1736         0.9952         7531.2          1.571
        4379000       0.875359           1736         0.9952         7533.6          1.554
        4380000       0.875576           1737         0.9952         7536.9          1.592
        4381000       0.875748           1737         0.9952         7540.1          1.565
        4382000       0.875979           1738         0.9952         7542.5          1.575
        4383000       0.876166           1739         0.9952         7546.0          1.497
        4384000       0.876370           1741         0.9952         7548.6          1.440
        4385000       0.876601           1742         0.9952         7550.9          1.536
        4386000       0.876780           1742         0.9952         7554.0          1.553
        4387000       0.877004           1743         0.9952         7556.7          1.529
        4388000       0.877173           1743         0.9952         7560.1          1.522
        4389000       0.877362           1743         0.9952         7562.4          1.601
        4390000       0.877527           1743         0.9951         7565.1          1.569
        4391000       0.877713           1744         0.9951         7568.4          1.592
        4392000       0.877905           1745         0.9951         7570.9          1.514
        4393000       0.878086           1745         0.9951         7573.5          1.520
        4394000       0.878314           1745         0.9951         7575.7          1.592
        4395000       0.878557           1745         0.9951         7578.4          1.678
        4396000       0.878743           1746         0.9951         7581.6          1.665
        4397000       0.878954           1746         0.9951         7584.9          1.552
        4398000       0.879117           1746         0.9951         7588.3          1.535
        4399000       0.879314           1746         0.9951         7590.5          1.544
        4400000       0.879488           1748         0.9951         7592.8          1.557
        4401000       0.879630           1748         0.9951         7595.8          1.612
        4402000       0.879814           1749         0.9951         7600.2          1.634
        4403000       0.880022           1749         0.9951         7603.7          1.614
        4404000       0.880234           1751         0.9951         7606.6          1.640
        4405000       0.880437           1752         0.9951         7609.7          1.615
        4406000       0.880618           1752         0.9951         7613.0          1.612
        4407000       0.880818           1753         0.9951         7617.4          1.565
        4408000       0.881025           1753         0.9951         7621.2          1.559
        4409000       0.881239           1754         0.9951         7625.1          1.568
        4410000       0.881442           1754         0.9951         7627.1          1.574
        4411000       0.881640           1754         0.9951         7629.8          1.621
        4412000       0.881818           1754         0.9951         7633.2          1.581
        4413000       0.882034           1754         0.9951         7637.9          1.643
        4414000       0.882234           1754         0.9951         7640.1          1.633
        4415000       0.882427           1754         0.9951         7642.7          1.602
        4416000       0.882597           1754         0.9951         7646.5          1.624
        4417000       0.882785           1755         0.9951         7649.3          1.623
        4418000       0.882989           1755         0.9951         7651.5          1.699
        4419000       0.883196           1755         0.9951         7655.0          1.651
        4420000       0.883445           1757         0.9951         7657.9          1.570
        4421000       0.883720           1758         0.9951         7660.4          1.593
        4422000       0.883947           1759         0.9951         7663.2          1.550
        4423000       0.884158           1759         0.9951         7665.7          1.564
        4424000       0.884360           1759         0.9951         7669.3          1.495
        4425000       0.884529           1761         0.9951         7672.5          1.522
        4426000       0.884745           1761         0.9951         7676.6          1.555
        4427000       0.884927           1761         0.9951         7678.9          1.566
        4428000       0.885090           1762         0.9951         7683.4          1.619
        4429000       0.885292           1763         0.9951         7686.3          1.654
        4430000       0.885505           1764         0.9951         7690.8          1.617
        4431000       0.885707           1764         0.9951         7693.3          1.538
        4432000       0.885900           1764         0.9951         7696.8          1.508
        4433000       0.886092           1765         0.9951         7699.9          1.534
        4434000       0.886299           1766         0.9951         7702.7          1.490
        4435000       0.886444           1768         0.9951         7705.7          1.535
        4436000       0.886593           1768         0.9951         7709.4          1.569
        4437000       0.886792           1768         0.9951         7712.6          1.537
        4438000       0.887003           1769         0.9951         7715.2          1.491
        4439000       0.887167           1771         0.9951         7719.1          1.529
        4440000       0.887346           1772         0.9951         7722.2          1.614
        4441000       0.887548           1772         0.9951         7726.0          1.590
        4442000       0.887770           1772         0.9951         7728.8          1.562
        4443000       0.887997           1772         0.9951         7732.6          1.559
        4444000       0.888186           1772         0.9951         7735.8          1.569
        4445000       0.888395           1772         0.9951         7739.9          1.553
        4446000       0.888602           1772         0.9951         7742.9          1.551
        4447000       0.888771           1772         0.9951         7745.5          1.525
        4448000       0.888917           1772         0.9951         7749.1          1.592
        4449000       0.889149           1773         0.9951         7751.5          1.575
        4450000       0.889404           1773         0.9951         7754.2          1.593
        4451000       0.889638           1774         0.9951         7758.1          1.535
        4452000       0.889865           1775         0.9951         7760.6          1.558
        4453000       0.890053           1775         0.9951         7765.0          1.632
        4454000       0.890242           1777         0.9951         7767.1          1.570
        4455000       0.890403           1778         0.9951         7769.4          1.528
        4456000       0.890595           1778         0.9951         7773.0          1.557
        4457000       0.890797           1778         0.9951         7776.0          1.528
        4458000       0.891009           1778         0.9951         7779.5          1.620
        4459000       0.891193           1778         0.9951         7781.8          1.635
        4460000       0.891409           1779         0.9951         7784.8          1.647
        4461000       0.891611           1779         0.9951         7787.9          1.683
        4462000       0.891821           1779         0.9951         7790.6          1.681
        4463000       0.891987           1780         0.9951         7793.4          1.671
        4464000       0.892143           1780         0.9951         7797.1          1.633
        4465000       0.892369           1780         0.9951         7799.1          1.648
        4466000       0.892571           1781         0.9951         7803.7          1.646
        4467000       0.892737           1781         0.9951         7808.6          1.650
        4468000       0.892937           1781         0.9951         7811.5          1.606
        4469000       0.893116           1781         0.9951         7814.4          1.600
        4470000       0.893329           1781         0.9951         7818.3          1.655
        4471000       0.893517           1782         0.9951         7822.2          1.634
        4472000       0.893682           1782         0.9951         7825.2          1.624
        4473000       0.893915           1782         0.9951         7828.3          1.551
        4474000       0.894149           1784         0.9951         7831.9          1.528
        4475000       0.894342           1785         0.9951         7835.3          1.566
        4476000       0.894529           1785         0.9951         7837.4          1.577
        4477000       0.894724           1785         0.9951         7840.8          1.592
        4478000       0.894911           1785         0.9951         7844.4          1.575
        4479000       0.895113           1786         0.9951         7848.4          1.601
        4480000       0.895342           1786         0.9951         7851.9          1.579
        4481000       0.895546           1786         0.9951         7855.1          1.623
        4482000       0.895734           1789         0.9951         7858.0          1.653
        4483000       0.895919           1789         0.9951         7860.7          1.652
        4484000       0.896115           1793         0.9951         7863.3          1.614
        4485000       0.896311           1795         0.9951         7867.2          1.600
        4486000       0.896481           1795         0.9951         7870.7          1.586
        4487000       0.896681           1795         0.9951         7872.9          1.569
        4488000       0.896851           1796         0.9951         7876.3          1.580
        4489000       0.897008           1796         0.9951         7879.9          1.549
        4490000       0.897219           1796         0.9951         7882.5          1.548
        4491000       0.897404           1796         0.9951         7885.8          1.610
        4492000       0.897620           1796         0.9951         7889.1          1.552
        4493000       0.897857           1796         0.9951         7892.2          1.596
        4494000       0.898046           1796         0.9951         7895.0          1.599
        4495000       0.898270           1796         0.9951         7897.5          1.586
        4496000       0.898431           1797         0.9951         7899.8          1.438
        4497000       0.898628           1797         0.9951         7902.4          1.425
        4498000       0.898829           1797         0.9951         7905.1          1.516
        4499000       0.899055           1798         0.9951         7907.9          1.535
        4500000       0.899236           1799         0.9951         7910.5          1.553
        4501000       0.899438           1799         0.9951         7912.6          1.516
        4502000       0.899646           1800         0.9951         7916.0          1.512
        4503000       0.899849           1801         0.9951         7919.2          1.539
        4504000       0.900012           1801         0.9951         7921.8          1.465
        4505000       0.900159           1802         0.9951         7924.4          1.517
        4506000       0.900338           1803         0.9951         7926.9          1.515
        4507000       0.900520           1803         0.9951         7929.3          1.530
        4508000       0.900733           1803         0.9951         7931.7          1.508
        4509000       0.900930           1803         0.9951         7933.9          1.534
        4510000       0.901124           1803         0.9951         7935.8          1.554
        4511000       0.901280           1804         0.9951         7939.3          1.548
        4512000       0.901460           1805         0.9951         7942.8          1.571
        4513000       0.901634           1805         0.9951         7946.1          1.574
        4514000       0.901814           1806         0.9951         7950.1          1.560
        4515000       0.901993           1806         0.9951         7952.4          1.541
        4516000       0.902127           1806         0.9951         7956.1          1.605
        4517000       0.902321           1807         0.9951         7959.2          1.629
        4518000       0.902525           1808         0.9951         7962.9          1.627
        4519000       0.902710           1808         0.9951         7966.0          1.615
        4520000       0.902875           1808         0.9951         7970.1          1.579
        4521000       0.903067           1808         0.9951         7974.8          1.596
        4522000       0.903217           1808         0.9951         7977.6          1.625
        4523000       0.903392           1808         0.9951         7980.6          1.646
        4524000       0.903615           1808         0.9951         7984.2          1.551
        4525000       0.903788           1808         0.9951         7987.2          1.552
        4526000       0.903966           1808         0.9951         7989.9          1.611
        4527000       0.904147           1808         0.9951         7993.8          1.601
        4528000       0.904323           1808         0.9951         7996.8          1.635
        4529000       0.904551           1808         0.9951         7999.6          1.629
        4530000       0.904751           1808         0.9951         8001.5          1.626
        4531000       0.904970           1808         0.9951         8005.4          1.677
        4532000       0.905160           1808         0.9951         8007.3          1.671
        4533000       0.905371           1808         0.9951         8010.1          1.671
        4534000       0.905581           1808         0.9951         8012.8          1.672
        4535000       0.905770           1808         0.9951         8015.3          1.670
        4536000       0.905947           1809         0.9951         8018.2          1.613
        4537000       0.906177           1809         0.9951         8021.8          1.651
        4538000       0.906334           1809         0.9951         8024.3          1.665
        4539000       0.906568           1809         0.9951         8028.0          1.671
        4540000       0.906793           1809         0.9951         8031.4          1.633
        4541000       0.907016           1809         0.9951         8034.9          1.608
        4542000       0.907232           1809         0.9950         8037.8          1.652
        4543000       0.907424           1809         0.9950         8041.0          1.660
        4544000       0.907632           1810         0.9950         8044.8          1.630
        4545000       0.907819           1810         0.9950         8047.7          1.601
        4546000       0.908040           1811         0.9950         8050.9          1.617
        4547000       0.908231           1813         0.9950         8053.2          1.595
        4548000       0.908429           1814         0.9950         8056.1          1.596
        4549000       0.908654           1814         0.9950         8059.2          1.626
        4550000       0.908865           1814         0.9950         8062.0          1.590
        4551000       0.909034           1814         0.9950         8065.9          1.569
        4552000       0.909228           1815         0.9950         8069.5          1.607
        4553000       0.909423           1817         0.9950         8073.3          1.623
        4554000       0.909671           1817         0.9950         8075.8          1.605
        4555000       0.909836           1817         0.9950         8079.1          1.604
        4556000       0.910054           1819         0.9950         8081.5          1.597
        4557000       0.910271           1820         0.9950         8084.3          1.628
        4558000       0.910453           1820         0.9950         8087.2          1.612
        4559000       0.910664           1820         0.9950         8091.0          1.642
        4560000       0.910879           1820         0.9950         8094.1          1.630
        4561000       0.911106           1820         0.9950         8096.4          1.640
        4562000       0.911282           1821         0.9950         8100.0          1.666
        4563000       0.911512           1821         0.9950         8102.3          1.669
        4564000       0.911710           1821         0.9950         8106.0          1.642
        4565000       0.911886           1821         0.9950         8108.8          1.572
        4566000       0.912101           1821         0.9950         8113.2          1.566
        4567000       0.912280           1824         0.9950         8117.0          1.642
        4568000       0.912516           1824         0.9950         8120.1          1.569
        4569000       0.912722           1824         0.9950         8123.1          1.529
        4570000       0.912946           1825         0.9950         8126.8          1.559
        4571000       0.913141           1825         0.9950         8129.7          1.565
        4572000       0.913351           1825         0.9950         8132.3          1.565
        4573000       0.913535           1825         0.9950         8135.4          1.657
        4574000       0.913729           1825         0.9950         8138.4          1.546
        4575000       0.913902           1825         0.9950         8141.5          1.528
        4576000       0.914107           1825         0.9950         8144.3          1.508
        4577000       0.914289           1825         0.9950         8147.8          1.506
        4578000       0.914483           1826         0.9950         8151.2          1.557
        4579000       0.914681           1826         0.9950         8153.9          1.582
        4580000       0.914875           1827         0.9950         8156.7          1.592
        4581000       0.915081           1827         0.9950         8161.2          1.593
        4582000       0.915282           1828         0.9950         8164.6          1.565
        4583000       0.915478           1828         0.9950         8167.7          1.475
        4584000       0.915684           1828         0.9950         8170.3          1.543
        4585000       0.915898           1829         0.9950         8173.3          1.501
        4586000       0.916094           1829         0.9950         8176.4          1.517
        4587000       0.916282           1829         0.9950         8180.8          1.561
        4588000       0.916451           1829         0.9950         8183.7          1.517
        4589000       0.916627           1829         0.9950         8187.4          1.600
        4590000       0.916801           1830         0.9950         8190.6          1.541
        4591000       0.916982           1833         0.9950         8193.7          1.582
        4592000       0.917243           1834         0.9950         8196.3          1.520
        4593000       0.917428           1834         0.9950         8200.0          1.549
        4594000       0.917617           1834         0.9950         8202.9          1.627
        4595000       0.917835           1834         0.9950         8206.5          1.593
        4596000       0.918039           1835         0.9950         8209.3          1.668
        4597000       0.918220           1835         0.9950         8212.4          1.619
        4598000       0.918442           1835         0.9950         8214.9          1.609
        4599000       0.918640           1835         0.9950         8219.4          1.571
        4600000       0.918835           1836         0.9950         8222.0          1.610
        4601000       0.918989           1836         0.9950         8224.7          1.616
        4602000       0.919181           1837         0.9950         8227.6          1.598
        4603000       0.919382           1837         0.9950         8230.8          1.600
        4604000       0.919600           1837         0.9950         8232.9          1.616
        4605000       0.919816           1838         0.9950         8236.0          1.605
        4606000       0.919981           1840         0.9950         8238.5          1.491
        4607000       0.920186           1840         0.9950         8242.1          1.434
        4608000       0.920361           1840         0.9950         8244.8          1.513
        4609000       0.920555           1840         0.9950         8248.0          1.541
        4610000       0.920718           1840         0.9950         8251.8          1.548
        4611000       0.920922           1840         0.9950         8254.8          1.583
        4612000       0.921124           1841         0.9950         8257.9          1.579
        4613000       0.921303           1841         0.9950         8260.3          1.588
        4614000       0.921510           1842         0.9950         8263.0          1.516
        4615000       0.921710           1842         0.9950         8265.9          1.571
        4616000       0.921893           1842         0.9950         8268.9          1.499
        4617000       0.922103           1842         0.9950         8272.1          1.453
        4618000       0.922298           1842         0.9950         8274.2          1.470
        4619000       0.922473           1843         0.9950         8277.1          1.516
        4620000       0.922660           1843         0.9950         8280.7          1.578
        4621000       0.922857           1843         0.9950         8283.3          1.469
        4622000       0.923032           1844         0.9950         8286.7          1.501
        4623000       0.923265           1844         0.9950         8289.6          1.507
        4624000       0.923485           1844         0.9950         8292.6          1.517
        4625000       0.923693           1845         0.9950         8295.8          1.517
        4626000       0.923865           1846         0.9950         8298.9          1.464
        4627000       0.924042           1846         0.9950         8302.9          1.511
        4628000       0.924220           1846         0.9950         8305.3          1.472
        4629000       0.924422           1846         0.9950         8308.4          1.536
        4630000       0.924612           1846         0.9950         8311.3          1.627
        4631000       0.924803           1846         0.9950         8314.4          1.594
        4632000       0.925009           1847         0.9950         8318.1          1.749
        4633000       0.925209           1847         0.9950         8321.3          1.610
        4634000       0.925413           1849         0.9950         8324.4          1.537
        4635000       0.925655           1849         0.9950         8327.1          1.528
        4636000       0.925794           1849         0.9950         8329.8          1.514
        4637000       0.925946           1849         0.9950         8332.6          1.535
        4638000       0.926115           1850         0.9950         8335.2          1.554
        4639000       0.926321           1850         0.9950         8338.6          1.526
        4640000       0.926495           1850         0.9950         8341.7          1.507
        4641000       0.926717           1851         0.9950         8344.0          1.519
        4642000       0.926921           1853         0.9950         8346.7          1.515
        4643000       0.927076           1853         0.9950         8350.8          1.518
        4644000       0.927269           1853         0.9950         8353.6          1.509
        4645000       0.927483           1853         0.9950         8357.0          1.535
        4646000       0.927674           1856         0.9950         8359.8          1.477
        4647000       0.927822           1856         0.9950         8362.3          1.597
        4648000       0.928049           1856         0.9950         8365.4          1.537
        4649000       0.928291           1856         0.9950         8367.5          1.649
        4650000       0.928543           1856         0.9950         8370.2          1.608
        4651000       0.928759           1856         0.9949         8374.0          1.667
        4652000       0.928996           1856         0.9949         8377.5          1.586
        4653000       0.929168           1857         0.9949         8379.9          1.584
        4654000       0.929332           1857         0.9949         8383.6          1.583
        4655000       0.929546           1857         0.9949         8386.9          1.634
        4656000       0.929757           1857         0.9949         8390.8          1.610
        4657000       0.929940           1857         0.9949         8393.3          1.586
        4658000       0.930156           1858         0.9949         8396.5          1.617
        4659000       0.930370           1858         0.9949         8399.8          1.508
        4660000       0.930554           1860         0.9949         8403.1          1.530
        4661000       0.930739           1860         0.9949         8405.7          1.523
        4662000       0.930913           1860         0.9949         8408.8          1.554
        4663000       0.931096           1860         0.9949         8412.7          1.659
        4664000       0.931315           1861         0.9949         8416.5          1.645
        4665000       0.931511           1861         0.9949         8419.7          1.624
        4666000       0.931678           1863         0.9949         8423.1          1.560
        4667000       0.931863           1863         0.9949         8425.9          1.511
        4668000       0.932047           1864         0.9949         8428.4          1.466
        4669000       0.932223           1864         0.9949         8431.9          1.463
        4670000       0.932433           1865         0.9949         8434.5          1.444
        4671000       0.932610           1865         0.9949         8437.3          1.421
        4672000       0.932812           1866         0.9949         8440.1          1.432
        4673000       0.933037           1866         0.9949         8444.1          1.478
        4674000       0.933212           1866         0.9949         8447.5          1.468
        4675000       0.933415           1867         0.9949         8451.4          1.444
        4676000       0.933638           1867         0.9949         8454.3          1.430
        4677000       0.933847           1867         0.9949         8457.2          1.431
        4678000       0.934021           1867         0.9949         8462.4          1.511
        4679000       0.934241           1867         0.9949         8466.7          1.546
        4680000       0.934448           1867         0.9949         8470.1          1.491
        4681000       0.934639           1869         0.9949         8473.3          1.497
        4682000       0.934852           1869         0.9949         8476.4          1.607
        4683000       0.935057           1870         0.9949         8479.2          1.618
        4684000       0.935250           1871         0.9949         8482.2          1.619
        4685000       0.935454           1873         0.9949         8484.6          1.551
        4686000       0.935624           1873         0.9949         8487.1          1.554
        4687000       0.935799           1873         0.9949         8490.0          1.524
        4688000       0.936004           1873         0.9949         8492.7          1.562
        4689000       0.936205           1873         0.9949         8495.7          1.569
        4690000       0.936384           1873         0.9949         8498.2          1.444
        4691000       0.936597           1873         0.9949         8502.9          1.523
        4692000       0.936810           1873         0.9949         8505.5          1.535
        4693000       0.937013           1873         0.9949         8508.9          1.531
        4694000       0.937176           1874         0.9949         8511.8          1.519
        4695000       0.937382           1875         0.9949         8515.0          1.516
        4696000       0.937596           1875         0.9949         8517.8          1.511
        4697000       0.937843           1875         0.9949         8521.1          1.453
        4698000       0.938020           1875         0.9949         8525.9          1.518
        4699000       0.938238           1875         0.9949         8529.0          1.472
        4700000       0.938439           1875         0.9949         8532.5          1.519
        4701000       0.938665           1875         0.9949         8535.4          1.470
        4702000       0.938855           1876         0.9949         8538.6          1.497
        4703000       0.939018           1877         0.9949         8542.5          1.519
        4704000       0.939214           1878         0.9949         8546.2          1.487
        4705000       0.939388           1878         0.9949         8549.6          1.436
        4706000       0.939576           1878         0.9949         8552.2          1.499
        4707000       0.939817           1878         0.9949         8554.8          1.523
        4708000       0.939983           1878         0.9949         8557.5          1.527
        4709000       0.940173           1878         0.9949         8559.9          1.524
        4710000       0.940351           1878         0.9949         8562.6          1.533
        4711000       0.940561           1878         0.9949         8565.7          1.565
        4712000       0.940767           1879         0.9949         8568.9          1.595
        4713000       0.940952           1879         0.9949         8571.5          1.591
        4714000       0.941130           1879         0.9949         8573.9          1.535
        4715000       0.941338           1880         0.9949         8577.4          1.509
        4716000       0.941523           1880         0.9949         8580.4          1.524
        4717000       0.941725           1880         0.9949         8583.0          1.494
        4718000       0.941934           1882         0.9949         8585.4          1.521
        4719000       0.942149           1882         0.9949         8589.2          1.543
        4720000       0.942367           1883         0.9949         8592.4          1.564
        4721000       0.942578           1884         0.9949         8594.6          1.577
        4722000       0.942806           1884         0.9949         8597.3          1.591
        4723000       0.943019           1884         0.9949         8599.6          1.560
        4724000       0.943180           1885         0.9949         8602.1          1.547
        4725000       0.943382           1887         0.9949         8604.1          1.567
        4726000       0.943587           1888         0.9949         8606.7          1.570
        4727000       0.943777           1889         0.9949         8609.9          1.557
        4728000       0.943984           1889         0.9949         8613.1          1.551
        4729000       0.944204           1892         0.9949         8616.6          1.601
        4730000       0.944425           1892         0.9949         8618.8          1.560
        4731000       0.944636           1892         0.9949         8621.8          1.549
        4732000       0.944824           1892         0.9949         8625.1          1.538
        4733000       0.945036           1892         0.9949         8628.9          1.527
        4734000       0.945237           1893         0.9949         8631.6          1.547
        4735000       0.945440           1894         0.9949         8635.7          1.573
        4736000       0.945646           1895         0.9949         8638.3          1.534
        4737000       0.945838           1895         0.9949         8641.1          1.577
        4738000       0.946020           1895         0.9949         8644.2          1.571
        4739000       0.946179           1895         0.9949         8647.1          1.622
        4740000       0.946413           1895         0.9949         8650.6          1.647
        4741000       0.946635           1895         0.9949         8654.5          1.617
        4742000       0.946845           1895         0.9949         8657.0          1.667
        4743000       0.947065           1895         0.9949         8660.3          1.642
        4744000       0.947280           1895         0.9949         8662.9          1.651
        4745000       0.947512           1895         0.9949         8665.8          1.594
        4746000       0.947684           1895         0.9949         8667.9          1.592
        4747000       0.947889           1896         0.9949         8670.4          1.615
        4748000       0.948133           1896         0.9949         8673.4          1.617
        4749000       0.948342           1897         0.9949         8676.3          1.577
        4750000       0.948573           1897         0.9949         8679.1          1.500
        4751000       0.948778           1898         0.9949         8682.3          1.520
        4752000       0.948976           1898         0.9949         8685.1          1.583
        4753000       0.949156           1899         0.9949         8687.4          1.559
        4754000       0.949350           1900         0.9948         8689.9          1.580
        4755000       0.949550           1900         0.9948         8692.8          1.652
        4756000       0.949736           1900         0.9948         8695.5          1.585
        4757000       0.949928           1900         0.9948         8698.0          1.807
        4758000       0.950091           1900         0.9948         8701.1          1.661
        4759000       0.950267           1903         0.9948         8705.4          1.626
        4760000       0.950484           1903         0.9948         8708.3          1.638
        4761000       0.950667           1904         0.9948         8711.4          1.781
        4762000       0.950846           1905         0.9948         8714.6          1.744
        4763000       0.951038           1907         0.9948         8717.7          1.692
        4764000       0.951271           1907         0.9948         8722.0          1.659
        4765000       0.951442           1908         0.9948         8724.6          1.693
        4766000       0.951634           1908         0.9948         8728.1          1.662
        4767000       0.951815           1908         0.9948         8731.0          1.640
        4768000       0.952017           1908         0.9948         8733.8          1.638
        4769000       0.952249           1908         0.9948         8736.1          1.662
        4770000       0.952475           1908         0.9948         8740.0          1.578
        4771000       0.952693           1909         0.9948         8742.8          1.683
        4772000       0.952909           1909         0.9948         8746.1          1.601
        4773000       0.953126           1910         0.9948         8749.0          1.637
        4774000       0.953328           1910         0.9948         8752.5          1.641
        4775000       0.953570           1910         0.9948         8755.0          1.714
        4776000       0.953731           1910         0.9948         8757.4          1.701
        4777000       0.953955           1911         0.9948         8760.2          1.696
        4778000       0.954105           1911         0.9948         8763.7          1.703
        4779000       0.954283           1911         0.9948         8766.1          1.707
        4780000       0.954487           1912         0.9948         8769.7          1.660
        4781000       0.954668           1912         0.9948         8773.2          1.672
        4782000       0.954837           1913         0.9948         8775.6          1.706
        4783000       0.955055           1913         0.9948         8778.3          1.728
        4784000       0.955240           1916         0.9948         8781.3          1.742
        4785000       0.955478           1916         0.9948         8784.7          1.749
        4786000       0.955664           1916         0.9948         8788.3          1.746
        4787000       0.955880           1916         0.9948         8791.7          1.794
        4788000       0.956057           1917         0.9948         8794.5          1.668
        4789000       0.956241           1917         0.9948         8797.9          1.665
        4790000       0.956460           1917         0.9948         8801.3          1.673
        4791000       0.956624           1917         0.9948         8804.6          1.672
        4792000       0.956888           1918         0.9948         8807.2          1.702
        4793000       0.957066           1918         0.9948         8809.7          1.707
        4794000       0.957282           1919         0.9948         8812.9          1.725
        4795000       0.957527           1920         0.9948         8816.5          1.673
        4796000       0.957721           1920         0.9948         8819.2          1.675
        4797000       0.957951           1920         0.9948         8821.6          1.628
        4798000       0.958149           1921         0.9948         8823.9          1.794
        4799000       0.958327           1922         0.9948         8827.4          1.832
        4800000       0.958510           1922         0.9948         8830.6          1.863
        4801000       0.958763           1923         0.9948         8833.1          1.880
        4802000       0.958933           1923         0.9948         8835.7          1.886
        4803000       0.959092           1923         0.9948         8838.4          1.760
        4804000       0.959291           1923         0.9948         8842.4          1.713
        4805000       0.959464           1923         0.9948         8845.2          1.675
        4806000       0.959635           1924         0.9948         8847.8          1.771
        4807000       0.959831           1924         0.9948         8850.3          1.666
        4808000       0.960074           1924         0.9948         8852.5          1.618
        4809000       0.960228           1925         0.9948         8855.1          1.523
        4810000       0.960397           1926         0.9948         8858.0          1.602
        4811000       0.960567           1926         0.9948         8860.8          1.563
        4812000       0.960763           1927         0.9948         8863.9          1.576
        4813000       0.960949           1927         0.9948         8866.6          1.673
        4814000       0.961161           1928         0.9948         8870.5          1.591
        4815000       0.961332           1928         0.9948         8872.7          1.628
        4816000       0.961500           1928         0.9948         8875.1          1.571
        4817000       0.961690           1928         0.9948         8877.7          1.586
        4818000       0.961905           1928         0.9948         8880.7          1.658
        4819000       0.962084           1928         0.9948         8882.7          1.634
        4820000       0.962269           1928         0.9948         8885.4          1.693
        4821000       0.962467           1928         0.9948         8887.8          1.697
        4822000       0.962652           1928         0.9948         8890.7          1.659
        4823000       0.962822           1928         0.9948         8893.4          1.637
        4824000       0.963033           1928         0.9948         8896.1          1.628
        4825000       0.963203           1928         0.9948         8898.7          1.644
        4826000       0.963429           1928         0.9948         8901.3          1.649
        4827000       0.963645           1929         0.9948         8904.3          1.666
        4828000       0.963812           1929         0.9948         8906.1          1.664
        4829000       0.964046           1931         0.9948         8909.0          1.614
        4830000       0.964280           1932         0.9948         8912.0          1.666
        4831000       0.964470           1933         0.9948         8914.9          1.696
        4832000       0.964605           1933         0.9948         8918.3          1.681
        4833000       0.964767           1933         0.9948         8920.9          1.674
        4834000       0.964955           1933         0.9948         8923.3          1.665
        4835000       0.965140           1933         0.9948         8927.0          1.664
        4836000       0.965339           1933         0.9948         8929.5          1.581
        4837000       0.965546           1934         0.9948         8932.6          1.503
        4838000       0.965693           1934         0.9948         8935.6          1.576
        4839000       0.965879           1937         0.9948         8938.4          1.604
        4840000       0.966071           1938         0.9948         8941.0          1.544
        4841000       0.966281           1938         0.9948         8943.6          1.641
        4842000       0.966446           1938         0.9948         8946.5          1.603
        4843000       0.966664           1939         0.9948         8950.1          1.579
        4844000       0.966863           1939         0.9948         8953.8          1.577
        4845000       0.967042           1940         0.9948         8956.8          1.637
        4846000       0.967258           1940         0.9948         8960.3          1.528
        4847000       0.967475           1940         0.9948         8963.1          1.590
        4848000       0.967663           1941         0.9948         8965.9          1.603
        4849000       0.967846           1942         0.9948         8968.4          1.565
        4850000       0.968100           1942         0.9948         8971.5          1.609
        4851000       0.968305           1943         0.9948         8974.1          1.562
        4852000       0.968553           1943         0.9948         8976.3          1.568
        4853000       0.968707           1943         0.9948         8979.4          1.556
        4854000       0.968914           1943         0.9948         8981.9          1.573
        4855000       0.969108           1944         0.9948         8984.7          1.556
        4856000       0.969280           1944         0.9948         8987.7          1.564
        4857000       0.969463           1944         0.9948         8990.0          1.551
        4858000       0.969656           1944         0.9947         8992.8          1.583
        4859000       0.969856           1945         0.9947         8995.4          1.557
        4860000       0.970052           1946         0.9947         8998.0          1.616
        4861000       0.970280           1946         0.9947         9000.7          1.679
        4862000       0.970463           1946         0.9947         9002.9          1.677
        4863000       0.970668           1946         0.9947         9005.7          1.678
        4864000       0.970895           1947         0.9947         9009.8          1.648
        4865000       0.971128           1947         0.9947         9014.2          1.607
        4866000       0.971318           1948         0.9947         9018.3          1.560
        4867000       0.971505           1948         0.9947         9021.8          1.634
        4868000       0.971655           1948         0.9947         9024.6          1.609
        4869000       0.971918           1948         0.9947         9028.4          1.598
        4870000       0.972156           1948         0.9947         9032.3          1.637
        4871000       0.972322           1948         0.9947         9035.7          1.633
        4872000       0.972514           1948         0.9947         9039.5          1.625
        4873000       0.972721           1949         0.9947         9043.5          1.598
        4874000       0.972922           1949         0.9947         9046.6          1.577
        4875000       0.973081           1950         0.9947         9051.2          1.606
        4876000       0.973274           1951         0.9947         9054.8          1.638
        4877000       0.973444           1951         0.9947         9058.6          1.614
        4878000       0.973665           1951         0.9947         9061.7          1.683
        4879000       0.973874           1951         0.9947         9065.7          1.729
        4880000       0.974045           1951         0.9947         9069.2          1.741
        4881000       0.974221           1951         0.9947         9073.0          1.732
        4882000       0.974402           1951         0.9947         9076.4          1.723
        4883000       0.974595           1951         0.9947         9079.5          1.691
        4884000       0.974824           1952         0.9947         9082.4          1.661
        4885000       0.975016           1953         0.9947         9086.7          1.726
        4886000       0.975197           1953         0.9947         9090.9          1.650
        4887000       0.975455           1953         0.9947         9093.9          1.642
        4888000       0.975644           1953         0.9947         9097.5          1.618
        4889000       0.975840           1954         0.9947         9100.2          1.588
        4890000       0.976054           1954         0.9947         9103.0          1.585
        4891000       0.976225           1954         0.9947         9106.0          1.618
        4892000       0.976431           1955         0.9947         9108.5          1.593
        4893000       0.976643           1955         0.9947         9111.3          1.608
        4894000       0.976828           1955         0.9947         9114.6          1.603
        4895000       0.977015           1955         0.9947         9118.3          1.588
        4896000       0.977191           1956         0.9947         9120.8          1.630
        4897000       0.977392           1956         0.9947         9123.9          1.589
        4898000       0.977630           1956         0.9947         9126.9          1.591
        4899000       0.977815           1956         0.9947         9130.2          1.577
        4900000       0.978035           1956         0.9947         9133.0          1.602
        4901000       0.978192           1956         0.9947         9135.1          1.577
        4902000       0.978387           1957         0.9947         9137.9          1.649
        4903000       0.978580           1957         0.9947         9141.2          1.562
        4904000       0.978778           1957         0.9947         9143.9          1.593
        4905000       0.979008           1957         0.9947         9146.7          1.547
        4906000       0.979241           1957         0.9947         9149.9          1.560
        4907000       0.979448           1958         0.9947         9153.2          1.540
        4908000       0.979705           1958         0.9947         9156.2          1.660
        4909000       0.979923           1959         0.9947         9159.3          1.608
        4910000       0.980160           1959         0.9947         9162.4          1.719
        4911000       0.980383           1960         0.9947         9165.6          1.628
        4912000       0.980604           1960         0.9947         9167.7          1.695
        4913000       0.980783           1960         0.9947         9170.2          1.703
        4914000       0.981002           1960         0.9947         9173.5          1.573
        4915000       0.981220           1960         0.9947         9177.0          1.588
        4916000       0.981422           1960         0.9947         9181.6          1.603
        4917000       0.981682           1961         0.9947         9184.6          1.613
        4918000       0.981865           1962         0.9947         9187.3          1.689
        4919000       0.982060           1963         0.9947         9192.5          1.736
        4920000       0.982266           1964         0.9947         9194.8          1.693
        4921000       0.982459           1965         0.9947         9198.7          1.671
        4922000       0.982677           1965         0.9947         9202.6          1.818
        4923000       0.982865           1965         0.9947         9207.4          1.820
        4924000       0.983030           1966         0.9947         9211.7          1.706
        4925000       0.983231           1966         0.9947         9214.7          1.733
        4926000       0.983450           1966         0.9947         9218.8          1.724
        4927000       0.983607           1967         0.9947         9222.4          1.725
        4928000       0.983816           1969         0.9947         9226.4          1.686
        4929000       0.983970           1970         0.9947         9229.6          1.669
        4930000       0.984166           1970         0.9947         9233.2          1.644
        4931000       0.984387           1970         0.9947         9237.2          1.648
        4932000       0.984539           1971         0.9947         9240.4          1.697
        4933000       0.984735           1971         0.9947         9244.5          1.636
        4934000       0.984951           1971         0.9947         9248.6          1.682
        4935000       0.985176           1971         0.9947         9252.4          1.692
        4936000       0.985402           1971         0.9947         9255.9          1.592
        4937000       0.985605           1973         0.9947         9259.6          1.621
        4938000       0.985787           1973         0.9947         9264.1          1.591
        4939000       0.985966           1975         0.9947         9267.6          1.618
        4940000       0.986167           1975         0.9947         9270.9          1.586
        4941000       0.986342           1975         0.9947         9274.4          1.633
        4942000       0.986567           1975         0.9947         9277.6          1.598
        4943000       0.986755           1976         0.9947         9281.9          1.601
        4944000       0.986965           1978         0.9947         9286.2          1.597
        4945000       0.987204           1978         0.9947         9290.0          1.653
        4946000       0.987376           1979         0.9947         9293.1          1.645
        4947000       0.987556           1980         0.9947         9297.0          1.623
        4948000       0.987740           1980         0.9947         9300.8          1.553
        4949000       0.987883           1980         0.9947         9305.0          1.574
        4950000       0.988061           1980         0.9947         9309.0          1.625
        4951000       0.988245           1981         0.9947         9313.1          1.677
        4952000       0.988470           1981         0.9947         9316.0          1.680
        4953000       0.988670           1981         0.9947         9319.4          1.674
        4954000       0.988862           1981         0.9947         9324.0          1.690
        4955000       0.989052           1981         0.9947         9327.1          1.696
        4956000       0.989237           1982         0.9947         9330.7          1.667
        4957000       0.989426           1982         0.9947         9334.9          1.647
        4958000       0.989611           1982         0.9947         9339.3          1.654
        4959000       0.989867           1982         0.9947         9342.1          1.659
        4960000       0.990093           1982         0.9947         9345.4          1.642
        4961000       0.990366           1982         0.9947         9349.6          1.676
        4962000       0.990562           1982         0.9947         9353.1          1.686
        4963000       0.990734           1982         0.9947         9356.3          1.687
        4964000       0.990940           1982         0.9947         9359.5          1.709
        4965000       0.991115           1982         0.9947         9362.9          1.704
        4966000       0.991307           1983         0.9947         9365.8          1.714
        4967000       0.991481           1983         0.9947         9368.9          1.716
        4968000       0.991693           1983         0.9947         9372.3          1.738
        4969000       0.991907           1983         0.9947         9376.1          1.726
        4970000       0.992114           1983         0.9947         9378.7          1.710
        4971000       0.992323           1983         0.9947         9382.0          1.743
        4972000       0.992507           1983         0.9947         9384.5          1.697
        4973000       0.992700           1983         0.9947         9388.7          1.650
        4974000       0.992927           1985         0.9947         9391.9          1.597
        4975000       0.993109           1985         0.9947         9395.1          1.625
        4976000       0.993286           1986         0.9947         9397.8          1.620
        4977000       0.993487           1986         0.9947         9401.1          1.626
        4978000       0.993679           1986         0.9947         9403.8          1.598
        4979000       0.993857           1986         0.9947         9407.3          1.658
        4980000       0.994039           1986         0.9947         9411.3          1.647
        4981000       0.994238           1986         0.9947         9414.9          1.690
        4982000       0.994387           1987         0.9947         9418.1          1.703
        4983000       0.994580           1987         0.9947         9422.3          1.676
        4984000       0.994759           1987         0.9947         9425.8          1.678
        4985000       0.994938           1987         0.9947         9428.2          1.690
        4986000       0.995131           1987         0.9947         9431.9          1.687
        4987000       0.995309           1988         0.9947         9435.4          1.690
        4988000       0.995494           1988         0.9947         9438.6          1.751
        4989000       0.995741           1989         0.9947         9441.9          1.742
        4990000       0.995958           1991         0.9947         9444.8          1.732
        4991000       0.996129           1991         0.9947         9448.6          1.708
        4992000       0.996269           1991         0.9947         9451.6          1.733
        4993000       0.996521           1992         0.9947         9454.7          1.713
        4994000       0.996725           1992         0.9947         9457.8          1.699
        4995000       0.996929           1992         0.9947         9461.3          1.691
        4996000       0.997123           1992         0.9947         9464.9          1.680
        4997000       0.997359           1993         0.9947         9468.1          1.687
        4998000       0.997572           1994         0.9947         9472.2          1.736
        4999000       0.997769           1994         0.9947         9475.9          1.701
        5000000       0.998017           1996         0.9947         9480.7          1.704
        5001000       0.998222           1998         0.9947         9484.5          1.681
        5002000       0.998489           1998         0.9947         9488.3          1.682
        5003000       0.998704           1998         0.9947         9491.7          1.686
        5004000       0.998889           1998         0.9947         9496.2          1.699
        5005000       0.999079           1998         0.9947         9499.6          1.720
        5006000       0.999234           1998         0.9947         9502.9          1.674
        5007000       0.999469           1998         0.9947         9506.2          1.672
        5008000       0.999690           1998         0.9947         9509.5          1.683
        5009000       0.999903           1998         0.9946         9513.0          1.676
        5010000       1.000110           1998         0.9946         9517.3          1.699
        5011000       1.000282           1998         0.9946         9520.7          1.695
        5012000       1.000489           1998         0.9946         9524.1          1.700
        5013000       1.000698           1998         0.9946         9528.4          1.745
        5014000       1.000833           1999         0.9946         9532.1          1.731
        5015000       1.001048           2000         0.9946         9535.6          1.674
        5016000       1.001216           2000         0.9946         9539.8          1.671
        5017000       1.001414           2001         0.9946         9542.5          1.669
        5018000       1.001616           2001         0.9946         9547.7          1.692
        5019000       1.001835           2001         0.9946         9551.1          1.671
        5020000       1.002027           2001         0.9946         9555.7          1.715
        5021000       1.002253           2002         0.9946         9559.1          1.795
        5022000       1.002431           2002         0.9946         9563.2          1.667
        5023000       1.002641           2002         0.9946         9565.7          1.680
        5024000       1.002875           2003         0.9946         9568.4          1.700
        5025000       1.003066           2003         0.9946         9572.4          1.599
        5026000       1.003266           2003         0.9946         9575.9          1.683
        5027000       1.003442           2004         0.9946         9579.1          1.715
        5028000       1.003641           2004         0.9946         9583.4          1.697
        5029000       1.003870           2004         0.9946         9586.4          1.640
        5030000       1.004089           2004         0.9946         9588.9          1.637
        5031000       1.004284           2005         0.9946         9591.8          1.622
        5032000       1.004467           2007         0.9946         9595.8          1.624
        5033000       1.004659           2007         0.9946         9598.9          1.608
        5034000       1.004802           2007         0.9946         9601.8          1.640
        5035000       1.004983           2007         0.9946         9605.0          1.713
        5036000       1.005187           2007         0.9946         9608.3          1.730
        5037000       1.005384           2007         0.9946         9611.2          1.783
        5038000       1.005621           2009         0.9946         9614.8          1.723
        5039000       1.005807           2009         0.9946         9617.6          1.836
        5040000       1.006026           2010         0.9946         9621.6          1.677
        5041000       1.006222           2010         0.9946         9625.4          1.700
        5042000       1.006426           2011         0.9946         9628.5          1.699
        5043000       1.006597           2013         0.9946         9631.0          1.689
        5044000       1.006749           2013         0.9946         9634.0          1.704
        5045000       1.006974           2013         0.9946         9637.7          1.751
        5046000       1.007178           2013         0.9946         9641.2          1.738
        5047000       1.007338           2014         0.9946         9644.3          1.738
        5048000       1.007570           2015         0.9946         9647.4          1.714
        5049000       1.007804           2015         0.9946         9651.3          1.676
        5050000       1.007991           2015         0.9946         9654.5          1.640
        5051000       1.008137           2015         0.9946         9658.5          1.674
        5052000       1.008374           2015         0.9946         9662.3          1.648
        5053000       1.008570           2015         0.9946         9665.4          1.649
        5054000       1.008739           2015         0.9946         9668.1          1.647
        5055000       1.008925           2016         0.9946         9671.6          1.631
        5056000       1.009142           2016         0.9946         9674.8          1.646
        5057000       1.009372           2017         0.9946         9679.0          1.661
        5058000       1.009582           2017         0.9946         9682.7          1.648
        5059000       1.009763           2018         0.9946         9685.9          1.574
        5060000       1.009952           2020         0.9946         9689.0          1.679
        5061000       1.010125           2020         0.9946         9693.1          1.690
        5062000       1.010355           2020         0.9946         9696.8          1.685
        5063000       1.010487           2020         0.9946         9700.8          1.650
        5064000       1.010681           2021         0.9946         9704.3          1.662
        5065000       1.010890           2021         0.9946         9707.4          1.581
        5066000       1.011142           2022         0.9946         9711.6          1.554
        5067000       1.011342           2022         0.9946         9715.2          1.585
        5068000       1.011505           2022         0.9946         9718.2          1.632
        5069000       1.011723           2024         0.9946         9722.3          1.609
        5070000       1.011909           2025         0.9946         9725.9          1.603
        5071000       1.012100           2025         0.9946         9729.2          1.608
        5072000       1.012318           2025         0.9946         9732.8          1.597
        5073000       1.012515           2026         0.9946         9736.1          1.679
        5074000       1.012716           2026         0.9946         9740.4          1.698
        5075000       1.012939           2026         0.9946         9744.5          1.752
        5076000       1.013166           2026         0.9946         9748.4          1.752
        5077000       1.013367           2026         0.9946         9751.4          1.747
        5078000       1.013584           2026         0.9946         9755.7          1.740
        5079000       1.013774           2026         0.9946         9760.2          1.742
        5080000       1.014009           2026         0.9946         9763.7          1.684
        5081000       1.014178           2026         0.9946         9766.8          1.678
        5082000       1.014372           2026         0.9946         9771.2          1.678
        5083000       1.014616           2026         0.9946         9775.3          1.665
        5084000       1.014816           2027         0.9946         9778.6          1.745
        5085000       1.014989           2028         0.9946         9783.4          1.718
        5086000       1.015201           2029         0.9946         9787.4          1.699
        5087000       1.015400           2029         0.9946         9791.8          1.679
        5088000       1.015587           2030         0.9946         9796.2          1.693
        5089000       1.015778           2030         0.9946         9800.4          1.679
        5090000       1.015973           2031         0.9946         9804.0          1.672
        5091000       1.016185           2031         0.9946         9807.8          1.712
        5092000       1.016359           2031         0.9946         9811.6          1.755
        5093000       1.016581           2031         0.9946         9815.9          1.766
        5094000       1.016800           2032         0.9946         9819.9          1.769
        5095000       1.016970           2032         0.9946         9822.9          1.743
        5096000       1.017163           2033         0.9946         9826.7          1.663
        5097000       1.017364           2034         0.9946         9830.5          1.630
        5098000       1.017556           2034         0.9946         9833.9          1.610
        5099000       1.017758           2034         0.9946         9836.9          1.652
        5100000       1.017943           2034         0.9946         9840.5          1.617
        5101000       1.018148           2034         0.9946         9844.5          1.587
        5102000       1.018357           2035         0.9946         9847.6          1.567
        5103000       1.018555           2035         0.9946         9850.9          1.577
        5104000       1.018755           2035         0.9946         9853.4          1.579
        5105000       1.018977           2035         0.9946         9856.5          1.553
        5106000       1.019202           2036         0.9946         9861.0          1.607
        5107000       1.019383           2036         0.9946         9865.1          1.711
        5108000       1.019591           2036         0.9946         9868.5          1.789
        5109000       1.019769           2036         0.9946         9871.6          1.791
        5110000       1.019966           2037         0.9946         9874.0          1.779
        5111000       1.020162           2038         0.9946         9877.7          1.712
        5112000       1.020358           2038         0.9946         9880.5          1.679
        5113000       1.020558           2038         0.9946         9884.1          1.640
        5114000       1.020745           2038         0.9946         9887.5          1.685
        5115000       1.020952           2038         0.9946         9890.3          1.534
        5116000       1.021193           2039         0.9946         9893.3          1.578
        5117000       1.021383           2041         0.9946         9896.5          1.551
        5118000       1.021577           2041         0.9946         9899.5          1.594
        5119000       1.021750           2041         0.9946         9904.1          1.659
        5120000       1.021982           2041         0.9946         9907.7          1.672
        5121000       1.022194           2041         0.9946         9911.9          1.628
        5122000       1.022434           2041         0.9946         9915.1          1.584
        5123000       1.022631           2042         0.9946         9918.8          1.579
        5124000       1.022888           2042         0.9946         9921.6          1.588
        5125000       1.023098           2042         0.9946         9924.9          1.606
        5126000       1.023307           2043         0.9946         9928.5          1.646
        5127000       1.023499           2043         0.9946         9933.0          1.677
        5128000       1.023709           2043         0.9946         9937.6          1.627
        5129000       1.023924           2045         0.9946         9942.1          1.609
        5130000       1.024143           2045         0.9946         9945.6          1.657
        5131000       1.024338           2045         0.9946         9948.9          1.715
        5132000       1.024564           2045         0.9946         9952.4          1.727
        5133000       1.024770           2045         0.9946         9957.1          1.762
        5134000       1.025024           2045         0.9946         9961.2          1.727
        5135000       1.025201           2045         0.9946         9965.4          1.670
        5136000       1.025393           2046         0.9946         9970.0          1.698
        5137000       1.025592           2046         0.9946         9973.8          1.618
        5138000       1.025826           2046         0.9946         9977.6          1.650
        5139000       1.026034           2046         0.9946         9980.9          1.685
        5140000       1.026210           2046         0.9946         9984.6          1.661
        5141000       1.026424           2046         0.9946         9989.1          1.686
        5142000       1.026645           2046         0.9946         9993.9          1.678
        5143000       1.026858           2046         0.9946         9997.6          1.638
        5144000       1.027027           2047         0.9946        10000.9          1.692
        5145000       1.027244           2048         0.9946        10004.2          1.706
        5146000       1.027416           2048         0.9946        10008.5          1.766
        5147000       1.027633           2048         0.9946        10011.8          1.767
        5148000       1.027833           2049         0.9946        10015.6          1.770
        5149000       1.028026           2051         0.9946        10019.2          1.780
        5150000       1.028262           2052         0.9946        10022.0          1.735
        5151000       1.028448           2052         0.9946        10025.1          1.594
        5152000       1.028654           2054         0.9946        10028.7          1.578
        5153000       1.028882           2054         0.9946        10032.5          1.631
        5154000       1.029053           2054         0.9946        10036.1          1.612
        5155000       1.029239           2056         0.9946        10040.8          1.617
        5156000       1.029460           2056         0.9946        10045.1          1.657
        5157000       1.029656           2056         0.9946        10048.8          1.611
        5158000       1.029873           2057         0.9946        10052.1          1.599
        5159000       1.030073           2058         0.9946        10055.9          1.539
        5160000       1.030280           2058         0.9945        10059.2          1.524
        5161000       1.030501           2060         0.9945        10062.2          1.522
        5162000       1.030708           2060         0.9945        10065.8          1.604
        5163000       1.030893           2060         0.9945        10069.4          1.578
        5164000       1.031103           2062         0.9945        10072.4          1.640
        5165000       1.031334           2064         0.9945        10075.5          1.657
        5166000       1.031535           2064         0.9945        10079.4          1.730
        5167000       1.031735           2064         0.9945        10082.6          1.670
        5168000       1.031965           2064         0.9945        10085.6          1.673
        5169000       1.032217           2064         0.9945        10088.5          1.638
        5170000       1.032494           2065         0.9945        10092.5          1.687
        5171000       1.032687           2066         0.9945        10096.0          1.675
        5172000       1.032823           2066         0.9945        10098.6          1.641
        5173000       1.033019           2067         0.9945        10102.0          1.691
        5174000       1.033213           2067         0.9945        10105.8          1.762
        5175000       1.033389           2068         0.9945        10109.5          1.765
        5176000       1.033572           2068         0.9945        10113.1          1.586
        5177000       1.033787           2068         0.9945        10117.0          1.654
        5178000       1.033991           2068         0.9945        10120.5          1.650
        5179000       1.034189           2070         0.9945        10124.3          1.654
        5180000       1.034394           2070         0.9945        10128.1          1.637
        5181000       1.034617           2071         0.9945        10132.2          1.686
        5182000       1.034812           2071         0.9945        10136.8          1.658
        5183000       1.034993           2071         0.9945        10139.7          1.654
        5184000       1.035174           2071         0.9945        10143.2          1.666
        5185000       1.035374           2072         0.9945        10147.9          1.675
        5186000       1.035502           2072         0.9945        10150.9          1.650
        5187000       1.035715           2072         0.9945        10153.6          1.668
        5188000       1.035892           2073         0.9945        10158.5          1.645
        5189000       1.036104           2073         0.9945        10161.0          1.647
        5190000       1.036330           2074         0.9945        10164.4          1.616
        5191000       1.036491           2074         0.9945        10169.2          1.683
        5192000       1.036706           2074         0.9945        10173.0          1.697
        5193000       1.036888           2075         0.9945        10176.7          1.610
        5194000       1.037110           2075         0.9945        10180.5          1.717
        5195000       1.037306           2075         0.9945        10184.2          1.769
        5196000       1.037545           2076         0.9945        10186.7          1.744
        5197000       1.037762           2076         0.9945        10190.3          1.765
        5198000       1.037963           2076         0.9945        10193.2          1.765
        5199000       1.038202           2076         0.9945        10196.5          1.814
        5200000       1.038435           2076         0.9945        10199.9          1.839
        5201000       1.038620           2076         0.9945        10203.4          1.822
        5202000       1.038825           2078         0.9945        10206.8          1.744
        5203000       1.039035           2079         0.9945        10210.7          1.736
        5204000       1.039213           2079         0.9945        10214.1          1.752
        5205000       1.039449           2081         0.9945        10218.0          1.790
        5206000       1.039649           2081         0.9945        10221.2          1.780
        5207000       1.039829           2081         0.9945        10225.7          1.971
        5208000       1.040039           2081         0.9945        10228.6          1.828
        5209000       1.040277           2081         0.9945        10233.1          1.850
        5210000       1.040512           2081         0.9945        10236.1          1.831
        5211000       1.040721           2082         0.9945        10239.8          1.848
        5212000       1.040934           2082         0.9945        10242.9          1.869
        5213000       1.041127           2082         0.9945        10245.5          1.911
        5214000       1.041317           2083         0.9945        10249.0          1.903
        5215000       1.041496           2083         0.9945        10253.3          1.901
        5216000       1.041658           2083         0.9945        10256.4          1.921
        5217000       1.041827           2083         0.9945        10260.3          1.859
        5218000       1.042062           2085         0.9945        10264.1          1.836
        5219000       1.042255           2086         0.9945        10266.9          1.676
        5220000       1.042472           2086         0.9945        10269.6          1.676
        5221000       1.042613           2086         0.9945        10272.8          1.656
        5222000       1.042830           2086         0.9945        10278.2          1.689
        5223000       1.043030           2086         0.9945        10282.2          1.610
        5224000       1.043226           2086         0.9945        10285.9          1.628
        5225000       1.043427           2086         0.9945        10289.3          1.639
        5226000       1.043610           2086         0.9945        10292.6          1.624
        5227000       1.043778           2086         0.9945        10296.7          1.669
        5228000       1.043942           2086         0.9945        10300.4          1.660
        5229000       1.044137           2086         0.9945        10303.4          1.682
        5230000       1.044343           2086         0.9945        10306.2          1.666
        5231000       1.044571           2086         0.9945        10309.5          1.704
        5232000       1.044748           2087         0.9945        10312.1          1.679
        5233000       1.044945           2087         0.9945        10315.1          1.701
        5234000       1.045127           2088         0.9945        10319.3          1.661
        5235000       1.045339           2088         0.9945        10323.4          1.674
        5236000       1.045548           2088         0.9945        10326.2          1.679
        5237000       1.045729           2088         0.9945        10330.0          1.746
        5238000       1.045923           2088         0.9945        10334.4          1.740
        5239000       1.046073           2088         0.9945        10338.2          1.661
        5240000       1.046264           2088         0.9945        10341.0          1.671
        5241000       1.046467           2088         0.9945        10345.6          1.655
        5242000       1.046626           2088         0.9945        10349.5          1.635
        5243000       1.046845           2088         0.9945        10353.1          1.668
        5244000       1.047044           2088         0.9945        10356.1          1.735
        5245000       1.047213           2090         0.9945        10359.7          1.674
        5246000       1.047388           2090         0.9945        10363.2          1.679
        5247000       1.047567           2090         0.9945        10366.9          1.644
        5248000       1.047776           2091         0.9945        10371.1          1.682
        5249000       1.047951           2091         0.9945        10374.0          1.691
        5250000       1.048125           2091         0.9945        10378.4          1.579
        5251000       1.048297           2091         0.9945        10382.1          1.667
        5252000       1.048456           2091         0.9945        10385.8          1.673
        5253000       1.048658           2091         0.9945        10390.0          1.698
        5254000       1.048880           2091         0.9945        10394.0          1.753
        5255000       1.049060           2092         0.9945        10396.7          1.750
        5256000       1.049303           2093         0.9945        10400.4          1.799
        5257000       1.049547           2093         0.9945        10405.1          1.723
        5258000       1.049759           2093         0.9945        10408.8          1.731
        5259000       1.049956           2093         0.9945        10412.7          1.752
        5260000       1.050158           2093         0.9945        10416.5          1.703
        5261000       1.050383           2094         0.9945        10419.5          1.678
        5262000       1.050549           2094         0.9945        10423.0          1.735
        5263000       1.050755           2094         0.9945        10427.0          1.700
        5264000       1.050964           2094         0.9944        10430.3          1.734
        5265000       1.051138           2094         0.9944        10434.5          1.747
        5266000       1.051375           2094         0.9944        10438.0          1.723
        5267000       1.051549           2096         0.9944        10441.6          1.705
        5268000       1.051757           2097         0.9944        10445.0          1.660
        5269000       1.051972           2097         0.9944        10448.6          1.702
        5270000       1.052185           2097         0.9944        10452.1          1.670
        5271000       1.052397           2097         0.9944        10455.4          1.638
        5272000       1.052639           2098         0.9944        10459.8          1.599
        5273000       1.052806           2098         0.9944        10463.2          1.610
        5274000       1.052967           2099         0.9944        10467.0          1.633
        5275000       1.053161           2099         0.9944        10470.0          1.678
        5276000       1.053387           2099         0.9944        10473.0          1.681
        5277000       1.053576           2099         0.9944        10477.1          1.670
        5278000       1.053751           2100         0.9944        10481.1          1.646
        5279000       1.053956           2101         0.9944        10484.6          1.674
        5280000       1.054155           2101         0.9944        10489.1          1.682
        5281000       1.054371           2102         0.9944        10492.9          1.753
        5282000       1.054601           2102         0.9944        10496.1          1.752
        5283000       1.054791           2103         0.9944        10500.3          1.731
        5284000       1.054991           2104         0.9944        10504.2          1.747
        5285000       1.055200           2105         0.9944        10507.6          1.751
        5286000       1.055347           2105         0.9944        10510.5          1.731
        5287000       1.055571           2105         0.9944        10514.0          1.758
        5288000       1.055798           2105         0.9944        10516.5          1.771
        5289000       1.055989           2105         0.9944        10519.6          1.753
        5290000       1.056183           2106         0.9944        10523.6          1.753
        5291000       1.056393           2107         0.9944        10527.0          1.773
        5292000       1.056604           2107         0.9944        10530.4          1.768
        5293000       1.056835           2108         0.9944        10534.6          1.774
        5294000       1.057049           2108         0.9944        10537.7          1.766
        5295000       1.057225           2108         0.9944        10541.1          1.721
        5296000       1.057373           2108         0.9944        10544.8          1.750
        5297000       1.057591           2108         0.9944        10548.2          1.722
        5298000       1.057801           2109         0.9944        10551.5          1.715
        5299000       1.057975           2109         0.9944        10554.2          1.743
        5300000       1.058177           2109         0.9944        10557.6          1.730
        5301000       1.058377           2109         0.9944        10561.1          1.719
        5302000       1.058604           2110         0.9944        10564.4          1.675
        5303000       1.058797           2111         0.9944        10567.0          1.677
        5304000       1.058970           2113         0.9944        10571.0          1.674
        5305000       1.059152           2113         0.9944        10574.3          1.711
        5306000       1.059299           2113         0.9944        10577.2          1.675
        5307000       1.059501           2113         0.9944        10580.5          1.691
        5308000       1.059722           2113         0.9944        10583.1          1.695
        5309000       1.059930           2113         0.9944        10587.3          1.622
        5310000       1.060173           2113         0.9944        10591.1          1.704
        5311000       1.060380           2113         0.9944        10594.1          1.753
        5312000       1.060568           2113         0.9944        10598.1          1.734
        5313000       1.060791           2113         0.9944        10601.3          1.708
        5314000       1.061000           2113         0.9944        10604.4          1.745
        5315000       1.061185           2113         0.9944        10607.7          1.693
        5316000       1.061354           2113         0.9944        10611.9          1.646
        5317000       1.061537           2113         0.9944        10615.1          1.639
        5318000       1.061697           2113         0.9944        10618.3          1.631
        5319000       1.061892           2114         0.9944        10621.3          1.625
        5320000       1.062085           2114         0.9944        10624.4          1.617
        5321000       1.062281           2114         0.9944        10627.6          1.617
        5322000       1.062462           2115         0.9944        10630.8          1.701
        5323000       1.062667           2115         0.9944        10634.4          1.705
        5324000       1.062891           2116         0.9944        10638.2          1.726
        5325000       1.063054           2116         0.9944        10642.2          1.751
        5326000       1.063298           2116         0.9944        10646.0          1.712
        5327000       1.063526           2118         0.9944        10650.1          1.718
        5328000       1.063735           2119         0.9944        10654.3          1.818
        5329000       1.063943           2119         0.9944        10657.5          1.858
        5330000       1.064171           2119         0.9944        10661.5          1.741
        5331000       1.064406           2119         0.9944        10665.0          1.892
        5332000       1.064640           2119         0.9944        10668.3          1.751
        5333000       1.064863           2119         0.9944        10671.7          1.782
        5334000       1.065070           2121         0.9944        10675.2          1.767
        5335000       1.065258           2121         0.9944        10678.7          1.707
        5336000       1.065442           2122         0.9944        10682.8          1.683
        5337000       1.065668           2122         0.9944        10686.1          1.699
        5338000       1.065883           2122         0.9944        10689.0          1.768
        5339000       1.066079           2122         0.9944        10691.8          1.773
        5340000       1.066288           2122         0.9944        10694.8          1.797
        5341000       1.066538           2124         0.9944        10699.3          1.704
        5342000       1.066733           2124         0.9944        10703.3          1.620
        5343000       1.066908           2124         0.9944        10706.9          1.620
        5344000       1.067091           2125         0.9944        10710.2          1.522
        5345000       1.067285           2126         0.9944        10713.9          1.498
        5346000       1.067492           2126         0.9944        10718.0          1.574
        5347000       1.067677           2126         0.9944        10721.7          1.582
        5348000       1.067865           2128         0.9944        10724.8          1.634
        5349000       1.068083           2128         0.9944        10728.5          1.637
        5350000       1.068293           2128         0.9944        10731.8          1.663
        5351000       1.068475           2129         0.9944        10735.2          1.677
        5352000       1.068671           2129         0.9944        10738.0          1.692
        5353000       1.068892           2130         0.9944        10741.6          1.662
        5354000       1.069110           2131         0.9944        10745.6          1.661
        5355000       1.069316           2132         0.9944        10749.3          1.711
        5356000       1.069564           2132         0.9944        10752.7          1.699
        5357000       1.069767           2132         0.9944        10756.9          1.722
        5358000       1.069984           2133         0.9944        10760.5          1.649
        5359000       1.070200           2133         0.9944        10764.7          1.670
        5360000       1.070404           2133         0.9944        10767.2          1.663
        5361000       1.070587           2134         0.9944        10771.4          1.667
        5362000       1.070730           2134         0.9944        10774.7          1.643
        5363000       1.070927           2136         0.9944        10778.7          1.662
        5364000       1.071149           2136         0.9944        10782.3          1.656
        5365000       1.071358           2137         0.9944        10785.9          1.649
        5366000       1.071541           2137         0.9944        10789.7          1.625
        5367000       1.071746           2138         0.9944        10793.4          1.606
        5368000       1.071913           2138         0.9944        10796.9          1.625
        5369000       1.072128           2139         0.9944        10801.4          1.724
        5370000       1.072351           2139         0.9944        10805.6          1.768
        5371000       1.072546           2139         0.9944        10809.5          1.765
        5372000       1.072763           2140         0.9944        10813.1          1.717
        5373000       1.072942           2142         0.9944        10816.7          1.723
        5374000       1.073128           2142         0.9944        10820.4          1.770
        5375000       1.073304           2142         0.9944        10823.7          1.782
        5376000       1.073499           2142         0.9944        10826.9          1.780
        5377000       1.073688           2142         0.9944        10830.3          1.761
        5378000       1.073867           2142         0.9944        10833.8          1.756
        5379000       1.074063           2142         0.9944        10836.9          1.660
        5380000       1.074251           2142         0.9944        10840.1          1.663
        5381000       1.074446           2143         0.9944        10843.8          1.658
        5382000       1.074639           2143         0.9944        10847.1          1.650
        5383000       1.074857           2143         0.9944        10850.0          1.690
        5384000       1.075049           2143         0.9944        10853.7          1.676
        5385000       1.075277           2143         0.9944        10857.5          1.694
        5386000       1.075475           2145         0.9944        10861.5          1.667
        5387000       1.075648           2146         0.9944        10864.5          1.674
        5388000       1.075827           2146         0.9944        10867.4          1.622
        5389000       1.076060           2147         0.9944        10870.5          1.637
        5390000       1.076224           2148         0.9944        10873.4          1.679
        5391000       1.076448           2149         0.9944        10876.8          1.671
        5392000       1.076625           2150         0.9944        10880.6          1.661
        5393000       1.076825           2150         0.9944        10883.9          1.711
        5394000       1.077017           2150         0.9944        10887.9          1.693
        5395000       1.077221           2150         0.9944        10891.3          1.641
        5396000       1.077415           2150         0.9944        10893.8          1.622
        5397000       1.077636           2150         0.9944        10898.5          1.685
        5398000       1.077855           2150         0.9944        10902.7          1.732
        5399000       1.078048           2151         0.9944        10906.5          1.682
        5400000       1.078280           2151         0.9944        10910.6          1.722
        5401000       1.078493           2153         0.9944        10913.8          1.714
        5402000       1.078680           2153         0.9944        10916.6          1.709
        5403000       1.078868           2153         0.9944        10921.3          1.703
        5404000       1.078991           2153         0.9944        10925.0          1.708
        5405000       1.079193           2153         0.9944        10928.6          1.698
        5406000       1.079374           2153         0.9944        10932.3          1.723
        5407000       1.079571           2155         0.9944        10935.3          1.698
        5408000       1.079777           2156         0.9944        10939.3          1.742
        5409000       1.079938           2157         0.9944        10944.1          1.691
        5410000       1.080090           2157         0.9944        10947.7          1.696
        5411000       1.080279           2158         0.9944        10950.8          1.663
        5412000       1.080483           2160         0.9944        10956.4          1.700
        5413000       1.080652           2160         0.9944        10958.7          1.684
        5414000       1.080835           2160         0.9944        10961.5          1.698
        5415000       1.081005           2160         0.9944        10965.2          1.685
        5416000       1.081189           2160         0.9944        10968.8          1.672
        5417000       1.081397           2160         0.9944        10971.8          1.699
        5418000       1.081584           2160         0.9944        10974.9          1.678
        5419000       1.081758           2160         0.9944        10978.2          1.700
        5420000       1.081950           2160         0.9944        10981.8          1.692
        5421000       1.082192           2160         0.9943        10985.5          1.750
        5422000       1.082372           2160         0.9943        10989.3          1.798
        5423000       1.082581           2160         0.9943        10992.6          1.724
        5424000       1.082735           2160         0.9943        10996.0          1.707
        5425000       1.082931           2161         0.9943        11000.3          1.707
        5426000       1.083144           2161         0.9943        11003.3          1.808
        5427000       1.083365           2162         0.9943        11006.7          1.707
        5428000       1.083552           2162         0.9943        11009.7          1.699
        5429000       1.083767           2163         0.9943        11014.0          1.735
        5430000       1.083983           2164         0.9943        11018.4          1.813
        5431000       1.084158           2165         0.9943        11022.3          1.746
        5432000       1.084331           2166         0.9943        11026.0          1.732
        5433000       1.084518           2168         0.9943        11029.8          1.793
        5434000       1.084688           2169         0.9943        11032.9          1.792
        5435000       1.084910           2170         0.9943        11037.2          1.784
        5436000       1.085118           2171         0.9943        11040.3          1.773
        5437000       1.085317           2171         0.9943        11045.2          1.836
        5438000       1.085509           2171         0.9943        11048.9          1.683
        5439000       1.085677           2171         0.9943        11052.5          1.761
        5440000       1.085865           2171         0.9943        11055.7          1.762
        5441000       1.086078           2171         0.9943        11059.0          1.731
        5442000       1.086287           2171         0.9943        11063.1          1.687
        5443000       1.086464           2172         0.9943        11066.6          1.685
        5444000       1.086654           2173         0.9943        11070.3          1.666
        5445000       1.086827           2174         0.9943        11073.9          1.636
        5446000       1.087008           2175         0.9943        11076.9          1.677
        5447000       1.087241           2175         0.9943        11080.3          1.726
        5448000       1.087500           2175         0.9943        11083.9          1.734
        5449000       1.087668           2175         0.9943        11087.2          1.742
        5450000       1.087839           2176         0.9943        11090.7          1.727
        5451000       1.088011           2176         0.9943        11095.0          1.760
        5452000       1.088223           2176         0.9943        11098.5          1.784
        5453000       1.088430           2176         0.9943        11102.1          1.794
        5454000       1.088647           2176         0.9943        11105.5          1.848
        5455000       1.088812           2176         0.9943        11109.3          1.795
        5456000       1.088966           2176         0.9943        11111.7          1.792
        5457000       1.089186           2176         0.9943        11115.4          1.766
        5458000       1.089407           2178         0.9943        11119.8          1.780
        5459000       1.089651           2179         0.9943        11124.0          1.797
        5460000       1.089847           2179         0.9943        11127.5          1.779
        5461000       1.089985           2179         0.9943        11131.6          1.817
        5462000       1.090219           2180         0.9943        11135.4          1.818
        5463000       1.090430           2180         0.9943        11139.0          1.784
        5464000       1.090651           2181         0.9943        11142.8          1.788
        5465000       1.090836           2182         0.9943        11145.7          1.801
        5466000       1.091056           2182         0.9943        11149.8          1.830
        5467000       1.091243           2184         0.9943        11153.3          1.925
        5468000       1.091408           2184         0.9943        11156.8          1.825
        5469000       1.091654           2185         0.9943        11159.4          1.928
        5470000       1.091862           2185         0.9943        11163.0          1.819
        5471000       1.092067           2185         0.9943        11166.4          1.827
        5472000       1.092309           2185         0.9943        11169.6          1.825
        5473000       1.092555           2185         0.9943        11174.0          1.805
        5474000       1.092756           2187         0.9943        11177.0          1.799
        5475000       1.092996           2187         0.9943        11180.2          1.783
        5476000       1.093229           2187         0.9943        11182.9          1.824
        5477000       1.093409           2187         0.9943        11184.9          1.825
        5478000       1.093619           2187         0.9943        11187.8          1.794
        5479000       1.093779           2187         0.9943        11191.1          1.779
        5480000       1.093982           2187         0.9943        11193.7          1.806
        5481000       1.094170           2187         0.9943        11196.7          1.813
        5482000       1.094389           2188         0.9943        11199.9          1.816
        5483000       1.094596           2188         0.9943        11203.0          1.777
        5484000       1.094818           2192         0.9943        11207.6          1.806
        5485000       1.095038           2192         0.9943        11211.3          1.790
        5486000       1.095205           2193         0.9943        11215.0          1.772
        5487000       1.095367           2193         0.9943        11219.1          1.746
        5488000       1.095579           2194         0.9943        11222.5          1.716
        5489000       1.095746           2194         0.9943        11225.3          1.725
        5490000       1.095923           2194         0.9943        11228.2          1.713
        5491000       1.096092           2195         0.9943        11231.2          1.726
        5492000       1.096276           2195         0.9943        11234.2          1.799
        5493000       1.096489           2195         0.9943        11237.3          1.810
        5494000       1.096714           2196         0.9943        11240.2          1.805
        5495000       1.096897           2198         0.9943        11243.7          1.799
        5496000       1.097127           2198         0.9943        11247.6          1.794
        5497000       1.097330           2198         0.9943        11250.0          1.786
        5498000       1.097556           2198         0.9943        11253.2          1.756
        5499000       1.097828           2198         0.9943        11256.3          1.807
        5500000       1.098020           2198         0.9943        11258.6          1.809
        5501000       1.098204           2198         0.9943        11262.6          1.810
        5502000       1.098381           2198         0.9943        11265.8          1.766
        5503000       1.098564           2198         0.9943        11269.2          1.745
        5504000       1.098741           2198         0.9943        11272.0          1.813
        5505000       1.098958           2199         0.9943        11276.3          1.785
        5506000       1.099172           2200         0.9943        11279.1          1.809
        5507000       1.099349           2200         0.9943        11282.5          1.800
        5508000       1.099533           2200         0.9943        11285.5          1.910
        5509000       1.099724           2201         0.9943        11289.6          1.803
        5510000       1.099903           2201         0.9943        11293.0          1.755
        5511000       1.100120           2202         0.9943        11296.2          1.780
        5512000       1.100321           2202         0.9943        11299.1          1.824
        5513000       1.100538           2204         0.9943        11302.5          1.750
        5514000       1.100748           2205         0.9943        11305.8          1.834
        5515000       1.100939           2206         0.9942        11308.8          1.875
        5516000       1.101127           2206         0.9942        11312.0          1.807
        5517000       1.101310           2206         0.9942        11314.9          1.763
        5518000       1.101488           2206         0.9942        11317.6          1.725
        5519000       1.101699           2206         0.9942        11321.1          1.716
        5520000       1.101866           2206         0.9942        11324.0          1.715
        5521000       1.102076           2207         0.9942        11327.3          1.739
        5522000       1.102274           2208         0.9942        11331.3          1.876
        5523000       1.102480           2208         0.9942        11334.8          1.738
        5524000       1.102670           2208         0.9942        11338.4          1.688
        5525000       1.102840           2208         0.9942        11342.7          1.720
        5526000       1.103030           2209         0.9942        11345.5          1.774
        5527000       1.103241           2210         0.9942        11349.6          1.768
        5528000       1.103411           2210         0.9942        11352.5          1.774
        5529000       1.103644           2210         0.9942        11356.4          1.738
        5530000       1.103811           2211         0.9942        11360.2          1.645
        5531000       1.103999           2211         0.9942        11364.6          1.696
        5532000       1.104196           2211         0.9942        11368.4          1.730
        5533000       1.104376           2211         0.9942        11372.1          1.744
        5534000       1.104583           2212         0.9942        11376.8          1.715
        5535000       1.104728           2212         0.9942        11380.9          1.720
        5536000       1.104943           2212         0.9942        11384.1          1.643
        5537000       1.105119           2212         0.9942        11387.3          1.729
        5538000       1.105334           2212         0.9942        11390.7          1.613
        5539000       1.105520           2212         0.9942        11393.9          1.616
        5540000       1.105725           2212         0.9942        11398.9          1.736
        5541000       1.105923           2212         0.9942        11403.5          1.742
        5542000       1.106101           2212         0.9942        11407.2          1.742
        5543000       1.106316           2212         0.9942        11410.2          1.679
        5544000       1.106500           2212         0.9942        11413.4          1.664
        5545000       1.106707           2212         0.9942        11416.6          1.624
        5546000       1.106906           2213         0.9942        11420.1          1.645
        5547000       1.107105           2213         0.9942        11423.6          1.684
        5548000       1.107315           2213         0.9942        11427.3          1.703
        5549000       1.107514           2214         0.9942        11432.8          1.630
        5550000       1.107724           2215         0.9942        11437.1          1.611
        5551000       1.107916           2215         0.9942        11440.4          1.580
        5552000       1.108137           2215         0.9942        11444.2          1.694
        5553000       1.108314           2215         0.9942        11447.8          1.564
        5554000       1.108537           2215         0.9942        11451.4          1.593
        5555000       1.108770           2216         0.9942        11456.0          1.619
        5556000       1.108976           2217         0.9942        11459.0          1.618
        5557000       1.109168           2217         0.9942        11462.4          1.691
        5558000       1.109361           2218         0.9942        11467.0          1.712
        5559000       1.109574           2218         0.9942        11470.6          1.771
        5560000       1.109746           2219         0.9942        11474.4          1.701
        5561000       1.109962           2220         0.9942        11477.2          1.658
        5562000       1.110137           2220         0.9942        11480.0          1.661
        5563000       1.110325           2220         0.9942        11483.6          1.662
        5564000       1.110534           2220         0.9942        11487.0          1.636
        5565000       1.110719           2220         0.9942        11490.6          1.764
        5566000       1.110908           2220         0.9942        11494.1          1.681
        5567000       1.111118           2220         0.9942        11497.2          1.649
        5568000       1.111271           2220         0.9942        11501.4          1.643
        5569000       1.111465           2220         0.9942        11505.2          1.638
        5570000       1.111651           2220         0.9942        11508.7          1.713
        5571000       1.111827           2221         0.9942        11512.2          1.717
        5572000       1.112036           2223         0.9942        11514.9          1.709
        5573000       1.112261           2224         0.9942        11518.1          1.736
        5574000       1.112483           2224         0.9942        11521.8          1.754
        5575000       1.112662           2224         0.9942        11525.9          1.737
        5576000       1.112857           2224         0.9942        11530.0          1.725
        5577000       1.113017           2224         0.9942        11533.2          1.708
        5578000       1.113206           2225         0.9942        11535.9          1.735
        5579000       1.113424           2225         0.9942        11539.9          1.723
        5580000       1.113651           2226         0.9942        11543.1          1.752
        5581000       1.113863           2226         0.9942        11546.5          1.759
        5582000       1.114064           2226         0.9942        11550.4          1.766
        5583000       1.114265           2226         0.9942        11554.2          1.783
        5584000       1.114470           2228         0.9942        11557.8          1.796
        5585000       1.114684           2228         0.9942        11562.5          1.794
        5586000       1.114878           2228         0.9942        11566.0          1.766
        5587000       1.115104           2228         0.9942        11569.6          1.790
        5588000       1.115268           2228         0.9942        11573.2          1.758
        5589000       1.115457           2228         0.9942        11577.7          1.727
        5590000       1.115643           2228         0.9942        11581.1          1.741
        5591000       1.115836           2228         0.9942        11584.8          1.754
        5592000       1.116068           2228         0.9942        11588.0          1.759
        5593000       1.116290           2228         0.9942        11591.7          1.733
        5594000       1.116492           2228         0.9942        11595.1          1.681
        5595000       1.116689           2228         0.9942        11599.6          1.647
        5596000       1.116872           2228         0.9942        11603.4          1.644
        5597000       1.117077           2229         0.9942        11606.6          1.694
        5598000       1.117282           2229         0.9942        11610.4          1.733
        5599000       1.117500           2230         0.9942        11614.0          1.751
        5600000       1.117702           2231         0.9942        11617.5          1.732
        5601000       1.117895           2233         0.9942        11621.3          1.725
        5602000       1.118095           2233         0.9942        11624.8          1.684
        5603000       1.118311           2233         0.9942        11628.4          1.710
        5604000       1.118508           2233         0.9942        11632.3          1.714
        5605000       1.118698           2233         0.9942        11636.0          1.621
        5606000       1.118886           2233         0.9941        11639.6          1.685
        5607000       1.119077           2235         0.9941        11642.7          1.689
        5608000       1.119259           2235         0.9941        11646.4          1.608
        5609000       1.119465           2236         0.9941        11650.2          1.643
        5610000       1.119642           2236         0.9941        11654.0          1.655
        5611000       1.119816           2236         0.9941        11657.7          1.648
        5612000       1.120004           2236         0.9941        11661.7          1.659
        5613000       1.120194           2236         0.9941        11666.6          1.675
        5614000       1.120424           2236         0.9941        11670.3          1.735
        5615000       1.120588           2238         0.9941        11673.8          1.685
        5616000       1.120784           2238         0.9941        11677.9          1.775
        5617000       1.121019           2238         0.9941        11682.0          1.755
        5618000       1.121212           2239         0.9941        11686.1          1.719
        5619000       1.121363           2240         0.9941        11690.2          1.714
        5620000       1.121541           2240         0.9941        11693.9          1.663
        5621000       1.121729           2240         0.9941        11697.2          1.705
        5622000       1.121913           2240         0.9941        11701.0          1.658
        5623000       1.122130           2240         0.9941        11704.4          1.640
        5624000       1.122328           2240         0.9941        11707.7          1.632
        5625000       1.122530           2240         0.9941        11710.7          1.569
        5626000       1.122697           2240         0.9941        11713.9          1.546
        5627000       1.122951           2241         0.9941        11717.0          1.528
        5628000       1.123111           2241         0.9941        11719.9          1.544
        5629000       1.123291           2242         0.9941        11723.3          1.592
        5630000       1.123488           2242         0.9941        11726.9          1.698
        5631000       1.123683           2242         0.9941        11730.3          1.682
        5632000       1.123888           2242         0.9941        11733.9          1.707
        5633000       1.124074           2242         0.9941        11737.4          1.688
        5634000       1.124275           2243         0.9941        11740.4          1.715
        5635000       1.124466           2243         0.9941        11743.7          1.710
        5636000       1.124689           2243         0.9941        11748.6          1.741
        5637000       1.124903           2243         0.9941        11752.1          1.739
        5638000       1.125099           2244         0.9941        11755.0          1.756
        5639000       1.125294           2245         0.9941        11759.0          1.770
        5640000       1.125516           2245         0.9941        11762.8          1.778
        5641000       1.125723           2245         0.9941        11766.9          1.700
        5642000       1.125926           2245         0.9941        11769.6          1.776
        5643000       1.126112           2245         0.9941        11773.4          1.770
        5644000       1.126301           2245         0.9941        11776.6          1.688
        5645000       1.126474           2245         0.9941        11781.1          1.768
        5646000       1.126700           2245         0.9941        11784.7          1.756
        5647000       1.126885           2245         0.9941        11788.5          1.742
        5648000       1.127096           2246         0.9941        11791.9          1.686
        5649000       1.127292           2247         0.9941        11795.7          1.645
        5650000       1.127449           2248         0.9941        11798.3          1.637
        5651000       1.127616           2248         0.9941        11801.2          1.627
        5652000       1.127803           2248         0.9941        11804.0          1.614
        5653000       1.128002           2248         0.9941        11808.1          1.657
        5654000       1.128180           2248         0.9941        11811.1          1.644
        5655000       1.128350           2250         0.9941        11814.7          1.681
        5656000       1.128564           2251         0.9941        11818.1          1.633
        5657000       1.128770           2252         0.9941        11822.2          1.651
        5658000       1.128957           2252         0.9941        11825.9          1.609
        5659000       1.129139           2252         0.9941        11829.6          1.654
        5660000       1.129318           2252         0.9941        11833.4          1.709
        5661000       1.129592           2252         0.9941        11836.0          1.738
        5662000       1.129813           2252         0.9941        11840.2          1.763
        5663000       1.130032           2252         0.9941        11844.9          1.745
        5664000       1.130217           2252         0.9941        11849.7          1.700
        5665000       1.130417           2252         0.9941        11853.3          1.698
        5666000       1.130605           2252         0.9941        11857.2          1.727
        5667000       1.130787           2252         0.9941        11861.9          1.733
        5668000       1.130955           2252         0.9941        11866.2          1.709
        5669000       1.131154           2252         0.9941        11870.2          1.733
        5670000       1.131333           2252         0.9941        11874.0          1.738
        5671000       1.131477           2252         0.9941        11877.6          1.736
        5672000       1.131665           2253         0.9941        11881.5          1.796
        5673000       1.131813           2253         0.9941        11885.5          1.802
        5674000       1.131999           2253         0.9941        11890.0          1.738
        5675000       1.132237           2254         0.9941        11893.9          1.746
        5676000       1.132459           2254         0.9941        11897.8          1.735
        5677000       1.132734           2254         0.9941        11902.2          1.673
        5678000       1.132912           2254         0.9941        11906.1          1.702
        5679000       1.133062           2255         0.9941        11911.0          1.690
        5680000       1.133264           2255         0.9941        11915.2          1.714
        5681000       1.133452           2256         0.9941        11921.2          1.747
        5682000       1.133655           2256         0.9941        11924.8          1.753
        5683000       1.133842           2256         0.9941        11929.2          1.838
        5684000       1.134038           2256         0.9941        11933.4          1.761
        5685000       1.134261           2256         0.9941        11938.1          1.744
        5686000       1.134429           2256         0.9941        11943.8          1.731
        5687000       1.134641           2256         0.9941        11948.5          1.645
        5688000       1.134868           2256         0.9941        11951.9          1.676
        5689000       1.135075           2257         0.9941        11956.5          1.613
        5690000       1.135271           2258         0.9941        11960.2          1.664
        5691000       1.135433           2259         0.9941        11964.0          1.690
        5692000       1.135646           2259         0.9941        11968.2          1.672
        5693000       1.135852           2259         0.9941        11972.0          1.656
        5694000       1.136021           2259         0.9941        11975.7          1.674
        5695000       1.136258           2261         0.9941        11979.5          1.722
        5696000       1.136452           2261         0.9941        11983.3          1.719
        5697000       1.136632           2261         0.9941        11986.3          1.779
        5698000       1.136871           2261         0.9941        11990.4          1.777
        5699000       1.137080           2262         0.9941        11993.5          1.791
        5700000       1.137296           2263         0.9941        11998.0          1.783
        5701000       1.137514           2263         0.9941        12001.1          1.765
        5702000       1.137712           2265         0.9941        12004.7          1.753
        5703000       1.137928           2265         0.9941        12007.4          1.764
        5704000       1.138152           2265         0.9941        12012.2          1.766
        5705000       1.138351           2266         0.9941        12016.6          1.769
        5706000       1.138569           2266         0.9941        12020.6          1.749
        5707000       1.138747           2266         0.9941        12024.7          1.773
        5708000       1.138928           2266         0.9941        12028.4          1.698
        5709000       1.139130           2266         0.9941        12031.2          1.721
        5710000       1.139380           2267         0.9941        12035.5          1.764
        5711000       1.139585           2267         0.9941        12039.2          1.822
        5712000       1.139797           2267         0.9941        12043.8          1.797
        5713000       1.139988           2267         0.9941        12048.0          1.819
        5714000       1.140198           2267         0.9941        12052.6          1.819
        5715000       1.140438           2268         0.9941        12056.1          1.819
        5716000       1.140642           2268         0.9941        12060.5          1.813
        5717000       1.140850           2268         0.9941        12064.7          1.799
        5718000       1.141075           2269         0.9941        12069.5          1.807
        5719000       1.141283           2269         0.9941        12074.1          1.773
        5720000       1.141505           2270         0.9941        12078.2          1.714
        5721000       1.141703           2272         0.9941        12082.4          1.702
        5722000       1.141908           2273         0.9941        12087.1          1.678
        5723000       1.142119           2273         0.9941        12091.4          1.679
        5724000       1.142320           2273         0.9941        12094.2          1.665
        5725000       1.142529           2273         0.9941        12098.8          1.653
        5726000       1.142739           2273         0.9941        12102.8          1.687
        5727000       1.142957           2274         0.9941        12107.6          1.638
        5728000       1.143143           2274         0.9941        12111.6          1.637
        5729000       1.143299           2274         0.9941        12115.3          1.663
        5730000       1.143520           2274         0.9941        12119.3          1.657
        5731000       1.143727           2275         0.9941        12123.7          1.986
        5732000       1.143939           2276         0.9941        12127.9          1.898
        5733000       1.144114           2276         0.9941        12132.8          1.875
        5734000       1.144320           2277         0.9941        12137.4          1.918
        5735000       1.144514           2277         0.9941        12140.9          1.900
        5736000       1.144726           2277         0.9941        12144.5          1.851
        5737000       1.144968           2279         0.9941        12148.2          1.853
        5738000       1.145177           2280         0.9941        12152.7          1.851
        5739000       1.145401           2280         0.9941        12157.6          1.821
        5740000       1.145585           2282         0.9941        12162.4          1.825
        5741000       1.145790           2282         0.9941        12166.4          1.825
        5742000       1.145983           2282         0.9941        12170.0          1.823
        5743000       1.146190           2283         0.9941        12174.7          1.846
        5744000       1.146417           2285         0.9941        12178.9          1.866
        5745000       1.146637           2286         0.9941        12184.7          1.826
        5746000       1.146816           2286         0.9941        12189.8          1.849
        5747000       1.147005           2286         0.9941        12194.4          1.828
        5748000       1.147185           2286         0.9941        12200.2          1.792
        5749000       1.147361           2286         0.9941        12205.9          1.824
        5750000       1.147561           2286         0.9941        12209.8          1.866
        5751000       1.147788           2286         0.9941        12213.4          1.881
        5752000       1.147963           2286         0.9941        12218.0          1.891
        5753000       1.148179           2286         0.9941        12221.8          1.894
        5754000       1.148361           2286         0.9941        12225.9          1.895
        5755000       1.148522           2287         0.9941        12229.5          1.924
        5756000       1.148731           2287         0.9941        12234.6          1.938
        5757000       1.148932           2288         0.9941        12239.3          1.895
        5758000       1.149090           2288         0.9941        12243.2          1.893
        5759000       1.149284           2289         0.9941        12247.6          1.950
        5760000       1.149517           2289         0.9941        12253.7          1.893
        5761000       1.149753           2289         0.9940        12259.9          1.883
        5762000       1.149930           2289         0.9940        12265.1          1.888
        5763000       1.150147           2289         0.9940        12268.9          1.882
        5764000       1.150342           2289         0.9940        12272.8          1.884
        5765000       1.150547           2289         0.9940        12279.0          1.864
        5766000       1.150782           2290         0.9940        12283.4          1.848
        5767000       1.150927           2291         0.9940        12287.8          1.879
        5768000       1.151106           2292         0.9940        12293.3          1.850
        5769000       1.151322           2293         0.9940        12297.9          1.888
        5770000       1.151566           2293         0.9940        12303.1          1.878
        5771000       1.151759           2297         0.9940        12307.4          1.975
        5772000       1.151977           2297         0.9940        12311.3          1.823
        5773000       1.152135           2298         0.9940        12316.0          1.762
        5774000       1.152346           2298         0.9940        12320.8          1.824
        5775000       1.152552           2299         0.9940        12325.0          1.850
        5776000       1.152765           2299         0.9940        12329.8          1.864
        5777000       1.153008           2299         0.9940        12335.0          1.775
        5778000       1.153166           2299         0.9940        12339.1          1.764
        5779000       1.153375           2299         0.9940        12344.1          1.754
        5780000       1.153569           2299         0.9940        12349.0          1.818
        5781000       1.153770           2299         0.9940        12353.1          1.874
        5782000       1.154038           2299         0.9940        12357.5          1.847
        5783000       1.154264           2299         0.9940        12362.3          1.851
        5784000       1.154455           2299         0.9940        12368.1          1.873
        5785000       1.154676           2301         0.9940        12372.4          1.884
        5786000       1.154861           2301         0.9940        12375.4          1.967
        5787000       1.155037           2302         0.9940        12381.4          1.869
        5788000       1.155259           2304         0.9940        12385.6          1.871
        5789000       1.155464           2304         0.9940        12390.0          1.879
        5790000       1.155655           2305         0.9940        12394.6          1.866
        5791000       1.155886           2305         0.9940        12399.2          1.819
        5792000       1.156090           2308         0.9940        12403.8          1.823
        5793000       1.156330           2309         0.9940        12407.9          1.872
        5794000       1.156498           2309         0.9940        12412.6          1.879
        5795000       1.156674           2311         0.9940        12416.0          1.853
        5796000       1.156871           2311         0.9940        12420.3          1.812
        5797000       1.157028           2311         0.9940        12426.3          1.753
        5798000       1.157239           2311         0.9940        12431.3          1.790
        5799000       1.157388           2311         0.9940        12435.2          1.815
        5800000       1.157671           2311         0.9940        12440.9          1.813
        5801000       1.157808           2311         0.9940        12445.4          1.801
        5802000       1.158008           2311         0.9940        12450.8          1.841
        5803000       1.158200           2311         0.9940        12454.6          1.953
        5804000       1.158416           2311         0.9940        12458.9          1.841
        5805000       1.158593           2311         0.9940        12463.5          1.841
        5806000       1.158782           2311         0.9940        12468.7          1.844
        5807000       1.158973           2312         0.9940        12473.1          1.839
        5808000       1.159137           2315         0.9940        12477.8          1.850
        5809000       1.159282           2315         0.9940        12482.0          1.817
        5810000       1.159485           2315         0.9940        12485.8          1.839
        5811000       1.159691           2316         0.9940        12490.0          1.806
        5812000       1.159867           2316         0.9940        12494.7          1.724
        5813000       1.160053           2316         0.9940        12499.6          1.778
        5814000       1.160299           2316         0.9940        12503.8          1.787
        5815000       1.160504           2316         0.9940        12509.8          1.774
        5816000       1.160667           2317         0.9940        12514.7          1.770
        5817000       1.160838           2317         0.9940        12518.8          1.776
        5818000       1.161045           2317         0.9940        12524.6          1.828
        5819000       1.161253           2317         0.9940        12529.7          1.841
        5820000       1.161464           2317         0.9940        12535.1          1.861
        5821000       1.161636           2317         0.9940        12540.0          1.871
        5822000       1.161835           2317         0.9940        12545.3          1.847
        5823000       1.162022           2318         0.9940        12549.8          2.047
        5824000       1.162264           2318         0.9940        12555.0          1.900
        5825000       1.162473           2318         0.9940        12559.6          1.882
        5826000       1.162704           2318         0.9940        12564.5          1.868
        5827000       1.162924           2318         0.9940        12568.8          1.848
        5828000       1.163078           2318         0.9940        12572.3          1.849
        5829000       1.163293           2318         0.9940        12577.6          1.803
        5830000       1.163504           2319         0.9940        12583.9          1.775
        5831000       1.163699           2319         0.9940        12587.8          1.789
        5832000       1.163907           2319         0.9940        12592.7          1.795
        5833000       1.164105           2319         0.9940        12597.0          1.757
        5834000       1.164296           2319         0.9940        12602.3          1.769
        5835000       1.164487           2319         0.9940        12607.2          1.929
        5836000       1.164723           2319         0.9940        12611.5          1.849
        5837000       1.164968           2320         0.9940        12616.0          1.837
        5838000       1.165179           2320         0.9940        12621.0          1.842
        5839000       1.165389           2321         0.9940        12626.4          1.942
        5840000       1.165542           2322         0.9940        12630.9          1.821
        5841000       1.165801           2322         0.9940        12635.4          1.852
        5842000       1.165991           2323         0.9940        12640.2          1.868
        5843000       1.166188           2323         0.9940        12645.2          1.900
        5844000       1.166387           2324         0.9940        12649.1          1.899
        5845000       1.166567           2324         0.9940        12654.1          1.805
        5846000       1.166728           2324         0.9940        12657.6          1.761
        5847000       1.166922           2324         0.9940        12662.7          1.751
        5848000       1.167081           2324         0.9940        12667.1          1.775
        5849000       1.167310           2325         0.9940        12673.7          1.771
        5850000       1.167474           2325         0.9940        12677.6          1.772
        5851000       1.167679           2326         0.9940        12681.5          1.754
        5852000       1.167868           2327         0.9940        12685.0          1.773
        5853000       1.168084           2327         0.9940        12689.2          1.761
        5854000       1.168255           2327         0.9940        12692.5          1.770
        5855000       1.168452           2328         0.9940        12696.7          1.790
        5856000       1.168688           2328         0.9940        12700.6          1.749
        5857000       1.168869           2329         0.9940        12705.1          1.809
        5858000       1.169079           2330         0.9940        12709.6          1.819
        5859000       1.169228           2331         0.9940        12712.6          1.905
        5860000       1.169450           2331         0.9940        12717.6          1.829
        5861000       1.169653           2331         0.9940        12722.7          1.854
        5862000       1.169856           2331         0.9940        12727.4          1.813
        5863000       1.170060           2331         0.9940        12731.8          1.767
        5864000       1.170263           2331         0.9940        12736.1          1.720
        5865000       1.170449           2332         0.9940        12740.7          1.725
        5866000       1.170637           2333         0.9940        12744.1          1.720
        5867000       1.170802           2333         0.9940        12748.5          1.721
        5868000       1.170987           2333         0.9940        12752.0          1.789
        5869000       1.171198           2333         0.9940        12756.2          1.748
        5870000       1.171396           2333         0.9940        12760.6          1.889
        5871000       1.171599           2334         0.9940        12765.5          1.827
        5872000       1.171803           2335         0.9940        12769.5          1.820
        5873000       1.172030           2335         0.9940        12773.3          1.842
        5874000       1.172253           2335         0.9940        12778.0          1.872
        5875000       1.172414           2335         0.9940        12782.0          1.864
        5876000       1.172637           2335         0.9940        12786.5          1.780
        5877000       1.172867           2336         0.9940        12791.3          1.969
        5878000       1.173050           2337         0.9940        12796.8          1.992
        5879000       1.173252           2337         0.9940        12801.5          1.909
        5880000       1.173449           2337         0.9940        12805.9          1.910
        5881000       1.173645           2337         0.9940        12810.7          1.912
        5882000       1.173812           2337         0.9940        12816.1          1.895
        5883000       1.173975           2337         0.9940        12821.8          1.963
        5884000       1.174165           2337         0.9940        12827.6          1.896
        5885000       1.174372           2337         0.9940        12832.8          1.835
        5886000       1.174635           2338         0.9940        12837.8          1.868
        5887000       1.174865           2338         0.9940        12842.3          1.858
        5888000       1.175068           2338         0.9940        12846.6          1.816
        5889000       1.175267           2339         0.9940        12850.6          1.869
        5890000       1.175484           2340         0.9940        12855.5          1.916
        5891000       1.175686           2340         0.9940        12859.9          1.895
        5892000       1.175905           2340         0.9940        12864.3          1.913
        5893000       1.176129           2340         0.9940        12867.6          1.862
        5894000       1.176302           2342         0.9940        12870.8          1.821
        5895000       1.176502           2342         0.9940        12874.8          1.810
        5896000       1.176742           2342         0.9939        12879.7          1.820
        5897000       1.176917           2343         0.9939        12883.6          1.857
        5898000       1.177113           2343         0.9939        12887.1          1.837
        5899000       1.177307           2345         0.9939        12891.8          1.859
        5900000       1.177471           2345         0.9939        12895.1          1.768
        5901000       1.177686           2345         0.9939        12900.1          1.786
        5902000       1.177871           2346         0.9939        12904.1          1.778
        5903000       1.178057           2347         0.9939        12908.2          1.805
        5904000       1.178256           2349         0.9939        12913.4          1.806
        5905000       1.178453           2351         0.9939        12917.4          1.806
        5906000       1.178664           2351         0.9939        12921.5          1.838
        5907000       1.178846           2351         0.9939        12925.8          1.844
        5908000       1.179034           2354         0.9939        12930.8          1.873
        5909000       1.179230           2356         0.9939        12935.3          1.839
        5910000       1.179433           2358         0.9939        12940.4          1.861
        5911000       1.179612           2358         0.9939        12944.7          1.764
        5912000       1.179787           2359         0.9939        12949.2          1.820
        5913000       1.180015           2359         0.9939        12953.8          1.842
        5914000       1.180194           2359         0.9939        12959.0          1.790
        5915000       1.180376           2359         0.9939        12964.4          1.833
        5916000       1.180573           2362         0.9939        12969.3          1.785
        5917000       1.180807           2362         0.9939        12973.1          1.795
        5918000       1.180987           2363         0.9939        12977.6          1.791
        5919000       1.181195           2363         0.9939        12982.4          1.809
        5920000       1.181413           2363         0.9939        12988.1          1.815
        5921000       1.181654           2363         0.9939        12993.5          1.832
        5922000       1.181901           2364         0.9939        12998.1          1.816
        5923000       1.182116           2365         0.9939        13003.5          1.771
        5924000       1.182386           2366         0.9939        13010.5          1.741
        5925000       1.182556           2366         0.9939        13016.6          1.804
        5926000       1.182738           2366         0.9939        13020.6          1.792
        5927000       1.182958           2367         0.9939        13024.3          1.736
        5928000       1.183178           2367         0.9939        13028.7          1.783
        5929000       1.183385           2367         0.9939        13033.4          1.788
        5930000       1.183619           2367         0.9939        13038.8          1.798
        5931000       1.183804           2368         0.9939        13043.2          1.839
        5932000       1.183990           2368         0.9939        13047.3          1.834
        5933000       1.184231           2368         0.9939        13052.3          1.814
        5934000       1.184450           2368         0.9939        13056.1          1.813
        5935000       1.184684           2368         0.9939        13060.6          1.775
        5936000       1.184880           2368         0.9939        13064.3          1.711
        5937000       1.185095           2369         0.9939        13068.6          1.781
        5938000       1.185297           2369         0.9939        13072.8          1.890
        5939000       1.185495           2369         0.9939        13077.1          1.868
        5940000       1.185709           2371         0.9939        13081.6          1.906
        5941000       1.185905           2371         0.9939        13085.7          1.927
        5942000       1.186088           2371         0.9939        13089.5          1.902
        5943000       1.186226           2371         0.9939        13092.7          1.908
        5944000       1.186446           2371         0.9939        13097.8          1.917
        5945000       1.186660           2371         0.9939        13102.6          1.929
        5946000       1.186886           2371         0.9939        13107.0          1.929
        5947000       1.187075           2371         0.9939        13112.0          1.889
        5948000       1.187285           2372         0.9939        13116.8          1.912
        5949000       1.187461           2373         0.9939        13121.9          1.961
        5950000       1.187667           2373         0.9939        13126.2          1.993
        5951000       1.187867           2373         0.9939        13131.2          1.978
        5952000       1.188078           2373         0.9939        13135.4          1.971
        5953000       1.188319           2375         0.9939        13139.0          1.949
        5954000       1.188547           2376         0.9939        13143.9          1.981
        5955000       1.188777           2376         0.9939        13149.0          1.990
        5956000       1.188963           2376         0.9939        13154.5          1.798
        5957000       1.189128           2376         0.9939        13159.4          1.815
        5958000       1.189364           2378         0.9939        13165.1          1.807
        5959000       1.189510           2378         0.9939        13170.9          1.790
        5960000       1.189702           2378         0.9939        13174.8          1.737
        5961000       1.189882           2378         0.9939        13180.0          1.769
        5962000       1.190061           2378         0.9939        13184.3          1.756
        5963000       1.190256           2378         0.9939        13189.9          1.776
        5964000       1.190459           2378         0.9939        13195.2          1.781
        5965000       1.190664           2379         0.9939        13199.2          1.732
        5966000       1.190857           2379         0.9939        13203.8          1.764
        5967000       1.191055           2380         0.9939        13209.2          1.869
        5968000       1.191268           2380         0.9939        13214.6          1.887
        5969000       1.191463           2380         0.9939        13219.3          1.819
        5970000       1.191645           2380         0.9939        13224.7          1.821
        5971000       1.191830           2380         0.9939        13229.7          1.796
        5972000       1.192006           2380         0.9939        13235.5          1.794
        5973000       1.192188           2381         0.9939        13240.1          1.798
        5974000       1.192391           2381         0.9939        13244.4          1.800
        5975000       1.192567           2382         0.9939        13247.7          1.781
        5976000       1.192741           2384         0.9939        13251.8          1.712
        5977000       1.192926           2384         0.9939        13256.3          1.710
        5978000       1.193134           2384         0.9939        13261.0          1.789
        5979000       1.193346           2384         0.9939        13266.5          1.838
        5980000       1.193532           2384         0.9939        13271.7          1.822
        5981000       1.193730           2384         0.9939        13276.8          1.817
        5982000       1.193929           2384         0.9939        13281.6          1.810
        5983000       1.194119           2385         0.9939        13287.5          1.830
        5984000       1.194272           2385         0.9939        13291.5          1.788
        5985000       1.194523           2385         0.9939        13296.9          1.872
        5986000       1.194715           2385         0.9939        13302.2          1.877
        5987000       1.194933           2385         0.9939        13307.5          1.853
        5988000       1.195121           2385         0.9939        13311.2          1.865
        5989000       1.195329           2385         0.9939        13316.4          1.802
        5990000       1.195549           2385         0.9939        13323.5          1.833
        5991000       1.195757           2385         0.9939        13329.0          1.881
        5992000       1.195921           2385         0.9939        13334.2          1.803
        5993000       1.196181           2386         0.9939        13339.3          1.851
        5994000       1.196388           2386         0.9939        13344.1          1.877
        5995000       1.196598           2386         0.9939        13350.5          1.857
        5996000       1.196829           2387         0.9939        13355.6          1.832
        5997000       1.197023           2389         0.9939        13360.5          1.867
        5998000       1.197225           2390         0.9939        13366.0          1.862
        5999000       1.197453           2390         0.9939        13371.4          1.858
        6000000       1.197681           2390         0.9938        13376.3          1.790
        6001000       1.197883           2390         0.9938        13381.0          1.791
        6002000       1.198071           2390         0.9938        13387.0          1.807
        6003000       1.198249           2390         0.9938        13391.7          1.832
        6004000       1.198459           2391         0.9938        13396.3          1.866
        6005000       1.198694           2391         0.9938        13400.7          1.888
        6006000       1.198898           2391         0.9938        13405.8          1.904
        6007000       1.199127           2391         0.9938        13410.6          1.911
        6008000       1.199345           2391         0.9938        13415.4          1.890
        6009000       1.199538           2391         0.9938        13421.3          1.894
        6010000       1.199764           2392         0.9938        13427.3          1.869
        6011000       1.199935           2392         0.9938        13431.8          1.884
        6012000       1.200131           2392         0.9938        13436.3          1.843
        6013000       1.200347           2392         0.9938        13442.2          1.895
        6014000       1.200568           2392         0.9938        13447.1          1.907
        6015000       1.200799           2392         0.9938        13451.7          1.916
        6016000       1.201040           2392         0.9938        13456.1          1.937
        6017000       1.201232           2392         0.9938        13460.0          1.943
        6018000       1.201409           2393         0.9938        13464.9          1.922
        6019000       1.201591           2393         0.9938        13469.7          1.914
        6020000       1.201780           2393         0.9938        13475.6          1.911
        6021000       1.201968           2394         0.9938        13481.1          1.921
        6022000       1.202128           2394         0.9938        13488.3          1.966
        6023000       1.202294           2394         0.9938        13491.9          1.968
        6024000       1.202454           2395         0.9938        13498.2          1.971
        6025000       1.202623           2395         0.9938        13503.6          1.938
        6026000       1.202844           2395         0.9938        13509.3          1.923
        6027000       1.203054           2395         0.9938        13514.8          1.922
        6028000       1.203184           2395         0.9938        13519.7          1.890
        6029000       1.203454           2395         0.9938        13525.5          1.950
        6030000       1.203652           2395         0.9938        13530.8          1.935
        6031000       1.203873           2396         0.9938        13536.4          1.927
        6032000       1.204062           2396         0.9938        13540.9          1.926
        6033000       1.204285           2396         0.9938        13546.4          1.919
        6034000       1.204455           2396         0.9938        13551.2          1.909
        6035000       1.204682           2398         0.9938        13555.8          1.895
        6036000       1.204892           2399         0.9938        13561.4          1.887
        6037000       1.205096           2400         0.9938        13567.2          1.937
        6038000       1.205275           2400         0.9938        13572.3          1.942
        6039000       1.205508           2400         0.9938        13577.8          1.949
        6040000       1.205728           2400         0.9938        13581.8          1.934
        6041000       1.205924           2400         0.9938        13587.2          1.895
        6042000       1.206123           2401         0.9938        13592.3          1.893
        6043000       1.206308           2402         0.9938        13597.0          1.892
        6044000       1.206477           2402         0.9938        13602.7          1.893
        6045000       1.206675           2402         0.9938        13608.2          1.918
        6046000       1.206858           2402         0.9938        13613.5          1.922
        6047000       1.207076           2403         0.9938        13619.2          1.878
        6048000       1.207285           2405         0.9938        13624.1          1.881
        6049000       1.207512           2405         0.9938        13628.9          1.939
        6050000       1.207700           2405         0.9938        13632.9          1.932
        6051000       1.207909           2405         0.9938        13637.3          1.933
        6052000       1.208100           2405         0.9938        13643.0          1.943
        6053000       1.208249           2406         0.9938        13648.3          1.941
        6054000       1.208423           2406         0.9938        13652.5          1.945
        6055000       1.208644           2407         0.9938        13657.7          1.892
        6056000       1.208828           2407         0.9938        13662.7          1.910
        6057000       1.209003           2407         0.9938        13669.6          1.899
        6058000       1.209203           2408         0.9938        13676.1          1.871
        6059000       1.209423           2409         0.9938        13680.6          1.910
        6060000       1.209602           2409         0.9938        13686.2          1.906
        6061000       1.209760           2410         0.9938        13691.2          1.950
        6062000       1.209927           2412         0.9938        13695.1          1.977
        6063000       1.210180           2412         0.9938        13699.9          2.002
        6064000       1.210446           2414         0.9938        13705.3          2.010
        6065000       1.210629           2415         0.9938        13710.2          1.994
        6066000       1.210809           2416         0.9938        13715.1          1.929
        6067000       1.211034           2416         0.9938        13719.8          1.895
        6068000       1.211245           2416         0.9938        13724.9          1.885
        6069000       1.211450           2416         0.9938        13732.1          2.010
        6070000       1.211692           2416         0.9938        13737.9          1.893
        6071000       1.211895           2418         0.9938        13743.2          1.973
        6072000       1.212082           2418         0.9938        13748.0          1.961
        6073000       1.212304           2418         0.9938        13754.9          1.990
        6074000       1.212469           2418         0.9938        13760.2          1.883
        6075000       1.212666           2418         0.9938        13765.1          1.917
        6076000       1.212876           2418         0.9938        13770.7          1.894
        6077000       1.213014           2419         0.9938        13777.9          1.886
        6078000       1.213159           2419         0.9938        13782.4          1.901
        6079000       1.213366           2419         0.9938        13785.9          1.889
        6080000       1.213547           2420         0.9938        13793.5          1.991
        6081000       1.213774           2420         0.9938        13801.1          1.925
        6082000       1.214012           2420         0.9938        13806.0          1.941
        6083000       1.214216           2420         0.9938        13811.3          2.012
        6084000       1.214398           2421         0.9938        13817.6          1.882
        6085000       1.214606           2421         0.9938        13825.2          1.925
        6086000       1.214776           2421         0.9938        13830.5          1.926
        6087000       1.214930           2423         0.9938        13835.2          1.954
        6088000       1.215092           2423         0.9938        13840.4          1.948
        6089000       1.215287           2423         0.9938        13845.0          1.935
        6090000       1.215523           2424         0.9938        13851.3          1.957
        6091000       1.215709           2424         0.9938        13856.8          1.959
        6092000       1.215886           2425         0.9938        13862.4          1.947
        6093000       1.216059           2425         0.9938        13868.9          1.916
        6094000       1.216277           2427         0.9938        13873.6          1.920
        6095000       1.216508           2428         0.9938        13878.5          1.932
        6096000       1.216728           2429         0.9938        13884.5          1.919
        6097000       1.216963           2429         0.9938        13889.8          1.909
        6098000       1.217145           2429         0.9938        13895.6          2.031
        6099000       1.217342           2429         0.9938        13901.3          1.919
        6100000       1.217537           2429         0.9938        13906.5          1.884
        6101000       1.217713           2430         0.9938        13912.2          1.925
        6102000       1.217958           2430         0.9938        13917.8          1.922
        6103000       1.218149           2430         0.9938        13924.6          1.865
        6104000       1.218388           2432         0.9938        13930.5          1.886
        6105000       1.218622           2432         0.9938        13935.1          1.904
        6106000       1.218859           2432         0.9938        13940.7          1.951
        6107000       1.219063           2433         0.9938        13946.8          1.983
        6108000       1.219274           2434         0.9938        13952.0          1.958
        6109000       1.219494           2434         0.9938        13956.4          1.948
        6110000       1.219659           2434         0.9938        13961.7          1.935
        6111000       1.219870           2434         0.9937        13966.7          1.899
        6112000       1.220040           2434         0.9937        13970.5          1.909
        6113000       1.220224           2434         0.9937        13975.4          1.951
        6114000       1.220451           2434         0.9937        13981.2          1.904
        6115000       1.220676           2435         0.9937        13985.6          1.784
        6116000       1.220880           2435         0.9937        13990.9          1.807
        6117000       1.221069           2435         0.9937        13996.0          1.818
        6118000       1.221310           2435         0.9937        14001.4          1.918
        6119000       1.221496           2435         0.9937        14005.8          1.933
        6120000       1.221690           2435         0.9937        14009.6          1.948
        6121000       1.221910           2435         0.9937        14014.3          2.013
        6122000       1.222077           2436         0.9937        14018.5          1.952
        6123000       1.222278           2436         0.9937        14023.8          1.958
        6124000       1.222448           2436         0.9937        14029.1          1.962
        6125000       1.222611           2436         0.9937        14034.1          1.953
        6126000       1.222780           2436         0.9937        14038.8          1.895
        6127000       1.222968           2436         0.9937        14043.5          1.926
        6128000       1.223216           2436         0.9937        14048.5          1.902
        6129000       1.223384           2436         0.9937        14055.3          1.860
        6130000       1.223579           2436         0.9937        14059.8          1.858
        6131000       1.223785           2437         0.9937        14064.2          1.886
        6132000       1.224006           2437         0.9937        14069.4          1.949
        6133000       1.224180           2439         0.9937        14074.6          1.958
        6134000       1.224389           2439         0.9937        14079.6          1.879
        6135000       1.224619           2440         0.9937        14085.5          1.876
        6136000       1.224824           2442         0.9937        14090.9          1.888
        6137000       1.224989           2443         0.9937        14097.1          1.895
        6138000       1.225202           2443         0.9937        14102.6          1.934
        6139000       1.225386           2443         0.9937        14106.5          1.938
        6140000       1.225533           2444         0.9937        14110.0          1.909
        6141000       1.225746           2444         0.9937        14113.6          1.860
        6142000       1.225970           2444         0.9937        14119.3          1.800
        6143000       1.226180           2444         0.9937        14124.8          1.809
        6144000       1.226374           2444         0.9937        14129.2          1.793
        6145000       1.226587           2446         0.9937        14133.7          1.874
        6146000       1.226782           2447         0.9937        14138.8          1.754
        6147000       1.226977           2449         0.9937        14143.2          1.770
        6148000       1.227198           2449         0.9937        14147.0          1.794
        6149000       1.227462           2449         0.9937        14151.5          1.717
        6150000       1.227648           2449         0.9937        14156.2          1.774
        6151000       1.227872           2449         0.9937        14160.8          1.823
        6152000       1.228149           2451         0.9937        14165.8          1.793
        6153000       1.228370           2451         0.9937        14170.8          1.786
        6154000       1.228594           2451         0.9937        14174.3          1.745
        6155000       1.228824           2451         0.9937        14178.6          1.772
        6156000       1.229041           2452         0.9937        14182.9          1.779
        6157000       1.229215           2452         0.9937        14187.8          1.835
        6158000       1.229399           2452         0.9937        14194.0          1.899
        6159000       1.229586           2453         0.9937        14198.4          1.889
        6160000       1.229784           2453         0.9937        14203.7          1.932
        6161000       1.229977           2453         0.9937        14207.7          1.958
        6162000       1.230180           2455         0.9937        14213.0          1.958
        6163000       1.230386           2456         0.9937        14218.6          1.934
        6164000       1.230584           2456         0.9937        14222.7          1.929
        6165000       1.230817           2457         0.9937        14229.0          1.944
        6166000       1.231032           2458         0.9937        14233.4          1.938
        6167000       1.231247           2458         0.9937        14236.5          1.935
        6168000       1.231458           2460         0.9937        14241.0          1.937
        6169000       1.231670           2461         0.9937        14246.3          1.888
        6170000       1.231860           2461         0.9937        14250.9          1.889
        6171000       1.232087           2461         0.9937        14256.4          1.924
        6172000       1.232292           2461         0.9937        14262.8          1.930
        6173000       1.232491           2462         0.9937        14268.3          1.890
        6174000       1.232663           2463         0.9937        14273.4          1.917
        6175000       1.232874           2465         0.9937        14278.3          1.941
        6176000       1.233100           2466         0.9937        14283.7          1.949
        6177000       1.233333           2468         0.9937        14289.0          1.947
        6178000       1.233525           2468         0.9937        14295.3          2.052
        6179000       1.233698           2470         0.9937        14300.1          2.001
        6180000       1.233839           2470         0.9937        14305.7          1.971
        6181000       1.234035           2471         0.9937        14310.5          1.966
        6182000       1.234284           2472         0.9937        14315.5          2.010
        6183000       1.234428           2472         0.9937        14322.0          1.945
        6184000       1.234628           2472         0.9937        14328.0          1.991
        6185000       1.234829           2472         0.9937        14332.9          2.029
        6186000       1.235046           2472         0.9937        14338.3          1.971
        6187000       1.235251           2472         0.9937        14343.1          2.038
        6188000       1.235463           2472         0.9937        14348.7          2.039
        6189000       1.235662           2472         0.9937        14354.7          2.009
        6190000       1.235877           2472         0.9937        14360.4          2.005
        6191000       1.236066           2474         0.9937        14365.5          1.937
        6192000       1.236234           2474         0.9937        14370.5          1.893
        6193000       1.236374           2475         0.9937        14375.9          1.888
        6194000       1.236548           2477         0.9937        14380.2          1.857
        6195000       1.236717           2480         0.9937        14385.4          1.872
        6196000       1.236929           2480         0.9937        14392.2          1.848
        6197000       1.237102           2480         0.9937        14396.8          1.886
        6198000       1.237345           2482         0.9937        14402.4          1.825
        6199000       1.237576           2483         0.9937        14406.9          1.835
        6200000       1.237829           2483         0.9937        14412.6          1.884
        6201000       1.238024           2483         0.9937        14419.1          2.009
        6202000       1.238223           2483         0.9937        14424.4          1.906
        6203000       1.238373           2483         0.9937        14429.3          1.807
        6204000       1.238584           2483         0.9937        14434.5          1.852
        6205000       1.238792           2484         0.9937        14439.5          1.776
        6206000       1.239034           2485         0.9937        14445.6          1.846
        6207000       1.239259           2486         0.9937        14451.2          1.916
        6208000       1.239424           2486         0.9937        14456.0          1.903
        6209000       1.239597           2486         0.9937        14461.0          1.859
        6210000       1.239810           2488         0.9937        14465.5          1.833
        6211000       1.240033           2489         0.9937        14471.0          1.856
        6212000       1.240200           2489         0.9937        14476.3          1.861
        6213000       1.240398           2489         0.9937        14482.0          1.865
        6214000       1.240588           2489         0.9937        14488.6          1.846
        6215000       1.240821           2489         0.9937        14494.9          1.844
        6216000       1.241037           2490         0.9937        14500.8          1.825
        6217000       1.241224           2490         0.9937        14505.7          1.818
        6218000       1.241434           2491         0.9937        14512.3          1.762
        6219000       1.241657           2493         0.9937        14517.4          1.854
        6220000       1.241927           2493         0.9937        14523.0          1.821
        6221000       1.242149           2494         0.9937        14528.8          1.785
        6222000       1.242350           2495         0.9937        14534.1          1.839
        6223000       1.242525           2496         0.9937        14539.5          1.876
        6224000       1.242689           2497         0.9937        14544.9          1.847
        6225000       1.242898           2497         0.9937        14550.7          1.863
        6226000       1.243158           2498         0.9937        14557.0          1.875
        6227000       1.243372           2498         0.9937        14562.9          1.849
        6228000       1.243589           2500         0.9937        14568.1          1.801
        6229000       1.243803           2500         0.9937        14574.2          1.772
        6230000       1.244007           2501         0.9937        14579.6          1.756
        6231000       1.244141           2503         0.9937        14585.1          1.708
        6232000       1.244356           2504         0.9937        14589.8          1.742
        6233000       1.244582           2504         0.9937        14597.4          1.739
        6234000       1.244754           2505         0.9937        14601.4          1.707
        6235000       1.244991           2505         0.9937        14607.0          1.748
        6236000       1.245209           2506         0.9937        14613.3          1.748
        6237000       1.245405           2506         0.9937        14617.6          1.852
        6238000       1.245588           2507         0.9937        14624.3          1.886
        6239000       1.245796           2507         0.9937        14629.6          1.869
        6240000       1.245993           2507         0.9937        14635.1          1.871
        6241000       1.246235           2507         0.9937        14640.0          1.873
        6242000       1.246460           2508         0.9937        14645.8          1.830
        6243000       1.246635           2508         0.9937        14651.7          1.776
        6244000       1.246846           2508         0.9937        14657.4          1.770
        6245000       1.247070           2508         0.9937        14663.8          1.808
        6246000       1.247262           2508         0.9937        14670.0          1.763
        6247000       1.247488           2508         0.9937        14675.4          1.724
        6248000       1.247679           2508         0.9937        14681.3          1.759
        6249000       1.247856           2508         0.9937        14687.7          1.748
        6250000       1.248083           2508         0.9937        14693.0          1.752
        6251000       1.248279           2508         0.9937        14699.1          1.873
        6252000       1.248484           2509         0.9937        14704.8          1.940
        6253000       1.248699           2511         0.9937        14709.9          1.850
        6254000       1.248893           2513         0.9937        14715.0          1.875
        6255000       1.249048           2513         0.9937        14719.8          1.876
        6256000       1.249215           2513         0.9937        14726.2          1.856
        6257000       1.249377           2514         0.9937        14730.9          1.877
        6258000       1.249594           2514         0.9937        14736.1          1.929
        6259000       1.249808           2515         0.9937        14741.6          1.842
        6260000       1.250049           2515         0.9937        14747.9          1.827
        6261000       1.250225           2517         0.9937        14752.5          1.797
        6262000       1.250407           2517         0.9937        14758.2          1.911
        6263000       1.250661           2518         0.9937        14763.7          1.930
        6264000       1.250838           2518         0.9937        14769.8          1.902
        6265000       1.251050           2518         0.9937        14776.0          1.842
        6266000       1.251247           2518         0.9937        14781.5          1.916
        6267000       1.251489           2518         0.9937        14787.4          1.837
        6268000       1.251707           2520         0.9937        14793.3          1.857
        6269000       1.251939           2520         0.9937        14798.2          1.889
        6270000       1.252144           2520         0.9936        14803.2          1.951
        6271000       1.252329           2520         0.9936        14808.8          1.934
        6272000       1.252538           2520         0.9936        14813.7          1.956
        6273000       1.252769           2521         0.9936        14819.8          1.951
        6274000       1.252940           2522         0.9936        14824.7          1.952
        6275000       1.253118           2522         0.9936        14829.0          1.930
        6276000       1.253343           2522         0.9936        14833.2          1.910
        6277000       1.253563           2522         0.9936        14837.6          1.869
        6278000       1.253769           2523         0.9936        14842.2          1.894
        6279000       1.253987           2523         0.9936        14848.4          1.865
        6280000       1.254214           2525         0.9936        14853.2          1.877
        6281000       1.254449           2525         0.9936        14857.8          1.850
        6282000       1.254676           2527         0.9936        14863.5          1.887
        6283000       1.254894           2528         0.9936        14868.1          1.895
        6284000       1.255087           2528         0.9936        14873.2          1.865
        6285000       1.255296           2529         0.9936        14879.6          1.872
        6286000       1.255480           2529         0.9936        14884.9          1.886
        6287000       1.255636           2530         0.9936        14890.3          1.859
        6288000       1.255811           2530         0.9936        14895.7          1.897
        6289000       1.256000           2530         0.9936        14900.8          1.875
        6290000       1.256207           2530         0.9936        14905.7          1.808
        6291000       1.256386           2531         0.9936        14910.8          1.755
        6292000       1.256588           2531         0.9936        14916.5          1.845
        6293000       1.256792           2531         0.9936        14921.1          1.801
        6294000       1.256999           2531         0.9936        14927.0          1.781
        6295000       1.257213           2531         0.9936        14932.1          1.823
        6296000       1.257411           2532         0.9936        14938.3          1.766
        6297000       1.257625           2533         0.9936        14943.9          1.822
        6298000       1.257830           2534         0.9936        14949.2          1.829
        6299000       1.258019           2535         0.9936        14954.6          1.816
        6300000       1.258197           2535         0.9936        14960.4          1.939
        6301000       1.258358           2536         0.9936        14965.6          1.936
        6302000       1.258563           2538         0.9936        14971.8          1.967
        6303000       1.258770           2538         0.9936        14976.2          1.974
        6304000       1.258948           2539         0.9936        14982.6          1.916
        6305000       1.259101           2540         0.9936        14989.1          1.871
        6306000       1.259285           2540         0.9936        14993.3          1.866
        6307000       1.259518           2541         0.9936        14999.3          1.863
        6308000       1.259756           2541         0.9936        15004.9          1.865
        6309000       1.259916           2541         0.9936        15009.7          1.870
        6310000       1.260145           2542         0.9936        15015.6          1.874
        6311000       1.260337           2542         0.9936        15020.2          1.889
        6312000       1.260550           2543         0.9936        15026.1          1.936
        6313000       1.260768           2543         0.9936        15032.7          1.933
        6314000       1.260969           2545         0.9936        15037.3          1.932
        6315000       1.261195           2546         0.9936        15043.7          1.933
        6316000       1.261390           2546         0.9936        15050.8          1.941
        6317000       1.261641           2549         0.9936        15055.8          1.944
        6318000       1.261866           2549         0.9936        15061.5          1.907
        6319000       1.262053           2549         0.9936        15066.9          2.053
        6320000       1.262265           2549         0.9936        15072.8          1.939
        6321000       1.262479           2549         0.9936        15079.2          1.940
        6322000       1.262682           2550         0.9936        15087.4          1.853
        6323000       1.262930           2550         0.9936        15093.7          1.868
        6324000       1.263130           2550         0.9936        15099.9          1.882
        6325000       1.263338           2551         0.9936        15105.2          1.861
        6326000       1.263564           2551         0.9936        15110.9          1.893
        6327000       1.263814           2552         0.9936        15117.9          1.857
        6328000       1.263978           2553         0.9936        15123.1          1.992
        6329000       1.264128           2554         0.9936        15129.0          1.941
        6330000       1.264329           2554         0.9936        15134.0          1.937
        6331000       1.264550           2554         0.9936        15138.1          1.868
        6332000       1.264761           2554         0.9936        15143.7          1.814
        6333000       1.264887           2555         0.9936        15148.9          1.814
        6334000       1.265084           2555         0.9936        15154.3          1.812
        6335000       1.265328           2555         0.9936        15160.3          1.828
        6336000       1.265479           2555         0.9936        15165.7          1.881
        6337000       1.265679           2556         0.9936        15171.7          1.915
        6338000       1.265900           2556         0.9936        15177.7          1.869
        6339000       1.266095           2556         0.9936        15182.6          1.872
        6340000       1.266277           2557         0.9936        15187.7          1.884
        6341000       1.266420           2558         0.9936        15193.0          1.995
        6342000       1.266670           2558         0.9936        15199.2          1.910
        6343000       1.266840           2558         0.9936        15205.1          1.914
        6344000       1.267078           2559         0.9936        15209.9          1.905
        6345000       1.267285           2559         0.9936        15215.7          1.909
        6346000       1.267524           2560         0.9936        15223.0          1.914
        6347000       1.267734           2560         0.9936        15228.7          1.968
        6348000       1.267969           2560         0.9936        15235.0          1.962
        6349000       1.268181           2560         0.9936        15240.7          1.878
        6350000       1.268346           2560         0.9936        15245.6          1.813
        6351000       1.268539           2560         0.9936        15251.7          1.811
        6352000       1.268680           2561         0.9936        15257.3          1.788
        6353000       1.268870           2563         0.9936        15264.4          1.837
        6354000       1.269090           2564         0.9936        15269.5          1.841
        6355000       1.269303           2565         0.9936        15275.8          1.857
        6356000       1.269488           2565         0.9936        15281.2          1.860
        6357000       1.269671           2565         0.9936        15285.8          1.855
        6358000       1.269873           2566         0.9936        15291.8          1.913
        6359000       1.270095           2566         0.9936        15298.8          1.898
        6360000       1.270335           2566         0.9936        15304.7          1.898
        6361000       1.270553           2567         0.9936        15310.7          1.858
        6362000       1.270763           2568         0.9936        15316.8          1.841
        6363000       1.270973           2569         0.9936        15323.0          1.854
        6364000       1.271172           2570         0.9936        15328.9          1.910
        6365000       1.271369           2571         0.9936        15333.9          1.908
        6366000       1.271554           2571         0.9936        15339.1          1.905
        6367000       1.271785           2571         0.9936        15347.4          1.845
        6368000       1.272014           2571         0.9936        15353.5          1.857
        6369000       1.272225           2571         0.9936        15358.9          1.801
        6370000       1.272423           2571         0.9936        15364.5          1.813
        6371000       1.272581           2571         0.9936        15371.0          1.913
        6372000       1.272770           2571         0.9936        15376.9          1.796
        6373000       1.272963           2571         0.9936        15382.2          1.794
        6374000       1.273202           2572         0.9936        15387.4          1.884
        6375000       1.273420           2572         0.9936        15392.3          1.903
        6376000       1.273618           2572         0.9936        15396.8          1.872
        6377000       1.273821           2572         0.9936        15401.5          1.887
        6378000       1.274028           2573         0.9936        15407.2          1.896
        6379000       1.274205           2573         0.9936        15412.4          1.916
        6380000       1.274406           2574         0.9936        15417.2          1.869
        6381000       1.274595           2575         0.9936        15423.5          1.885
        6382000       1.274776           2577         0.9936        15430.2          1.858
        6383000       1.275019           2577         0.9936        15436.7          1.874
        6384000       1.275210           2577         0.9936        15443.4          1.943
        6385000       1.275416           2577         0.9936        15448.7          1.944
        6386000       1.275616           2577         0.9936        15452.8          1.897
        6387000       1.275849           2578         0.9936        15457.6          1.905
        6388000       1.276023           2578         0.9936        15463.4          1.860
        6389000       1.276227           2578         0.9936        15469.8          1.799
        6390000       1.276464           2579         0.9936        15475.4          1.864
        6391000       1.276691           2579         0.9936        15481.7          1.863
        6392000       1.276863           2580         0.9936        15487.1          1.980
        6393000       1.277036           2580         0.9936        15492.7          1.928
        6394000       1.277242           2581         0.9936        15499.8          1.864
        6395000       1.277460           2581         0.9936        15504.4          1.842
        6396000       1.277657           2581         0.9936        15509.9          1.840
        6397000       1.277830           2581         0.9936        15515.0          1.773
        6398000       1.278051           2581         0.9936        15520.4          1.853
        6399000       1.278237           2581         0.9936        15526.1          1.777
        6400000       1.278464           2581         0.9936        15531.7          1.826
        6401000       1.278648           2581         0.9936        15537.5          1.835
        6402000       1.278867           2581         0.9936        15543.5          1.853
        6403000       1.279105           2581         0.9936        15549.7          1.858
        6404000       1.279269           2581         0.9936        15554.5          1.910
        6405000       1.279440           2582         0.9936        15559.7          1.915
        6406000       1.279658           2584         0.9936        15564.5          1.910
        6407000       1.279836           2586         0.9936        15568.9          1.805
        6408000       1.280048           2586         0.9936        15575.6          1.827
        6409000       1.280259           2587         0.9936        15581.3          1.832
        6410000       1.280470           2587         0.9936        15586.6          1.844
        6411000       1.280660           2587         0.9936        15593.6          1.824
        6412000       1.280827           2587         0.9936        15598.8          1.808
        6413000       1.281034           2588         0.9936        15605.1          1.876
        6414000       1.281251           2589         0.9936        15611.4          1.935
        6415000       1.281451           2589         0.9936        15616.6          1.921
        6416000       1.281640           2589         0.9936        15622.3          1.979
        6417000       1.281831           2589         0.9936        15629.9          1.961
        6418000       1.282027           2589         0.9936        15636.2          1.993
        6419000       1.282237           2589         0.9936        15641.9          1.927
        6420000       1.282414           2590         0.9936        15647.1          1.917
        6421000       1.282637           2590         0.9936        15654.8          1.952
        6422000       1.282825           2590         0.9936        15661.4          2.005
        6423000       1.283013           2590         0.9936        15668.5          1.965
        6424000       1.283263           2590         0.9936        15675.6          2.009
        6425000       1.283429           2590         0.9936        15681.2          1.983
        6426000       1.283631           2591         0.9936        15686.9          1.980
        6427000       1.283810           2591         0.9936        15692.5          1.870
        6428000       1.284067           2591         0.9936        15698.1          1.892
        6429000       1.284238           2591         0.9936        15705.8          1.849
        6430000       1.284437           2592         0.9936        15712.4          1.838
        6431000       1.284637           2593         0.9936        15719.6          1.904
        6432000       1.284853           2594         0.9936        15724.5          1.870
        6433000       1.285065           2594         0.9936        15730.3          1.836
        6434000       1.285268           2594         0.9936        15735.8          1.867
        6435000       1.285473           2594         0.9936        15739.6          1.906
        6436000       1.285652           2594         0.9936        15746.6          1.912
        6437000       1.285870           2594         0.9936        15751.7          1.910
        6438000       1.286095           2594         0.9936        15758.5          1.904
        6439000       1.286285           2594         0.9936        15765.1          1.899
        6440000       1.286483           2594         0.9936        15770.3          1.900
        6441000       1.286653           2595         0.9936        15775.6          1.902
        6442000       1.286859           2596         0.9936        15781.8          1.987
        6443000       1.287065           2597         0.9936        15786.1          1.931
        6444000       1.287322           2597         0.9936        15793.2          1.961
        6445000       1.287545           2597         0.9936        15798.7          1.940
        6446000       1.287739           2597         0.9936        15805.7          1.935
        6447000       1.287933           2599         0.9936        15810.2          1.938
        6448000       1.288117           2599         0.9936        15816.2          1.930
        6449000       1.288335           2599         0.9936        15822.5          1.881
        6450000       1.288506           2599         0.9936        15826.9          1.885
        6451000       1.288742           2599         0.9936        15833.0          1.893
        6452000       1.288917           2600         0.9936        15840.0          1.907
        6453000       1.289109           2600         0.9936        15845.8          1.907
        6454000       1.289350           2600         0.9935        15852.0          1.917
        6455000       1.289541           2601         0.9935        15857.5          1.956
        6456000       1.289731           2602         0.9935        15864.2          1.956
        6457000       1.289937           2603         0.9935        15870.1          1.965
        6458000       1.290147           2603         0.9935        15875.5          1.945
        6459000       1.290394           2603         0.9935        15882.1          1.910
        6460000       1.290623           2603         0.9935        15889.1          2.011
        6461000       1.290814           2603         0.9935        15894.8          1.911
        6462000       1.290995           2603         0.9935        15900.2          1.914
        6463000       1.291198           2603         0.9935        15906.5          1.913
        6464000       1.291428           2606         0.9935        15914.3          1.919
        6465000       1.291650           2606         0.9935        15919.1          1.902
        6466000       1.291829           2606         0.9935        15925.8          1.873
        6467000       1.292072           2606         0.9935        15931.3          1.906
        6468000       1.292265           2606         0.9935        15937.3          1.935
        6469000       1.292510           2606         0.9935        15943.8          1.911
        6470000       1.292695           2607         0.9935        15949.2          1.939
        6471000       1.292876           2607         0.9935        15954.1          1.976
        6472000       1.293080           2608         0.9935        15959.9          1.969
        6473000       1.293277           2608         0.9935        15965.0          1.968
        6474000       1.293489           2608         0.9935        15971.9          1.902
        6475000       1.293700           2610         0.9935        15977.8          1.928
        6476000       1.293906           2610         0.9935        15983.7          1.926
        6477000       1.294057           2611         0.9935        15989.4          1.834
        6478000       1.294234           2611         0.9935        15996.5          1.930
        6479000       1.294438           2611         0.9935        16001.7          1.955
        6480000       1.294655           2612         0.9935        16008.4          1.943
        6481000       1.294862           2613         0.9935        16013.4          1.901
        6482000       1.295039           2613         0.9935        16018.5          1.895
        6483000       1.295217           2614         0.9935        16022.8          1.880
        6484000       1.295409           2614         0.9935        16028.9          1.779
        6485000       1.295626           2614         0.9935        16033.6          1.874
        6486000       1.295804           2614         0.9935        16038.3          1.848
        6487000       1.296031           2614         0.9935        16043.0          1.862
        6488000       1.296247           2615         0.9935        16050.1          1.888
        6489000       1.296432           2615         0.9935        16057.3          1.895
        6490000       1.296681           2615         0.9935        16062.5          1.859
        6491000       1.296921           2616         0.9935        16068.7          1.945
        6492000       1.297148           2616         0.9935        16075.1          1.912
        6493000       1.297351           2617         0.9935        16080.9          1.896
        6494000       1.297546           2617         0.9935        16087.8          1.942
        6495000       1.297725           2617         0.9935        16093.0          1.936
        6496000       1.297897           2618         0.9935        16098.7          1.954
        6497000       1.298108           2618         0.9935        16105.3          1.906
        6498000       1.298309           2618         0.9935        16110.7          1.921
        6499000       1.298514           2618         0.9935        16118.0          1.904
        6500000       1.298750           2618         0.9935        16124.3          1.860
        6501000       1.298970           2618         0.9935        16130.8          1.945
        6502000       1.299164           2618         0.9935        16136.9          1.955
        6503000       1.299393           2618         0.9935        16142.8          1.959
        6504000       1.299616           2618         0.9935        16148.8          2.082
        6505000       1.299795           2619         0.9935        16154.7          1.860
        6506000       1.300005           2622         0.9935        16159.9          1.826
        6507000       1.300224           2623         0.9935        16166.0          1.839
        6508000       1.300407           2623         0.9935        16170.6          1.853
        6509000       1.300644           2623         0.9935        16176.7          1.784
        6510000       1.300836           2623         0.9935        16181.6          1.825
        6511000       1.301021           2623         0.9935        16188.0          1.912
        6512000       1.301226           2623         0.9935        16193.4          1.857
        6513000       1.301430           2623         0.9935        16199.2          1.851
        6514000       1.301604           2624         0.9935        16204.8          1.861
        6515000       1.301792           2624         0.9935        16211.6          1.819
        6516000       1.302041           2625         0.9935        16216.2          1.845
        6517000       1.302260           2625         0.9935        16221.2          1.867
        6518000       1.302488           2626         0.9935        16226.3          1.893
        6519000       1.302704           2626         0.9935        16231.6          1.934
        6520000       1.302932           2626         0.9935        16236.6          2.055
        6521000       1.303130           2626         0.9935        16243.0          1.890
        6522000       1.303281           2626         0.9935        16248.7          1.863
        6523000       1.303478           2626         0.9935        16254.0          1.907
        6524000       1.303669           2627         0.9935        16260.5          1.884
        6525000       1.303891           2627         0.9935        16266.3          1.956
        6526000       1.304098           2627         0.9935        16272.8          1.881
        6527000       1.304288           2628         0.9935        16279.0          1.910
        6528000       1.304489           2628         0.9935        16286.1          1.918
        6529000       1.304660           2629         0.9935        16291.3          1.923
        6530000       1.304848           2630         0.9935        16296.5          1.910
        6531000       1.304992           2630         0.9935        16302.1          1.909
        6532000       1.305231           2630         0.9935        16309.7          1.961
        6533000       1.305446           2630         0.9935        16315.4          1.981
        6534000       1.305651           2630         0.9935        16322.8          1.974
        6535000       1.305873           2631         0.9935        16329.4          1.936
        6536000       1.306080           2631         0.9935        16335.0          1.915
        6537000       1.306239           2631         0.9935        16340.7          1.896
        6538000       1.306437           2631         0.9935        16346.7          1.926
        6539000       1.306673           2631         0.9935        16353.2          1.930
        6540000       1.306790           2632         0.9935        16358.4          1.906
        6541000       1.306974           2632         0.9935        16364.4          1.924
        6542000       1.307162           2632         0.9935        16369.8          1.927
        6543000       1.307356           2633         0.9935        16374.9          1.911
        6544000       1.307548           2634         0.9935        16380.6          1.908
        6545000       1.307717           2635         0.9935        16387.2          1.909
        6546000       1.307923           2635         0.9935        16394.0          1.937
        6547000       1.308123           2635         0.9935        16399.6          1.917
        6548000       1.308314           2636         0.9935        16404.4          1.931
        6549000       1.308482           2637         0.9935        16409.4          1.964
        6550000       1.308628           2637         0.9935        16416.4          1.920
        6551000       1.308852           2639         0.9935        16422.1          1.966
        6552000       1.309026           2640         0.9935        16427.7          2.069
        6553000       1.309265           2640         0.9935        16433.9          2.088
        6554000       1.309464           2641         0.9935        16439.5          2.082
        6555000       1.309648           2641         0.9935        16446.1          2.060
        6556000       1.309823           2641         0.9935        16450.4          2.087
        6557000       1.310014           2642         0.9935        16456.5          2.058
        6558000       1.310246           2644         0.9935        16462.3          2.027
        6559000       1.310434           2646         0.9935        16467.2          2.036
        6560000       1.310670           2647         0.9935        16473.1          2.032
        6561000       1.310883           2648         0.9935        16478.7          2.024
        6562000       1.311079           2649         0.9935        16484.2          2.015
        6563000       1.311261           2649         0.9935        16489.3          2.032
        6564000       1.311457           2650         0.9935        16495.9          2.117
        6565000       1.311629           2650         0.9935        16501.3          1.953
        6566000       1.311779           2650         0.9935        16507.8          1.953
        6567000       1.311975           2650         0.9935        16514.4          1.998
        6568000       1.312170           2650         0.9935        16520.1          1.972
        6569000       1.312341           2650         0.9935        16526.8          1.988
        6570000       1.312574           2650         0.9935        16532.6          2.002
        6571000       1.312786           2650         0.9935        16539.5          2.012
        6572000       1.313018           2650         0.9935        16544.4          2.042
        6573000       1.313234           2650         0.9935        16549.8          2.059
        6574000       1.313477           2652         0.9935        16556.6          2.069
        6575000       1.313723           2653         0.9935        16562.9          2.046
        6576000       1.313922           2653         0.9935        16569.3          1.978
        6577000       1.314121           2653         0.9935        16574.5          1.979
        6578000       1.314371           2653         0.9935        16580.6          1.982
        6579000       1.314587           2653         0.9935        16587.6          1.980
        6580000       1.314801           2653         0.9935        16592.9          1.979
        6581000       1.315005           2654         0.9935        16598.8          1.970
        6582000       1.315226           2654         0.9935        16604.6          1.988
        6583000       1.315419           2654         0.9935        16609.5          1.963
        6584000       1.315618           2655         0.9935        16615.3          1.952
        6585000       1.315858           2656         0.9935        16621.4          1.977
        6586000       1.316088           2657         0.9935        16626.5          1.989
        6587000       1.316309           2657         0.9935        16632.6          1.994
        6588000       1.316567           2657         0.9935        16640.1          1.990
        6589000       1.316763           2657         0.9935        16645.3          1.994
        6590000       1.316984           2657         0.9935        16653.6          1.989
        6591000       1.317153           2658         0.9935        16661.4          1.941
        6592000       1.317354           2658         0.9935        16668.0          1.930
        6593000       1.317500           2658         0.9935        16673.5          1.925
        6594000       1.317709           2659         0.9935        16678.9          1.897
        6595000       1.317927           2659         0.9935        16684.6          1.863
        6596000       1.318114           2659         0.9935        16691.1          1.928
        6597000       1.318333           2661         0.9935        16697.8          1.907
        6598000       1.318525           2661         0.9935        16703.6          1.871
        6599000       1.318722           2663         0.9935        16708.6          1.886
        6600000       1.318914           2663         0.9934        16714.7          1.876
        6601000       1.319102           2663         0.9934        16720.2          1.859
        6602000       1.319302           2663         0.9934        16725.5          1.871
        6603000       1.319520           2665         0.9934        16731.6          1.846
        6604000       1.319673           2666         0.9934        16737.8          1.886
        6605000       1.319868           2667         0.9934        16744.9          1.856
        6606000       1.320030           2667         0.9934        16751.4          1.840
        6607000       1.320233           2667         0.9934        16757.5          1.867
        6608000       1.320392           2669         0.9934        16764.1          1.913
        6609000       1.320591           2670         0.9934        16769.8          1.927
        6610000       1.320757           2671         0.9934        16775.4          1.891
        6611000       1.320967           2671         0.9934        16782.5          1.869
        6612000       1.321198           2671         0.9934        16789.2          1.855
        6613000       1.321386           2671         0.9934        16795.2          1.795
        6614000       1.321626           2672         0.9934        16800.9          1.884
        6615000       1.321816           2672         0.9934        16807.1          1.858
        6616000       1.322034           2672         0.9934        16813.7          1.877
        6617000       1.322260           2673         0.9934        16819.7          1.886
        6618000       1.322463           2673         0.9934        16826.0          1.811
        6619000       1.322684           2673         0.9934        16831.2          1.894
        6620000       1.322868           2675         0.9934        16836.1          1.869
        6621000       1.323085           2675         0.9934        16842.4          1.859
        6622000       1.323249           2675         0.9934        16848.6          1.874
        6623000       1.323480           2675         0.9934        16852.8          1.846
        6624000       1.323691           2675         0.9934        16858.7          1.859
        6625000       1.323887           2675         0.9934        16864.3          1.907
        6626000       1.324135           2675         0.9934        16870.3          1.863
        6627000       1.324307           2675         0.9934        16875.8          1.825
        6628000       1.324476           2675         0.9934        16883.0          1.888
        6629000       1.324660           2676         0.9934        16890.5          1.907
        6630000       1.324840           2676         0.9934        16896.3          1.910
        6631000       1.325069           2676         0.9934        16902.8          1.894
        6632000       1.325230           2676         0.9934        16908.6          1.913
        6633000       1.325450           2677         0.9934        16915.3          1.869
        6634000       1.325667           2677         0.9934        16920.7          1.970
        6635000       1.325843           2677         0.9934        16926.6          1.975
        6636000       1.325980           2677         0.9934        16931.8          2.037
        6637000       1.326164           2678         0.9934        16939.0          1.957
        6638000       1.326360           2679         0.9934        16944.6          1.947
        6639000       1.326569           2679         0.9934        16951.5          1.903
        6640000       1.326785           2679         0.9934        16958.6          1.859
        6641000       1.326972           2679         0.9934        16964.7          1.892
        6642000       1.327171           2679         0.9934        16971.3          1.886
        6643000       1.327383           2680         0.9934        16977.4          1.888
        6644000       1.327607           2682         0.9934        16982.4          1.888
        6645000       1.327820           2683         0.9934        16988.9          1.844
        6646000       1.327984           2684         0.9934        16995.5          1.862
        6647000       1.328193           2685         0.9934        17001.5          1.876
        6648000       1.328412           2685         0.9934        17006.8          1.939
        6649000       1.328649           2685         0.9934        17012.5          1.922
        6650000       1.328815           2685         0.9934        17018.2          1.920
        6651000       1.329039           2686         0.9934        17024.7          1.940
        6652000       1.329237           2687         0.9934        17030.2          1.951
        6653000       1.329435           2687         0.9934        17037.4          1.963
        6654000       1.329611           2687         0.9934        17045.5          1.982
        6655000       1.329802           2687         0.9934        17051.2          1.988
        6656000       1.329980           2688         0.9934        17057.7          1.931
        6657000       1.330272           2688         0.9934        17062.9          1.928
        6658000       1.330510           2688         0.9934        17070.0          1.877
        6659000       1.330732           2689         0.9934        17074.3          1.869
        6660000       1.330915           2689         0.9934        17081.7          1.975
        6661000       1.331114           2689         0.9934        17088.1          1.956
        6662000       1.331350           2690         0.9934        17095.1          1.931
        6663000       1.331567           2691         0.9934        17101.1          1.892
        6664000       1.331766           2692         0.9934        17106.3          1.850
        6665000       1.331976           2692         0.9934        17111.4          1.872
        6666000       1.332171           2692         0.9934        17118.3          1.857
        6667000       1.332391           2692         0.9934        17124.5          1.853
        6668000       1.332598           2693         0.9934        17129.4          1.888
        6669000       1.332780           2693         0.9934        17135.0          1.908
        6670000       1.332972           2694         0.9934        17140.7          1.942
        6671000       1.333217           2694         0.9934        17147.0          1.870
        6672000       1.333425           2695         0.9934        17152.2          1.908
        6673000       1.333600           2696         0.9934        17158.5          1.930
        6674000       1.333755           2697         0.9934        17163.9          2.074
        6675000       1.333983           2698         0.9934        17171.0          1.949
        6676000       1.334190           2699         0.9934        17176.9          1.968
        6677000       1.334410           2699         0.9934        17184.7          2.093
        6678000       1.334586           2700         0.9934        17191.9          2.037
        6679000       1.334760           2700         0.9934        17198.5          2.050
        6680000       1.334983           2700         0.9934        17205.8          2.016
        6681000       1.335191           2703         0.9934        17212.6          2.029
        6682000       1.335420           2703         0.9934        17218.2          1.992
        6683000       1.335655           2704         0.9934        17225.3          1.984
        6684000       1.335852           2704         0.9934        17231.6          1.984
        6685000       1.336070           2704         0.9934        17237.6          1.990
        6686000       1.336256           2705         0.9934        17242.6          2.002
        6687000       1.336448           2705         0.9934        17248.4          1.990
        6688000       1.336653           2706         0.9934        17256.0          1.989
        6689000       1.336908           2707         0.9934        17263.9          1.974
        6690000       1.337112           2707         0.9934        17269.7          1.994
        6691000       1.337298           2707         0.9934        17275.5          1.994
        6692000       1.337491           2709         0.9934        17282.3          1.967
        6693000       1.337737           2709         0.9934        17288.0          1.989
        6694000       1.337932           2709         0.9934        17293.8          1.987
        6695000       1.338133           2709         0.9934        17299.7          2.053
        6696000       1.338334           2709         0.9934        17304.4          1.991
        6697000       1.338506           2710         0.9934        17309.4          2.008
        6698000       1.338656           2710         0.9934        17314.8          2.009
        6699000       1.338856           2710         0.9934        17320.5          2.013
        6700000       1.339046           2710         0.9934        17326.0          2.002
        6701000       1.339223           2710         0.9934        17331.9          1.978
        6702000       1.339398           2710         0.9934        17339.8          1.997
        6703000       1.339574           2710         0.9934        17345.1          2.010
        6704000       1.339744           2710         0.9934        17351.2          2.013
        6705000       1.339956           2710         0.9934        17357.1          1.989
        6706000       1.340112           2710         0.9934        17362.0          1.992
        6707000       1.340304           2711         0.9934        17366.7          1.991
        6708000       1.340469           2711         0.9934        17371.6          1.990
        6709000       1.340680           2712         0.9934        17377.1          1.955
        6710000       1.340884           2712         0.9934        17383.4          1.963
        6711000       1.341130           2712         0.9934        17388.7          1.947
        6712000       1.341359           2712         0.9934        17394.3          1.939
        6713000       1.341562           2712         0.9934        17399.8          1.932
        6714000       1.341756           2713         0.9934        17406.3          1.930
        6715000       1.341954           2713         0.9934        17412.3          1.923
        6716000       1.342142           2714         0.9934        17417.9          1.882
        6717000       1.342368           2715         0.9934        17425.1          1.919
        6718000       1.342522           2715         0.9934        17431.2          1.912
        6719000       1.342678           2716         0.9934        17435.6          1.911
        6720000       1.342885           2716         0.9934        17439.9          1.908
        6721000       1.343069           2716         0.9934        17444.5          1.892
        6722000       1.343281           2716         0.9934        17451.2          1.900
        6723000       1.343498           2718         0.9934        17457.2          1.923
        6724000       1.343667           2719         0.9934        17463.4          1.920
        6725000       1.343889           2721         0.9934        17471.0          1.909
        6726000       1.344101           2722         0.9934        17475.4          1.914
        6727000       1.344308           2723         0.9934        17482.9          1.942
        6728000       1.344472           2723         0.9934        17490.3          2.005
        6729000       1.344653           2723         0.9934        17495.5          1.919
        6730000       1.344825           2723         0.9934        17501.6          1.930
        6731000       1.344966           2723         0.9934        17508.7          1.931
        6732000       1.345153           2723         0.9934        17515.3          1.947
        6733000       1.345366           2724         0.9934        17520.3          1.914
        6734000       1.345542           2724         0.9934        17527.2          1.905
        6735000       1.345693           2724         0.9934        17533.1          1.911
        6736000       1.345921           2726         0.9934        17538.5          1.871
        6737000       1.346111           2726         0.9934        17544.4          1.862
        6738000       1.346318           2726         0.9934        17550.9          1.959
        6739000       1.346504           2726         0.9934        17557.8          1.906
        6740000       1.346704           2726         0.9934        17564.0          1.909
        6741000       1.346900           2726         0.9934        17570.1          1.896
        6742000       1.347123           2726         0.9934        17576.0          1.902
        6743000       1.347339           2726         0.9934        17581.3          1.932
        6744000       1.347542           2726         0.9934        17587.3          1.918
        6745000       1.347707           2726         0.9934        17593.7          1.943
        6746000       1.347857           2727         0.9934        17600.2          1.957
        6747000       1.348023           2727         0.9934        17607.1          1.954
        6748000       1.348220           2727         0.9934        17614.0          1.981
        6749000       1.348452           2727         0.9934        17619.2          1.940
        6750000       1.348721           2727         0.9934        17625.2          1.975
        6751000       1.348931           2728         0.9934        17631.8          1.966
        6752000       1.349107           2729         0.9934        17636.1          1.967
        6753000       1.349342           2729         0.9934        17645.1          1.969
        6754000       1.349554           2731         0.9934        17652.7          1.948
        6755000       1.349740           2731         0.9934        17659.4          1.951
        6756000       1.349952           2731         0.9934        17666.0          1.927
        6757000       1.350166           2731         0.9934        17672.7          1.957
        6758000       1.350361           2733         0.9934        17680.0          1.966
        6759000       1.350561           2733         0.9934        17685.4          1.976
        6760000       1.350770           2733         0.9934        17693.2          1.958
        6761000       1.351003           2733         0.9934        17698.8          1.991
        6762000       1.351242           2733         0.9934        17705.7          1.995
        6763000       1.351487           2734         0.9934        17711.7          2.003
        6764000       1.351721           2734         0.9934        17717.7          1.989
        6765000       1.351924           2735         0.9934        17724.0          1.998
        6766000       1.352140           2735         0.9934        17729.7          1.990
        6767000       1.352354           2735         0.9934        17736.4          1.957
        6768000       1.352548           2735         0.9934        17743.5          1.966
        6769000       1.352777           2736         0.9934        17750.9          1.987
        6770000       1.353005           2738         0.9934        17758.6          1.960
        6771000       1.353206           2738         0.9934        17764.5          1.984
        6772000       1.353417           2738         0.9934        17770.9          1.977
        6773000       1.353631           2738         0.9934        17777.5          1.987
        6774000       1.353854           2738         0.9934        17785.4          2.043
        6775000       1.354049           2738         0.9934        17791.8          1.944
        6776000       1.354294           2739         0.9934        17797.0          1.959
        6777000       1.354504           2739         0.9934        17802.7          1.936
        6778000       1.354695           2739         0.9934        17809.2          1.929
        6779000       1.354940           2739         0.9934        17814.7          1.931
        6780000       1.355206           2741         0.9934        17820.8          1.954
        6781000       1.355370           2741         0.9934        17827.0          1.973
        6782000       1.355550           2741         0.9934        17832.5          1.939
        6783000       1.355776           2742         0.9934        17838.8          1.936
        6784000       1.355936           2743         0.9934        17845.6          1.900
        6785000       1.356196           2744         0.9934        17852.3          1.954
        6786000       1.356406           2746         0.9934        17857.9          1.961
        6787000       1.356617           2746         0.9934        17864.2          1.929
        6788000       1.356847           2746         0.9934        17871.5          1.856
        6789000       1.357091           2748         0.9934        17880.0          1.907
        6790000       1.357305           2748         0.9934        17887.7          1.851
        6791000       1.357488           2748         0.9934        17894.3          1.854
        6792000       1.357670           2749         0.9934        17901.6          1.834
        6793000       1.357856           2749         0.9934        17908.8          1.897
        6794000       1.358041           2749         0.9934        17915.6          1.922
        6795000       1.358223           2749         0.9934        17922.5          1.865
        6796000       1.358433           2749         0.9934        17928.4          1.810
        6797000       1.358665           2750         0.9933        17935.9          1.816
        6798000       1.358836           2750         0.9933        17942.6          1.847
        6799000       1.359028           2750         0.9933        17949.3          1.829
        6800000       1.359227           2750         0.9933        17955.2          1.822
        6801000       1.359456           2752         0.9933        17962.1          1.853
        6802000       1.359656           2752         0.9933        17969.6          1.873
        6803000       1.359891           2754         0.9933        17977.1          1.811
        6804000       1.360134           2754         0.9933        17985.5          1.852
        6805000       1.360291           2754         0.9933        17992.0          1.858
        6806000       1.360475           2754         0.9933        17999.5          1.856
        6807000       1.360706           2754         0.9933        18006.6          1.833
        6808000       1.360911           2755         0.9933        18013.4          1.778
        6809000       1.361147           2755         0.9933        18021.0          1.808
        6810000       1.361339           2755         0.9933        18027.1          1.831
        6811000       1.361609           2755         0.9933        18033.4          1.900
        6812000       1.361813           2755         0.9933        18039.5          1.891
        6813000       1.362025           2755         0.9933        18046.5          1.894
        6814000       1.362230           2757         0.9933        18052.1          1.866
        6815000       1.362415           2757         0.9933        18058.5          1.861
        6816000       1.362583           2757         0.9933        18064.6          1.844
        6817000       1.362819           2757         0.9933        18071.7          1.872
        6818000       1.363041           2757         0.9933        18078.8          1.895
        6819000       1.363234           2757         0.9933        18085.3          1.900
        6820000       1.363446           2757         0.9933        18092.9          1.857
        6821000       1.363664           2757         0.9933        18099.4          1.816
        6822000       1.363882           2757         0.9933        18107.6          1.843
        6823000       1.364116           2758         0.9933        18114.8          1.879
        6824000       1.364325           2758         0.9933        18123.1          1.881
        6825000       1.364534           2758         0.9933        18130.9          1.893
        6826000       1.364697           2758         0.9933        18137.4          1.985
        6827000       1.364873           2758         0.9933        18145.3          1.984
        6828000       1.365092           2758         0.9933        18152.3          1.990
        6829000       1.365266           2758         0.9933        18158.9          1.980
        6830000       1.365450           2758         0.9933        18167.3          1.966
        6831000       1.365639           2759         0.9933        18173.8          1.966
        6832000       1.365829           2759         0.9933        18181.3          1.978
        6833000       1.366010           2759         0.9933        18188.0          1.982
        6834000       1.366179           2760         0.9933        18194.8          1.946
        6835000       1.366364           2760         0.9933        18201.6          1.931
        6836000       1.366577           2761         0.9933        18208.5          1.971
        6837000       1.366796           2762         0.9933        18216.0          1.919
        6838000       1.366959           2763         0.9933        18224.3          1.915
        6839000       1.367139           2763         0.9933        18231.5          1.922
        6840000       1.367338           2763         0.9933        18237.5          1.916
        6841000       1.367571           2763         0.9933        18245.3          1.912
        6842000       1.367789           2763         0.9933        18252.0          1.926
        6843000       1.368019           2764         0.9933        18259.5          1.938
        6844000       1.368234           2764         0.9933        18267.1          1.984
        6845000       1.368456           2765         0.9933        18274.1          2.037
        6846000       1.368656           2765         0.9933        18281.5          1.944
        6847000       1.368854           2766         0.9933        18287.8          1.949
        6848000       1.369082           2766         0.9933        18293.6          1.937
        6849000       1.369275           2767         0.9933        18300.2          1.930
        6850000       1.369540           2767         0.9933        18307.5          1.955
        6851000       1.369750           2767         0.9933        18313.9          1.953
        6852000       1.369960           2767         0.9933        18321.4          1.949
        6853000       1.370159           2767         0.9933        18327.4          1.988
        6854000       1.370368           2768         0.9933        18336.2          1.891
        6855000       1.370556           2768         0.9933        18342.0          1.968
        6856000       1.370805           2768         0.9933        18348.2          1.940
        6857000       1.370977           2768         0.9933        18355.8          2.001
        6858000       1.371174           2768         0.9933        18362.4          1.998
        6859000       1.371376           2768         0.9933        18370.2          1.991
        6860000       1.371585           2771         0.9933        18377.9          1.998
        6861000       1.371771           2771         0.9933        18384.6          1.995
        6862000       1.372003           2771         0.9933        18391.5          1.994
        6863000       1.372187           2772         0.9933        18398.9          1.973
        6864000       1.372392           2775         0.9933        18405.5          1.997
        6865000       1.372661           2776         0.9933        18412.5          1.979
        6866000       1.372922           2777         0.9933        18420.1          2.005
        6867000       1.373149           2777         0.9933        18427.6          1.975
        6868000       1.373336           2777         0.9933        18433.5          1.987
        6869000       1.373563           2778         0.9933        18439.8          1.939
        6870000       1.373762           2778         0.9933        18446.3          1.913
        6871000       1.373958           2780         0.9933        18452.5          2.039
        6872000       1.374198           2780         0.9933        18459.5          2.043
        6873000       1.374412           2780         0.9933        18467.8          1.955
        6874000       1.374597           2780         0.9933        18475.3          1.952
        6875000       1.374781           2780         0.9933        18481.5          1.941
        6876000       1.374952           2780         0.9933        18488.9          2.001
        6877000       1.375215           2782         0.9933        18496.4          1.931
        6878000       1.375400           2782         0.9933        18502.6          1.960
        6879000       1.375644           2782         0.9933        18509.9          1.965
        6880000       1.375868           2783         0.9933        18518.5          1.934
        6881000       1.376073           2783         0.9933        18524.5          1.951
        6882000       1.376315           2783         0.9933        18532.9          1.956
        6883000       1.376537           2785         0.9933        18539.8          1.907
        6884000       1.376718           2785         0.9933        18547.9          1.919
        6885000       1.376920           2785         0.9933        18555.6          1.986
        6886000       1.377149           2785         0.9933        18562.9          2.014
        6887000       1.377381           2786         0.9933        18568.8          2.056
        6888000       1.377612           2787         0.9933        18574.9          1.917
        6889000       1.377834           2787         0.9933        18582.2          1.948
        6890000       1.378047           2787         0.9933        18589.4          1.951
        6891000       1.378251           2788         0.9933        18596.1          1.951
        6892000       1.378461           2789         0.9933        18602.7          1.985
        6893000       1.378659           2789         0.9933        18610.0          1.991
        6894000       1.378849           2789         0.9933        18617.2          1.993
        6895000       1.379062           2789         0.9933        18622.8          1.995
        6896000       1.379249           2790         0.9933        18630.7          1.938
        6897000       1.379479           2791         0.9933        18635.8          1.911
        6898000       1.379686           2791         0.9933        18642.1          1.934
        6899000       1.379873           2792         0.9933        18647.4          1.918
        6900000       1.380075           2794         0.9933        18652.6          1.883
        6901000       1.380280           2797         0.9933        18658.2          1.888
        6902000       1.380478           2797         0.9933        18664.2          1.935
        6903000       1.380686           2797         0.9933        18671.3          1.956
        6904000       1.380888           2798         0.9933        18678.7          1.918
        6905000       1.381094           2799         0.9933        18685.3          1.970
        6906000       1.381238           2801         0.9933        18691.2          1.956
        6907000       1.381448           2802         0.9933        18696.3          1.955
        6908000       1.381643           2803         0.9933        18702.9          1.937
        6909000       1.381907           2803         0.9933        18710.0          1.926
        6910000       1.382078           2803         0.9933        18716.7          1.906
        6911000       1.382266           2803         0.9933        18724.3          1.878
        6912000       1.382498           2803         0.9933        18732.0          1.896
        6913000       1.382685           2803         0.9933        18738.7          1.901
        6914000       1.382910           2803         0.9933        18744.0          1.816
        6915000       1.383166           2803         0.9933        18750.7          1.902
        6916000       1.383318           2803         0.9933        18755.4          1.938
        6917000       1.383543           2804         0.9933        18761.5          1.951
        6918000       1.383747           2805         0.9933        18768.2          1.948
        6919000       1.383944           2807         0.9933        18774.3          1.917
        6920000       1.384194           2808         0.9933        18782.6          1.972
        6921000       1.384414           2808         0.9933        18788.8          1.995
        6922000       1.384585           2809         0.9933        18794.7          1.972
        6923000       1.384796           2809         0.9933        18802.0          1.985
        6924000       1.384986           2809         0.9933        18808.2          1.970
        6925000       1.385184           2809         0.9933        18815.8          1.877
        6926000       1.385394           2809         0.9933        18823.2          1.951
        6927000       1.385598           2810         0.9933        18830.0          1.969
        6928000       1.385790           2811         0.9933        18836.3          1.876
        6929000       1.386007           2812         0.9933        18843.8          1.962
        6930000       1.386230           2812         0.9933        18851.5          1.947
        6931000       1.386469           2813         0.9933        18860.5          1.929
        6932000       1.386622           2813         0.9933        18866.6          1.954
        6933000       1.386823           2814         0.9933        18873.2          1.958
        6934000       1.387000           2814         0.9933        18881.4          1.936
        6935000       1.387208           2815         0.9933        18888.4          1.937
        6936000       1.387387           2816         0.9933        18895.5          1.911
        6937000       1.387577           2816         0.9933        18901.9          1.925
        6938000       1.387741           2818         0.9933        18910.4          1.974
        6939000       1.387954           2820         0.9933        18918.1          1.919
        6940000       1.388148           2820         0.9933        18924.3          1.919
        6941000       1.388358           2820         0.9933        18931.8          1.909
        6942000       1.388579           2820         0.9933        18938.1          1.894
        6943000       1.388758           2820         0.9933        18944.5          1.836
        6944000       1.388982           2820         0.9933        18952.6          1.926
        6945000       1.389240           2822         0.9933        18958.8          1.900
        6946000       1.389465           2822         0.9933        18966.7          2.027
        6947000       1.389682           2822         0.9933        18973.7          1.981
        6948000       1.389862           2822         0.9933        18979.9          1.892
        6949000       1.390071           2822         0.9933        18987.8          1.932
        6950000       1.390296           2822         0.9933        18995.3          1.936
        6951000       1.390562           2822         0.9933        19003.6          1.932
        6952000       1.390790           2822         0.9933        19010.7          1.924
        6953000       1.391052           2822         0.9933        19018.0          1.925
        6954000       1.391203           2822         0.9933        19024.3          1.890
        6955000       1.391460           2822         0.9933        19031.4          1.875
        6956000       1.391700           2823         0.9933        19039.3          1.902
        6957000       1.391931           2823         0.9933        19047.9          1.895
        6958000       1.392141           2823         0.9933        19054.3          1.898
        6959000       1.392399           2824         0.9933        19062.4          1.892
        6960000       1.392602           2824         0.9933        19070.4          1.908
        6961000       1.392745           2824         0.9933        19078.5          1.871
        6962000       1.392956           2824         0.9933        19085.7          1.851
        6963000       1.393194           2824         0.9933        19094.3          1.950
        6964000       1.393421           2824         0.9933        19102.1          1.955
        6965000       1.393683           2825         0.9933        19110.6          1.850
        6966000       1.393901           2825         0.9932        19118.3          1.801
        6967000       1.394062           2826         0.9932        19124.0          1.831
        6968000       1.394255           2826         0.9932        19132.0          1.938
        6969000       1.394470           2826         0.9932        19139.7          1.908
        6970000       1.394663           2827         0.9932        19146.2          1.883
        6971000       1.394907           2827         0.9932        19153.6          1.930
        6972000       1.395067           2827         0.9932        19160.2          1.946
        6973000       1.395301           2827         0.9932        19167.4          2.057
        6974000       1.395530           2830         0.9932        19174.9          2.048
        6975000       1.395703           2830         0.9932        19182.1          2.049
        6976000       1.395856           2830         0.9932        19187.0          2.034
        6977000       1.396050           2830         0.9932        19192.7          2.000
        6978000       1.396252           2830         0.9932        19200.2          2.065
        6979000       1.396478           2830         0.9932        19206.7          2.002
        6980000       1.396665           2830         0.9932        19213.6          1.995
        6981000       1.396893           2830         0.9932        19220.9          1.992
        6982000       1.397099           2830         0.9932        19228.3          2.003
        6983000       1.397309           2831         0.9932        19235.3          1.969
        6984000       1.397505           2831         0.9932        19241.8          2.007
        6985000       1.397680           2832         0.9932        19248.3          1.936
        6986000       1.397873           2832         0.9932        19255.4          1.946
        6987000       1.398076           2832         0.9932        19262.2          1.984
        6988000       1.398239           2833         0.9932        19269.1          1.955
        6989000       1.398450           2833         0.9932        19277.4          1.959
        6990000       1.398607           2833         0.9932        19283.9          1.944
        6991000       1.398813           2833         0.9932        19291.2          1.967
        6992000       1.399033           2836         0.9932        19298.0          1.985
        6993000       1.399251           2836         0.9932        19305.1          1.949
        6994000       1.399476           2837         0.9932        19312.4          1.982
        6995000       1.399702           2837         0.9932        19320.0          1.983
        6996000       1.399913           2838         0.9932        19326.9          1.992
        6997000       1.400110           2838         0.9932        19332.9          1.996
        6998000       1.400281           2838         0.9932        19338.3          1.955
        6999000       1.400540           2839         0.9932        19345.6          1.994
        7000000       1.400758           2840         0.9932        19354.0          1.988
        7001000       1.400997           2841         0.9932        19362.0          1.987
        7002000       1.401257           2843         0.9932        19370.1          1.976
        7003000       1.401431           2845         0.9932        19377.1          1.995
        7004000       1.401636           2846         0.9932        19384.5          2.022
        7005000       1.401842           2846         0.9932        19391.9          2.014
        7006000       1.402055           2846         0.9932        19398.6          1.973
        7007000       1.402247           2846         0.9932        19405.7          1.979
        7008000       1.402493           2846         0.9932        19412.8          2.143
        7009000       1.402673           2847         0.9932        19418.9          2.017
        7010000       1.402854           2847         0.9932        19428.0          2.019
        7011000       1.403029           2848         0.9932        19435.1          2.016
        7012000       1.403275           2848         0.9932        19442.2          2.011
        7013000       1.403447           2848         0.9932        19450.7          2.002
        7014000       1.403626           2849         0.9932        19457.3          1.995
        7015000       1.403789           2849         0.9932        19464.1          1.995
        7016000       1.404018           2849         0.9932        19470.6          1.995
        7017000       1.404225           2849         0.9932        19478.4          2.015
        7018000       1.404393           2850         0.9932        19485.9          2.019
        7019000       1.404542           2850         0.9932        19493.2          2.000
        7020000       1.404745           2850         0.9932        19499.2          2.062
        7021000       1.404932           2850         0.9932        19506.3          2.001
        7022000       1.405141           2850         0.9932        19512.8          2.029
        7023000       1.405366           2850         0.9932        19519.9          2.053
        7024000       1.405609           2850         0.9932        19526.2          2.047
        7025000       1.405812           2850         0.9932        19533.2          2.063
        7026000       1.406047           2850         0.9932        19541.8          2.035
        7027000       1.406260           2851         0.9932        19550.5          1.994
        7028000       1.406469           2851         0.9932        19556.8          1.986
        7029000       1.406654           2851         0.9932        19564.2          2.077
        7030000       1.406858           2851         0.9932        19572.6          1.967
        7031000       1.407034           2852         0.9932        19579.6          1.979
        7032000       1.407239           2852         0.9932        19587.7          1.995
        7033000       1.407406           2852         0.9932        19595.0          2.012
        7034000       1.407598           2852         0.9932        19601.9          1.986
        7035000       1.407758           2853         0.9932        19609.1          2.013
        7036000       1.407952           2853         0.9932        19618.5          1.983
        7037000       1.408161           2854         0.9932        19626.1          1.985
        7038000       1.408395           2855         0.9932        19633.2          2.013
        7039000       1.408603           2855         0.9932        19641.5          2.036
        7040000       1.408813           2855         0.9932        19649.0          1.972
        7041000       1.409007           2855         0.9932        19658.2          1.955
        7042000       1.409209           2855         0.9932        19667.7          2.136
        7043000       1.409381           2855         0.9932        19676.4          1.981
        7044000       1.409595           2855         0.9932        19684.8          2.004
        7045000       1.409814           2855         0.9932        19692.4          1.981
        7046000       1.410042           2856         0.9932        19699.4          1.964
        7047000       1.410198           2856         0.9932        19705.0          1.943
        7048000       1.410376           2857         0.9932        19713.4          1.932
        7049000       1.410562           2857         0.9932        19721.0          1.956
        7050000       1.410763           2857         0.9932        19728.2          1.956
        7051000       1.410990           2858         0.9932        19736.7          1.942
        7052000       1.411193           2858         0.9932        19744.8          1.956
        7053000       1.411399           2859         0.9932        19752.8          1.955
        7054000       1.411652           2859         0.9932        19760.3          2.046
        7055000       1.411854           2859         0.9932        19768.2          2.023
        7056000       1.412102           2860         0.9932        19775.2          2.013
        7057000       1.412310           2860         0.9932        19781.7          2.034
        7058000       1.412512           2860         0.9932        19790.7          1.981
        7059000       1.412700           2861         0.9932        19798.0          1.962
        7060000       1.412971           2861         0.9932        19805.5          1.963
        7061000       1.413204           2861         0.9932        19812.9          1.963
        7062000       1.413423           2862         0.9932        19819.9          1.992
        7063000       1.413618           2862         0.9932        19827.1          1.949
        7064000       1.413843           2863         0.9932        19834.6          1.902
        7065000       1.414055           2864         0.9932        19843.2          1.931
        7066000       1.414301           2865         0.9932        19850.1          1.903
        7067000       1.414529           2865         0.9932        19858.3          1.905
        7068000       1.414727           2865         0.9932        19864.4          1.911
        7069000       1.414973           2865         0.9932        19872.5          1.972
        7070000       1.415180           2865         0.9932        19878.6          1.973
        7071000       1.415396           2865         0.9932        19885.3          1.979
        7072000       1.415598           2865         0.9932        19892.2          1.970
        7073000       1.415811           2865         0.9932        19898.1          1.914
        7074000       1.416010           2866         0.9932        19905.0          1.931
        7075000       1.416248           2866         0.9932        19911.9          1.809
        7076000       1.416432           2867         0.9932        19917.8          1.766
        7077000       1.416603           2868         0.9932        19924.0          1.731
        7078000       1.416786           2868         0.9932        19930.6          1.737
        7079000       1.416925           2868         0.9932        19936.4          1.724
        7080000       1.417144           2868         0.9932        19943.7          1.788
        7081000       1.417314           2868         0.9932        19949.1          1.793
        7082000       1.417486           2869         0.9932        19955.8          1.814
        7083000       1.417652           2869         0.9932        19962.0          1.763
        7084000       1.417876           2869         0.9932        19968.6          1.777
        7085000       1.418132           2869         0.9932        19975.1          1.768
        7086000       1.418345           2871         0.9932        19980.6          1.810
        7087000       1.418553           2871         0.9932        19986.0          1.822
        7088000       1.418740           2872         0.9932        19993.0          1.844
        7089000       1.418976           2872         0.9932        20000.8          1.881
        7090000       1.419182           2872         0.9932        20008.2          1.894
        7091000       1.419427           2875         0.9932        20015.6          1.919
        7092000       1.419623           2875         0.9932        20021.9          1.916
        7093000       1.419851           2875         0.9932        20029.2          1.902
        7094000       1.420065           2876         0.9932        20035.3          1.901
        7095000       1.420290           2876         0.9932        20040.7          1.891
        7096000       1.420503           2876         0.9932        20047.6          1.897
        7097000       1.420736           2876         0.9932        20054.7          1.894
        7098000       1.420915           2876         0.9932        20060.1          1.977
        7099000       1.421139           2876         0.9932        20067.2          2.046
        7100000       1.421336           2876         0.9932        20074.3          2.017
        7101000       1.421542           2876         0.9932        20079.9          1.997
        7102000       1.421743           2876         0.9932        20086.9          1.989
        7103000       1.421946           2876         0.9932        20093.0          1.982
        7104000       1.422138           2877         0.9932        20099.3          1.880
        7105000       1.422371           2879         0.9932        20106.5          1.934
        7106000       1.422598           2879         0.9932        20113.3          1.968
        7107000       1.422822           2879         0.9932        20119.7          1.966
        7108000       1.423011           2879         0.9932        20124.7          1.951
        7109000       1.423213           2879         0.9932        20132.0          1.912
        7110000       1.423398           2879         0.9932        20139.0          1.851
        7111000       1.423587           2879         0.9932        20145.6          1.876
        7112000       1.423788           2879         0.9932        20153.2          1.891
        7113000       1.423980           2879         0.9932        20159.6          1.873
        7114000       1.424177           2879         0.9932        20166.0          1.903
        7115000       1.424395           2879         0.9932        20173.1          1.942
        7116000       1.424611           2880         0.9932        20179.8          1.904
        7117000       1.424830           2880         0.9932        20188.2          1.875
        7118000       1.425048           2880         0.9932        20195.2          1.852
        7119000       1.425253           2880         0.9932        20203.8          1.809
        7120000       1.425448           2880         0.9932        20210.6          1.822
        7121000       1.425627           2881         0.9932        20217.3          1.818
        7122000       1.425839           2882         0.9932        20224.0          1.787
        7123000       1.426020           2883         0.9932        20230.4          1.890
        7124000       1.426209           2884         0.9932        20236.8          1.901
        7125000       1.426409           2884         0.9932        20243.2          1.861
        7126000       1.426585           2884         0.9932        20249.4          1.826
        7127000       1.426809           2884         0.9932        20256.8          1.876
        7128000       1.427041           2884         0.9932        20263.7          1.874
        7129000       1.427226           2884         0.9932        20269.0          1.943
        7130000       1.427423           2884         0.9932        20278.5          1.952
        7131000       1.427607           2885         0.9932        20286.5          1.989
        7132000       1.427787           2885         0.9932        20293.2          1.969
        7133000       1.427989           2885         0.9932        20300.4          1.942
        7134000       1.428141           2885         0.9932        20308.8          2.072
        7135000       1.428336           2886         0.9932        20316.4          1.947
        7136000       1.428548           2887         0.9932        20322.9          1.976
        7137000       1.428764           2888         0.9932        20330.1          2.029
        7138000       1.428950           2888         0.9932        20336.2          2.006
        7139000       1.429175           2889         0.9931        20344.5          2.015
        7140000       1.429358           2889         0.9931        20352.4          2.037
        7141000       1.429543           2889         0.9931        20359.1          2.033
        7142000       1.429712           2889         0.9931        20368.0          2.033
        7143000       1.429947           2890         0.9931        20376.2          2.039
        7144000       1.430132           2890         0.9931        20384.0          2.036
        7145000       1.430333           2891         0.9931        20390.5          2.040
        7146000       1.430488           2892         0.9931        20395.9          2.030
        7147000       1.430695           2894         0.9931        20403.7          2.027
        7148000       1.430901           2894         0.9931        20409.6          2.029
        7149000       1.431145           2894         0.9931        20416.6          2.008
        7150000       1.431350           2894         0.9931        20424.5          2.040
        7151000       1.431543           2894         0.9931        20430.9          2.034
        7152000       1.431736           2895         0.9931        20436.9          2.039
        7153000       1.431910           2895         0.9931        20444.7          2.035
        7154000       1.432142           2895         0.9931        20452.3          2.025
        7155000       1.432327           2895         0.9931        20460.4          1.985
        7156000       1.432546           2895         0.9931        20468.7          1.979
        7157000       1.432754           2895         0.9931        20476.4          1.992
        7158000       1.432975           2895         0.9931        20484.2          1.940
        7159000       1.433195           2896         0.9931        20492.5          1.941
        7160000       1.433383           2896         0.9931        20500.0          1.930
        7161000       1.433592           2897         0.9931        20508.2          2.015
        7162000       1.433802           2899         0.9931        20515.9          2.022
        7163000       1.433990           2901         0.9931        20524.5          2.022
        7164000       1.434183           2901         0.9931        20530.9          1.966
        7165000       1.434378           2902         0.9931        20536.8          1.999
        7166000       1.434566           2902         0.9931        20543.3          2.038
        7167000       1.434740           2902         0.9931        20551.1          2.037
        7168000       1.434947           2902         0.9931        20557.4          2.000
        7169000       1.435174           2902         0.9931        20565.9          2.039
        7170000       1.435402           2902         0.9931        20573.8          2.044
        7171000       1.435613           2902         0.9931        20580.3          2.050
        7172000       1.435812           2903         0.9931        20586.7          2.040
        7173000       1.436028           2904         0.9931        20594.1          2.047
        7174000       1.436213           2905         0.9931        20601.3          2.046
        7175000       1.436442           2906         0.9931        20610.4          2.046
        7176000       1.436660           2906         0.9931        20616.4          2.047
        7177000       1.436865           2906         0.9931        20625.3          2.031
        7178000       1.437085           2906         0.9931        20633.2          1.990
        7179000       1.437312           2906         0.9931        20641.4          2.001
        7180000       1.437521           2906         0.9931        20647.5          2.033
        7181000       1.437718           2906         0.9931        20656.0          1.980
        7182000       1.437909           2907         0.9931        20662.7          1.953
        7183000       1.438091           2907         0.9931        20669.8          1.986
        7184000       1.438309           2908         0.9931        20676.6          2.021
        7185000       1.438507           2908         0.9931        20685.5          2.036
        7186000       1.438716           2908         0.9931        20693.3          2.029
        7187000       1.438898           2909         0.9931        20700.1          2.022
        7188000       1.439103           2909         0.9931        20707.9          2.034
        7189000       1.439304           2909         0.9931        20715.4          2.006
        7190000       1.439521           2909         0.9931        20723.0          2.033
        7191000       1.439709           2909         0.9931        20730.7          2.011
        7192000       1.439904           2909         0.9931        20738.8          1.990
        7193000       1.440110           2909         0.9931        20746.2          1.971
        7194000       1.440308           2910         0.9931        20753.6          1.977
        7195000       1.440510           2910         0.9931        20763.3          1.976
        7196000       1.440747           2911         0.9931        20771.8          1.975
        7197000       1.440945           2911         0.9931        20778.9          1.985
        7198000       1.441173           2911         0.9931        20786.2          1.960
        7199000       1.441416           2911         0.9931        20793.8          1.948
        7200000       1.441670           2911         0.9931        20800.1          1.943
        7201000       1.441828           2911         0.9931        20807.5          1.980
        7202000       1.442057           2911         0.9931        20814.4          1.986
        7203000       1.442325           2912         0.9931        20823.6          2.075
        7204000       1.442536           2912         0.9931        20830.8          1.967
        7205000       1.442752           2913         0.9931        20836.9          1.961
        7206000       1.442944           2915         0.9931        20843.5          2.015
        7207000       1.443132           2915         0.9931        20851.8          1.991
        7208000       1.443339           2915         0.9931        20859.2          1.985
        7209000       1.443522           2915         0.9931        20866.7          1.982
        7210000       1.443734           2915         0.9931        20874.8          1.973
        7211000       1.443938           2916         0.9931        20882.3          1.960
        7212000       1.444136           2916         0.9931        20889.2          1.945
        7213000       1.444310           2916         0.9931        20896.3          1.930
        7214000       1.444528           2916         0.9931        20902.9          1.972
        7215000       1.444746           2917         0.9931        20910.6          1.946
        7216000       1.444982           2917         0.9931        20917.2          1.987
        7217000       1.445163           2917         0.9931        20924.6          2.009
        7218000       1.445394           2917         0.9931        20931.4          1.999
        7219000       1.445590           2919         0.9931        20938.4          1.981
        7220000       1.445810           2920         0.9931        20946.2          1.997
        7221000       1.446022           2921         0.9931        20954.6          1.954
        7222000       1.446249           2921         0.9931        20961.6          2.023
        7223000       1.446473           2921         0.9931        20968.6          2.012
        7224000       1.446702           2921         0.9931        20976.8          1.991
        7225000       1.446922           2921         0.9931        20984.8          1.923
        7226000       1.447128           2921         0.9931        20993.4          1.928
        7227000       1.447350           2922         0.9931        21001.4          1.975
        7228000       1.447546           2923         0.9931        21009.5          1.933
        7229000       1.447737           2923         0.9931        21017.0          1.912
        7230000       1.447956           2923         0.9931        21024.4          1.960
        7231000       1.448128           2924         0.9931        21030.7          1.935
        7232000       1.448336           2924         0.9931        21038.0          1.957
        7233000       1.448538           2924         0.9931        21045.5          2.015
        7234000       1.448736           2924         0.9931        21053.2          1.990
        7235000       1.448910           2924         0.9931        21061.4          2.018
        7236000       1.449112           2924         0.9931        21067.6          1.993
        7237000       1.449279           2924         0.9931        21074.0          1.991
        7238000       1.449490           2925         0.9931        21082.0          2.019
        7239000       1.449730           2925         0.9931        21091.3          2.040
        7240000       1.449930           2925         0.9931        21098.4          2.059
        7241000       1.450128           2925         0.9931        21106.2          2.008
        7242000       1.450434           2926         0.9931        21113.7          2.022
        7243000       1.450644           2926         0.9931        21120.1          2.030
        7244000       1.450893           2927         0.9931        21127.1          1.991
        7245000       1.451127           2927         0.9931        21136.5          1.991
        7246000       1.451375           2928         0.9931        21143.6          2.056
        7247000       1.451569           2929         0.9931        21150.7          1.998
        7248000       1.451793           2929         0.9931        21159.3          2.009
        7249000       1.451987           2929         0.9931        21167.3          1.999
        7250000       1.452214           2930         0.9931        21174.7          1.990
        7251000       1.452411           2930         0.9931        21182.5          2.022
        7252000       1.452613           2932         0.9931        21190.1          2.032
        7253000       1.452819           2932         0.9931        21196.8          2.043
        7254000       1.453041           2933         0.9931        21203.3          2.022
        7255000       1.453279           2934         0.9931        21210.4          1.996
        7256000       1.453495           2935         0.9931        21217.5          1.999
        7257000       1.453692           2935         0.9931        21225.3          1.995
        7258000       1.453891           2935         0.9931        21233.7          2.088
        7259000       1.454125           2935         0.9931        21241.5          2.029
        7260000       1.454322           2935         0.9931        21249.8          2.013
        7261000       1.454537           2935         0.9931        21258.1          2.038
        7262000       1.454749           2936         0.9931        21264.8          2.019
        7263000       1.454985           2936         0.9931        21271.4          2.068
        7264000       1.455216           2936         0.9931        21279.3          2.021
        7265000       1.455413           2937         0.9931        21287.2          1.983
        7266000       1.455616           2937         0.9931        21295.0          2.025
        7267000       1.455859           2937         0.9931        21302.2          2.037
        7268000       1.456065           2937         0.9931        21307.6          2.032
        7269000       1.456273           2937         0.9931        21313.5          2.044
        7270000       1.456475           2937         0.9931        21320.3          2.059
        7271000       1.456691           2937         0.9931        21328.0          2.051
        7272000       1.456899           2937         0.9931        21334.9          2.050
        7273000       1.457148           2937         0.9931        21341.7          2.053
        7274000       1.457371           2938         0.9931        21348.5          2.005
        7275000       1.457573           2938         0.9931        21356.7          2.026
        7276000       1.457761           2938         0.9931        21362.8          2.042
        7277000       1.457994           2938         0.9931        21370.1          1.986
        7278000       1.458204           2938         0.9931        21377.1          2.010
        7279000       1.458422           2939         0.9931        21384.1          2.018
        7280000       1.458640           2939         0.9931        21390.3          2.040
        7281000       1.458838           2939         0.9931        21396.8          1.944
        7282000       1.459013           2939         0.9931        21402.7          1.992
        7283000       1.459252           2939         0.9931        21410.7          1.979
        7284000       1.459554           2939         0.9931        21419.3          2.002
        7285000       1.459780           2940         0.9931        21426.0          2.048
        7286000       1.459983           2941         0.9931        21433.4          2.011
        7287000       1.460152           2941         0.9931        21440.3          2.012
        7288000       1.460376           2941         0.9931        21447.5          2.000
        7289000       1.460585           2941         0.9931        21454.4          1.990
        7290000       1.460763           2943         0.9931        21461.1          1.950
        7291000       1.460950           2943         0.9931        21468.4          1.993
        7292000       1.461175           2943         0.9931        21475.8          1.988
        7293000       1.461345           2943         0.9931        21482.1          1.965
        7294000       1.461598           2943         0.9931        21489.7          1.955
        7295000       1.461791           2944         0.9931        21497.8          2.015
        7296000       1.462003           2944         0.9931        21505.6          2.059
        7297000       1.462188           2946         0.9931        21513.4          2.065
        7298000       1.462451           2946         0.9931        21521.5          2.046
        7299000       1.462651           2946         0.9931        21529.9          2.034
        7300000       1.462856           2946         0.9931        21537.9          2.026
        7301000       1.463038           2946         0.9931        21546.1          2.032
        7302000       1.463249           2946         0.9931        21555.3          2.016
        7303000       1.463441           2946         0.9931        21563.0          2.031
        7304000       1.463677           2946         0.9931        21570.5          2.010
        7305000       1.463847           2947         0.9931        21578.9          2.013
        7306000       1.464056           2947         0.9931        21586.8          2.021
        7307000       1.464277           2947         0.9931        21594.8          2.040
        7308000       1.464488           2947         0.9931        21603.7          2.044
        7309000       1.464664           2947         0.9931        21611.8          1.971
        7310000       1.464848           2947         0.9931        21620.6          2.013
        7311000       1.465047           2947         0.9931        21628.7          1.971
        7312000       1.465235           2948         0.9931        21636.5          1.939
        7313000       1.465434           2948         0.9931        21644.7          1.942
        7314000       1.465595           2950         0.9931        21652.5          1.932
        7315000       1.465794           2951         0.9931        21658.5          1.970
        7316000       1.465991           2951         0.9931        21666.7          2.001
        7317000       1.466149           2951         0.9931        21674.5          1.989
        7318000       1.466348           2952         0.9931        21680.3          1.986
        7319000       1.466587           2952         0.9931        21687.2          2.002
        7320000       1.466775           2952         0.9931        21694.2          1.974
        7321000       1.466945           2952         0.9931        21700.3          2.005
        7322000       1.467103           2952         0.9931        21708.3          2.019
        7323000       1.467309           2952         0.9931        21716.2          2.004
        7324000       1.467523           2953         0.9931        21722.9          2.064
        7325000       1.467763           2953         0.9931        21733.2          2.067
        7326000       1.467932           2953         0.9931        21739.5          2.066
        7327000       1.468117           2953         0.9931        21746.6          2.057
        7328000       1.468295           2954         0.9931        21753.8          2.020
        7329000       1.468525           2954         0.9931        21761.1          2.091
        7330000       1.468727           2954         0.9931        21768.5          2.004
        7331000       1.468937           2954         0.9931        21775.4          2.003
        7332000       1.469104           2954         0.9931        21782.9          1.996
        7333000       1.469308           2955         0.9931        21790.8          1.995
        7334000       1.469497           2955         0.9931        21798.5          1.992
        7335000       1.469715           2957         0.9931        21805.8          2.020
        7336000       1.469924           2957         0.9931        21812.3          2.062
        7337000       1.470141           2958         0.9931        21821.1          2.042
        7338000       1.470271           2960         0.9931        21826.5          1.998
        7339000       1.470447           2960         0.9931        21833.9          2.008
        7340000       1.470629           2960         0.9931        21842.8          2.003
        7341000       1.470814           2960         0.9931        21849.1          2.005
        7342000       1.471041           2960         0.9931        21856.0          2.028
        7343000       1.471228           2960         0.9931        21862.8          2.063
        7344000       1.471395           2961         0.9931        21869.1          2.022
        7345000       1.471614           2962         0.9931        21876.0          2.007
        7346000       1.471819           2962         0.9931        21882.3          1.980
        7347000       1.472009           2963         0.9931        21890.0          2.017
        7348000       1.472215           2963         0.9931        21897.1          2.014
        7349000       1.472416           2963         0.9931        21906.2          2.017
        7350000       1.472634           2963         0.9931        21914.5          2.073
        7351000       1.472813           2964         0.9931        21921.6          2.058
        7352000       1.473022           2964         0.9931        21929.9          2.080
        7353000       1.473238           2965         0.9931        21937.3          2.058
        7354000       1.473453           2967         0.9931        21944.0          2.078
        7355000       1.473641           2967         0.9931        21952.4          2.071
        7356000       1.473868           2967         0.9930        21961.0          1.997
        7357000       1.474051           2967         0.9930        21968.0          1.987
        7358000       1.474234           2968         0.9930        21974.8          1.989
        7359000       1.474409           2969         0.9931        21981.7          1.958
        7360000       1.474639           2969         0.9930        21988.5          1.965
        7361000       1.474837           2969         0.9930        21996.1          1.970
        7362000       1.475089           2969         0.9930        22004.8          1.950
        7363000       1.475261           2969         0.9930        22012.2          1.920
        7364000       1.475441           2969         0.9930        22021.1          1.974
        7365000       1.475603           2970         0.9930        22029.8          2.000
        7366000       1.475818           2970         0.9930        22038.3          2.153
        7367000       1.476016           2970         0.9930        22047.7          2.026
        7368000       1.476197           2970         0.9930        22056.0          2.077
        7369000       1.476444           2971         0.9930        22064.2          1.996
        7370000       1.476664           2971         0.9930        22073.1          2.045
        7371000       1.476803           2971         0.9930        22081.0          2.064
        7372000       1.477043           2974         0.9930        22089.0          2.061
        7373000       1.477229           2975         0.9930        22097.4          2.073
        7374000       1.477443           2975         0.9930        22104.5          2.008
        7375000       1.477700           2975         0.9930        22113.3          1.979
        7376000       1.477898           2977         0.9930        22119.7          2.013
        7377000       1.478059           2977         0.9930        22125.7          2.013
        7378000       1.478274           2977         0.9930        22132.7          2.001
        7379000       1.478485           2977         0.9930        22140.7          1.913
        7380000       1.478675           2978         0.9930        22148.6          1.978
        7381000       1.478861           2978         0.9930        22157.0          2.013
        7382000       1.479086           2978         0.9930        22165.7          2.071
        7383000       1.479256           2978         0.9930        22173.8          2.085
        7384000       1.479464           2978         0.9930        22182.3          2.153
        7385000       1.479682           2980         0.9930        22188.4          2.146
        7386000       1.479888           2980         0.9930        22196.3          2.105
        7387000       1.480083           2980         0.9930        22203.2          2.102
        7388000       1.480262           2981         0.9930        22209.9          2.203
        7389000       1.480489           2981         0.9930        22218.0          2.205
        7390000       1.480681           2981         0.9930        22225.8          2.050
        7391000       1.480859           2982         0.9930        22233.4          2.021
        7392000       1.481081           2982         0.9930        22241.4          2.007
        7393000       1.481263           2982         0.9930        22249.2          2.039
        7394000       1.481451           2982         0.9930        22257.3          2.042
        7395000       1.481633           2982         0.9930        22264.9          2.034
        7396000       1.481823           2982         0.9930        22272.6          2.038
        7397000       1.482082           2982         0.9930        22281.3          2.026
        7398000       1.482263           2982         0.9930        22287.4          2.009
        7399000       1.482411           2982         0.9930        22296.2          2.048
        7400000       1.482652           2984         0.9930        22305.6          2.073
        7401000       1.482908           2985         0.9930        22314.2          2.075
        7402000       1.483117           2985         0.9930        22324.8          2.044
        7403000       1.483318           2985         0.9930        22332.7          2.094
        7404000       1.483535           2985         0.9930        22338.9          2.076
        7405000       1.483744           2985         0.9930        22346.3          2.072
        7406000       1.483957           2985         0.9930        22353.9          2.088
        7407000       1.484159           2986         0.9930        22361.8          2.099
        7408000       1.484351           2986         0.9930        22370.4          2.070
        7409000       1.484549           2987         0.9930        22378.8          2.073
        7410000       1.484734           2988         0.9930        22387.8          2.092
        7411000       1.484969           2988         0.9930        22395.0          2.107
        7412000       1.485165           2988         0.9930        22403.8          2.080
        7413000       1.485383           2988         0.9930        22411.2          2.111
        7414000       1.485589           2989         0.9930        22418.2          2.109
        7415000       1.485754           2989         0.9930        22425.2          2.111
        7416000       1.485958           2989         0.9930        22433.4          2.101
        7417000       1.486154           2992         0.9930        22441.4          2.078
        7418000       1.486378           2994         0.9930        22449.3          2.089
        7419000       1.486613           2994         0.9930        22457.2          2.104
        7420000       1.486807           2995         0.9930        22465.1          2.103
        7421000       1.486988           2996         0.9930        22473.1          2.101
        7422000       1.487189           2997         0.9930        22481.3          2.093
        7423000       1.487390           2999         0.9930        22489.9          2.070
        7424000       1.487634           2999         0.9930        22496.3          2.054
        7425000       1.487837           3000         0.9930        22505.9          2.059
        7426000       1.488079           3000         0.9930        22513.0          2.037
        7427000       1.488276           3000         0.9930        22520.2          2.031
        7428000       1.488444           3002         0.9930        22528.0          1.974
        7429000       1.488631           3002         0.9930        22533.9          1.972
        7430000       1.488828           3002         0.9930        22543.4          1.978
        7431000       1.489011           3002         0.9930        22550.0          1.968
        7432000       1.489218           3004         0.9930        22558.8          2.043
        7433000       1.489427           3004         0.9930        22566.5          1.986
        7434000       1.489626           3005         0.9930        22574.8          1.981
        7435000       1.489820           3005         0.9930        22583.0          1.991
        7436000       1.490015           3005         0.9930        22590.1          1.954
        7437000       1.490240           3005         0.9930        22597.4          2.012
        7438000       1.490409           3006         0.9930        22604.1          1.998
        7439000       1.490581           3006         0.9930        22611.0          2.001
        7440000       1.490837           3007         0.9930        22620.4          2.021
        7441000       1.491022           3008         0.9930        22627.2          2.040
        7442000       1.491217           3008         0.9930        22634.9          2.050
        7443000       1.491395           3008         0.9930        22641.3          2.046
        7444000       1.491574           3008         0.9930        22648.9          2.051
        7445000       1.491767           3009         0.9930        22655.2          2.047
        7446000       1.491984           3009         0.9930        22663.5          2.028
        7447000       1.492188           3010         0.9930        22671.1          2.038
        7448000       1.492424           3011         0.9930        22679.6          2.021
        7449000       1.492607           3011         0.9930        22687.9          2.024
        7450000       1.492841           3011         0.9930        22697.5          1.919
        7451000       1.493068           3011         0.9930        22706.7          1.950
        7452000       1.493233           3011         0.9930        22714.5          1.864
        7453000       1.493424           3011         0.9930        22722.8          1.888
        7454000       1.493584           3011         0.9930        22730.0          1.909
        7455000       1.493778           3011         0.9930        22737.2          1.980
        7456000       1.493983           3013         0.9930        22744.6          1.995
        7457000       1.494176           3013         0.9930        22753.0          1.956
        7458000       1.494436           3013         0.9930        22760.3          1.968
        7459000       1.494598           3014         0.9930        22766.6          1.920
        7460000       1.494829           3015         0.9930        22776.0          1.898
        7461000       1.494999           3015         0.9930        22783.6          1.909
        7462000       1.495218           3015         0.9930        22792.5          1.947
        7463000       1.495433           3015         0.9930        22802.0          1.946
        7464000       1.495607           3016         0.9930        22808.6          1.976
        7465000       1.495794           3017         0.9930        22815.3          1.908
        7466000       1.496006           3017         0.9930        22824.5          1.944
        7467000       1.496225           3018         0.9930        22833.1          1.950
        7468000       1.496413           3018         0.9930        22841.9          1.975
        7469000       1.496610           3018         0.9930        22851.4          1.984
        7470000       1.496779           3018         0.9930        22859.9          1.999
        7471000       1.497016           3018         0.9930        22868.6          2.122
        7472000       1.497256           3019         0.9930        22876.6          2.142
        7473000       1.497484           3019         0.9930        22883.0          2.195
        7474000       1.497682           3019         0.9930        22890.5          2.208
        7475000       1.497902           3020         0.9930        22897.1          2.202
        7476000       1.498143           3020         0.9930        22903.8          2.193
        7477000       1.498282           3021         0.9930        22909.9          2.138
        7478000       1.498432           3021         0.9930        22916.8          2.157
        7479000       1.498611           3021         0.9930        22924.2          2.165
        7480000       1.498791           3021         0.9930        22931.6          2.190
        7481000       1.499006           3022         0.9930        22940.2          2.157
        7482000       1.499270           3022         0.9930        22949.5          2.190
        7483000       1.499504           3022         0.9930        22957.1          2.054
        7484000       1.499757           3022         0.9930        22965.1          2.028
        7485000       1.499960           3022         0.9930        22973.8          2.006
        7486000       1.500164           3022         0.9930        22981.3          2.002
        7487000       1.500380           3022         0.9930        22990.8          2.003
        7488000       1.500614           3022         0.9930        22999.2          1.986
        7489000       1.500816           3024         0.9930        23005.8          1.937
        7490000       1.501017           3024         0.9930        23014.0          1.914
        7491000       1.501173           3026         0.9930        23020.9          1.935
        7492000       1.501358           3026         0.9930        23030.0          2.031
        7493000       1.501554           3027         0.9930        23039.1          2.018
        7494000       1.501722           3028         0.9930        23048.2          2.022
        7495000       1.501951           3028         0.9930        23057.7          1.909
        7496000       1.502128           3028         0.9930        23065.2          1.969
        7497000       1.502338           3028         0.9930        23074.9          1.961
        7498000       1.502519           3028         0.9930        23083.0          1.937
        7499000       1.502720           3028         0.9930        23091.6          1.944
        7500000       1.502931           3028         0.9930        23100.3          1.936
        7501000       1.503176           3029         0.9930        23109.1          1.894
        7502000       1.503378           3029         0.9930        23117.4          1.927
        7503000       1.503559           3029         0.9930        23126.2          1.967
        7504000       1.503764           3030         0.9930        23134.9          2.018
        7505000       1.503970           3030         0.9930        23144.4          1.898
        7506000       1.504170           3030         0.9930        23151.5          1.979
        7507000       1.504360           3032         0.9930        23161.0          1.941
        7508000       1.504555           3032         0.9930        23169.7          1.975
        7509000       1.504748           3032         0.9930        23177.7          1.906
        7510000       1.504937           3032         0.9930        23185.4          1.879
        7511000       1.505159           3032         0.9930        23192.8          1.952
        7512000       1.505379           3032         0.9930        23201.9          1.922
        7513000       1.505596           3032         0.9930        23209.8          1.971
        7514000       1.505797           3032         0.9930        23218.0          1.912
        7515000       1.506017           3033         0.9930        23225.0          1.996
        7516000       1.506214           3034         0.9930        23232.3          1.921
        7517000       1.506454           3034         0.9930        23241.0          1.953
        7518000       1.506681           3034         0.9930        23249.4          1.925
        7519000       1.506890           3034         0.9930        23257.8          1.858
        7520000       1.507107           3034         0.9930        23267.1          1.885
        7521000       1.507329           3034         0.9930        23275.2          1.896
        7522000       1.507487           3035         0.9930        23282.6          1.898
        7523000       1.507669           3035         0.9930        23290.9          1.902
        7524000       1.507855           3035         0.9930        23299.5          1.930
        7525000       1.508078           3037         0.9930        23308.4          1.902
        7526000       1.508309           3037         0.9930        23316.6          1.898
        7527000       1.508558           3038         0.9930        23325.2          1.925
        7528000       1.508777           3038         0.9930        23332.6          1.943
        7529000       1.508966           3039         0.9930        23339.5          2.032
        7530000       1.509167           3039         0.9930        23348.3          1.948
        7531000       1.509411           3040         0.9930        23359.2          1.945
        7532000       1.509605           3041         0.9930        23368.1          1.945
        7533000       1.509818           3041         0.9930        23376.8          1.983
        7534000       1.509981           3041         0.9930        23385.2          2.018
        7535000       1.510185           3043         0.9930        23393.4          2.023
        7536000       1.510380           3043         0.9929        23403.6          2.046
        7537000       1.510608           3043         0.9929        23410.7          2.043
        7538000       1.510820           3043         0.9929        23420.1          2.035
        7539000       1.510984           3043         0.9929        23429.4          2.041
        7540000       1.511194           3043         0.9929        23438.7          2.004
        7541000       1.511389           3044         0.9929        23447.6          1.975
        7542000       1.511541           3045         0.9929        23454.9          2.003
        7543000       1.511759           3047         0.9929        23463.0          1.967
        7544000       1.511955           3047         0.9929        23470.5          2.000
        7545000       1.512164           3048         0.9929        23479.5          2.073
        7546000       1.512347           3050         0.9929        23487.9          2.036
        7547000       1.512527           3051         0.9929        23495.3          1.980
        7548000       1.512756           3052         0.9929        23503.1          1.955
        7549000       1.512994           3052         0.9929        23510.7          1.913
        7550000       1.513168           3052         0.9929        23519.5          1.938
        7551000       1.513336           3053         0.9929        23527.8          1.948
        7552000       1.513533           3055         0.9929        23535.7          1.976
        7553000       1.513740           3056         0.9929        23543.7          1.966
        7554000       1.513962           3059         0.9929        23551.0          1.980
        7555000       1.514193           3059         0.9929        23557.9          2.004
        7556000       1.514413           3059         0.9929        23566.8          2.105
        7557000       1.514625           3059         0.9929        23575.5          2.113
        7558000       1.514840           3059         0.9929        23584.7          1.956
        7559000       1.515034           3061         0.9929        23592.8          1.981
        7560000       1.515263           3061         0.9929        23600.2          2.106
        7561000       1.515480           3062         0.9929        23608.5          2.044
        7562000       1.515701           3063         0.9929        23616.2          2.032
        7563000       1.515907           3064         0.9929        23624.4          1.963
        7564000       1.516112           3064         0.9929        23632.5          1.973
        7565000       1.516365           3064         0.9929        23641.3          1.981
        7566000       1.516606           3064         0.9929        23648.0          1.989
        7567000       1.516816           3065         0.9929        23654.7          1.995
        7568000       1.516978           3065         0.9929        23661.4          2.026
        7569000       1.517172           3065         0.9929        23669.4          2.059
        7570000       1.517332           3065         0.9929        23677.3          2.060
        7571000       1.517518           3065         0.9929        23685.2          1.988
        7572000       1.517757           3066         0.9929        23692.9          2.051
        7573000       1.517975           3066         0.9929        23700.9          2.114
        7574000       1.518206           3066         0.9929        23708.7          2.119
        7575000       1.518443           3066         0.9929        23717.7          2.110
        7576000       1.518664           3067         0.9929        23727.5          2.120
        7577000       1.518886           3067         0.9929        23735.8          2.119
        7578000       1.519077           3069         0.9929        23744.3          2.089
        7579000       1.519304           3069         0.9929        23752.5          2.016
        7580000       1.519509           3069         0.9929        23761.9          2.076
        7581000       1.519757           3070         0.9929        23770.9          2.020
        7582000       1.519971           3071         0.9929        23779.6          1.999
        7583000       1.520180           3071         0.9929        23786.9          2.014
        7584000       1.520404           3072         0.9929        23795.7          2.035
        7585000       1.520622           3072         0.9929        23803.5          1.937
        7586000       1.520825           3074         0.9929        23812.4          1.968
        7587000       1.521004           3074         0.9929        23821.9          1.926
        7588000       1.521217           3075         0.9929        23830.4          1.959
        7589000       1.521427           3075         0.9929        23837.9          1.857
        7590000       1.521698           3077         0.9929        23847.3          1.899
        7591000       1.521902           3078         0.9929        23855.3          1.887
        7592000       1.522098           3078         0.9929        23863.8          1.863
        7593000       1.522313           3081         0.9929        23871.8          1.878
        7594000       1.522529           3081         0.9929        23879.2          1.937
        7595000       1.522762           3082         0.9929        23886.3          1.962
        7596000       1.522991           3082         0.9929        23894.5          2.001
        7597000       1.523163           3082         0.9929        23901.1          2.028
        7598000       1.523402           3083         0.9929        23910.2          2.059
        7599000       1.523582           3083         0.9929        23917.8          2.039
        7600000       1.523760           3085         0.9929        23925.5          2.059
        7601000       1.523939           3085         0.9929        23934.3          2.026
        7602000       1.524172           3085         0.9929        23943.1          1.990
        7603000       1.524341           3085         0.9929        23950.2          1.993
        7604000       1.524525           3086         0.9929        23957.9          2.011
        7605000       1.524719           3086         0.9929        23966.6          2.021
        7606000       1.524932           3086         0.9929        23975.4          2.018
        7607000       1.525092           3086         0.9929        23985.0          2.048
        7608000       1.525321           3087         0.9929        23994.2          2.045
        7609000       1.525543           3087         0.9929        24002.3          2.052
        7610000       1.525758           3087         0.9929        24010.8          2.075
        7611000       1.525946           3089         0.9929        24018.9          2.079
        7612000       1.526118           3090         0.9929        24028.6          2.109
        7613000       1.526345           3091         0.9929        24036.6          2.116
        7614000       1.526561           3091         0.9929        24046.0          2.115
        7615000       1.526760           3091         0.9929        24053.5          2.115
        7616000       1.527001           3092         0.9929        24061.6          2.113
        7617000       1.527184           3092         0.9929        24068.7          2.084
        7618000       1.527403           3092         0.9929        24077.9          2.217
        7619000       1.527596           3092         0.9929        24086.0          2.217
        7620000       1.527819           3092         0.9929        24094.0          2.113
        7621000       1.527985           3092         0.9929        24102.5          2.188
        7622000       1.528176           3092         0.9929        24111.9          2.187
        7623000       1.528374           3094         0.9929        24119.8          2.194
        7624000       1.528575           3096         0.9929        24126.6          2.211
        7625000       1.528752           3096         0.9929        24133.6          2.215
        7626000       1.528955           3096         0.9929        24141.5          2.222
        7627000       1.529172           3097         0.9929        24150.5          2.197
        7628000       1.529361           3097         0.9929        24157.7          2.178
        7629000       1.529538           3097         0.9929        24168.0          2.182
        7630000       1.529741           3099         0.9929        24177.6          2.167
        7631000       1.529936           3100         0.9929        24186.1          2.113
        7632000       1.530117           3101         0.9929        24193.7          2.117
        7633000       1.530346           3102         0.9929        24204.6          2.230
        7634000       1.530565           3103         0.9929        24213.8          2.212
        7635000       1.530782           3103         0.9929        24220.3          2.190
        7636000       1.531010           3103         0.9929        24229.6          2.224
        7637000       1.531227           3105         0.9929        24237.6          2.201
        7638000       1.531445           3105         0.9929        24246.9          2.203
        7639000       1.531641           3105         0.9929        24255.5          2.178
        7640000       1.531842           3105         0.9929        24263.1          2.127
        7641000       1.532081           3106         0.9929        24271.1          2.037
        7642000       1.532326           3106         0.9929        24278.9          2.122
        7643000       1.532551           3106         0.9929        24287.9          2.091
        7644000       1.532709           3106         0.9929        24295.6          2.075
        7645000       1.532905           3106         0.9929        24304.0          2.096
        7646000       1.533117           3106         0.9929        24311.7          2.092
        7647000       1.533299           3106         0.9929        24320.9          2.135
        7648000       1.533538           3106         0.9929        24330.3          2.012
        7649000       1.533709           3106         0.9929        24337.9          2.001
        7650000       1.533924           3108         0.9929        24347.2          2.000
        7651000       1.534151           3108         0.9929        24355.3          2.002
        7652000       1.534358           3109         0.9929        24364.0          1.976
        7653000       1.534521           3109         0.9929        24373.9          1.974
        7654000       1.534728           3110         0.9929        24382.5          1.996
        7655000       1.534928           3112         0.9929        24390.7          1.983
        7656000       1.535147           3113         0.9929        24398.5          1.980
        7657000       1.535393           3114         0.9929        24407.4          1.956
        7658000       1.535564           3114         0.9929        24416.3          2.019
        7659000       1.535767           3116         0.9929        24425.2          1.998
        7660000       1.535990           3116         0.9929        24434.5          1.939
        7661000       1.536200           3116         0.9929        24444.9          1.907
        7662000       1.536441           3118         0.9929        24455.0          1.908
        7663000       1.536649           3118         0.9929        24464.3          1.939
        7664000       1.536852           3119         0.9929        24472.1          1.930
        7665000       1.537060           3120         0.9929        24481.1          1.909
        7666000       1.537244           3120         0.9929        24491.0          1.939
        7667000       1.537417           3121         0.9929        24499.7          2.079
        7668000       1.537640           3123         0.9929        24509.6          1.973
        7669000       1.537859           3124         0.9929        24518.7          1.944
        7670000       1.538061           3124         0.9929        24526.6          1.948
        7671000       1.538222           3125         0.9929        24534.6          1.969
        7672000       1.538412           3126         0.9929        24544.7          2.085
        7673000       1.538616           3127         0.9929        24554.4          2.033
        7674000       1.538801           3127         0.9929        24564.0          1.926
        7675000       1.538998           3128         0.9929        24573.3          1.915
        7676000       1.539217           3128         0.9929        24581.6          1.991
        7677000       1.539457           3128         0.9928        24591.6          2.031
        7678000       1.539671           3129         0.9928        24599.9          2.046
        7679000       1.539911           3129         0.9928        24609.6          2.034
        7680000       1.540102           3129         0.9928        24619.8          2.030
        7681000       1.540312           3129         0.9928        24627.7          2.029
        7682000       1.540512           3129         0.9928        24636.0          2.022
        7683000       1.540714           3130         0.9928        24645.7          2.031
        7684000       1.540943           3130         0.9928        24657.1          2.158
        7685000       1.541159           3131         0.9928        24665.7          2.048
        7686000       1.541383           3131         0.9928        24674.7          2.035
        7687000       1.541538           3131         0.9928        24684.3          2.043
        7688000       1.541709           3131         0.9928        24693.5          2.037
        7689000       1.541945           3131         0.9928        24701.2          2.039
        7690000       1.542167           3131         0.9928        24710.9          2.055
        7691000       1.542341           3131         0.9928        24718.7          2.088
        7692000       1.542545           3131         0.9928        24727.8          2.068
        7693000       1.542740           3132         0.9928        24738.3          2.063
        7694000       1.542998           3132         0.9928        24749.9          2.056
        7695000       1.543203           3132         0.9928        24758.7          1.987
        7696000       1.543361           3132         0.9928        24769.1          2.107
        7697000       1.543543           3133         0.9928        24778.2          2.101
        7698000       1.543733           3133         0.9928        24789.4          1.982
        7699000       1.543941           3134         0.9928        24799.6          2.032
        7700000       1.544112           3134         0.9928        24809.4          2.028
        7701000       1.544304           3134         0.9928        24818.0          1.976
        7702000       1.544533           3135         0.9928        24827.7          2.010
        7703000       1.544758           3135         0.9928        24835.6          2.039
        7704000       1.544967           3135         0.9928        24843.6          2.193
        7705000       1.545161           3135         0.9928        24852.4          2.141
        7706000       1.545386           3138         0.9928        24860.1          2.066
        7707000       1.545611           3138         0.9928        24867.6          2.007
        7708000       1.545835           3138         0.9928        24875.5          1.930
        7709000       1.546024           3138         0.9928        24883.3          1.948
        7710000       1.546259           3138         0.9928        24894.3          1.948
        7711000       1.546456           3138         0.9928        24903.1          1.953
        7712000       1.546667           3138         0.9928        24911.7          1.965
        7713000       1.546891           3139         0.9928        24918.7          1.959
        7714000       1.547125           3139         0.9928        24927.6          1.969
        7715000       1.547311           3139         0.9928        24937.3          1.958
        7716000       1.547512           3139         0.9928        24945.2          2.007
        7717000       1.547734           3139         0.9928        24953.0          2.012
        7718000       1.547924           3139         0.9928        24962.1          2.032
        7719000       1.548122           3142         0.9928        24969.7          2.061
        7720000       1.548283           3142         0.9928        24977.5          2.048
        7721000       1.548502           3142         0.9928        24986.6          2.053
        7722000       1.548688           3142         0.9928        24994.0          2.061
        7723000       1.548924           3142         0.9928        25002.6          2.044
        7724000       1.549124           3142         0.9928        25012.2          2.057
        7725000       1.549332           3143         0.9928        25020.9          1.991
        7726000       1.549548           3143         0.9928        25031.5          2.018
        7727000       1.549763           3143         0.9928        25040.1          2.026
        7728000       1.549982           3143         0.9928        25048.9          2.023
        7729000       1.550196           3144         0.9928        25056.8          1.996
        7730000       1.550413           3144         0.9928        25064.9          2.014
        7731000       1.550635           3144         0.9928        25075.8          2.024
        7732000       1.550846           3144         0.9928        25085.3          2.006
        7733000       1.551052           3144         0.9928        25094.2          1.937
        7734000       1.551266           3144         0.9928        25102.3          1.903
        7735000       1.551454           3144         0.9928        25109.8          2.019
        7736000       1.551679           3144         0.9928        25119.0          2.019
        7737000       1.551870           3145         0.9928        25127.7          1.955
        7738000       1.552080           3147         0.9928        25135.7          1.941
        7739000       1.552276           3149         0.9928        25144.0          1.974
        7740000       1.552479           3149         0.9928        25151.5          1.913
        7741000       1.552720           3150         0.9928        25161.4          2.024
        7742000       1.552934           3150         0.9928        25169.4          2.032
        7743000       1.553202           3150         0.9928        25178.2          2.007
        7744000       1.553408           3150         0.9928        25188.9          2.021
        7745000       1.553632           3151         0.9928        25198.2          2.035
        7746000       1.553898           3152         0.9928        25209.7          1.980
        7747000       1.554131           3154         0.9928        25218.8          1.966
        7748000       1.554349           3154         0.9928        25228.0          2.043
        7749000       1.554520           3155         0.9928        25236.7          2.070
        7750000       1.554720           3155         0.9928        25245.7          2.075
        7751000       1.554938           3155         0.9928        25254.2          2.078
        7752000       1.555119           3156         0.9928        25264.4          2.082
        7753000       1.555285           3158         0.9928        25274.5          2.081
        7754000       1.555512           3158         0.9928        25282.3          2.068
        7755000       1.555711           3160         0.9928        25291.1          1.993
        7756000       1.555897           3160         0.9928        25300.4          2.071
        7757000       1.556110           3160         0.9928        25308.2          2.082
        7758000       1.556297           3160         0.9928        25317.0          2.064
        7759000       1.556519           3162         0.9928        25328.0          2.056
        7760000       1.556714           3162         0.9928        25335.2          2.063
        7761000       1.556952           3163         0.9928        25344.0          2.000
        7762000       1.557162           3165         0.9928        25353.0          2.020
        7763000       1.557319           3165         0.9928        25360.8          1.942
        7764000       1.557554           3165         0.9928        25370.0          2.007
        7765000       1.557741           3167         0.9928        25378.6          2.004
        7766000       1.557946           3167         0.9928        25386.5          1.942
        7767000       1.558077           3167         0.9928        25394.2          1.945
        7768000       1.558255           3167         0.9928        25402.7          1.925
        7769000       1.558456           3167         0.9928        25411.2          1.930
        7770000       1.558614           3167         0.9928        25417.3          1.956
        7771000       1.558766           3167         0.9928        25424.3          1.956
        7772000       1.558981           3167         0.9928        25434.1          1.937
        7773000       1.559199           3167         0.9928        25444.6          1.992
        7774000       1.559394           3169         0.9928        25452.6          2.096
        7775000       1.559587           3169         0.9928        25460.7          1.987
        7776000       1.559805           3170         0.9928        25470.8          2.048
        7777000       1.559997           3170         0.9928        25480.6          2.064
        7778000       1.560223           3170         0.9928        25489.8          2.041
        7779000       1.560430           3171         0.9928        25497.7          1.993
        7780000       1.560604           3172         0.9928        25507.6          2.004
        7781000       1.560809           3173         0.9928        25516.6          2.053
        7782000       1.561043           3174         0.9928        25525.2          2.065
        7783000       1.561253           3175         0.9928        25534.8          2.077
        7784000       1.561490           3175         0.9928        25543.8          1.983
        7785000       1.561680           3176         0.9928        25553.0          1.958
        7786000       1.561896           3177         0.9928        25561.6          1.965
        7787000       1.562110           3177         0.9928        25571.7          1.957
        7788000       1.562361           3177         0.9928        25581.9          1.989
        7789000       1.562587           3177         0.9928        25592.1          1.956
        7790000       1.562841           3179         0.9928        25603.5          1.976
        7791000       1.563085           3179         0.9928        25613.5          1.980
        7792000       1.563282           3179         0.9928        25621.6          2.052
        7793000       1.563476           3180         0.9928        25628.8          2.052
        7794000       1.563678           3181         0.9928        25639.4          2.045
        7795000       1.563855           3181         0.9928        25648.3          2.046
        7796000       1.564051           3182         0.9928        25656.8          2.007
        7797000       1.564226           3183         0.9928        25664.6          2.005
        7798000       1.564439           3183         0.9928        25675.6          2.016
        7799000       1.564709           3184         0.9928        25685.8          2.042
        7800000       1.564905           3184         0.9928        25695.6          2.057
        7801000       1.565088           3184         0.9928        25706.7          2.047
        7802000       1.565295           3184         0.9928        25716.2          2.034
        7803000       1.565510           3184         0.9928        25723.8          2.036
        7804000       1.565715           3184         0.9928        25731.1          2.020
        7805000       1.565928           3185         0.9928        25740.2          2.020
        7806000       1.566105           3187         0.9928        25748.0          2.050
        7807000       1.566335           3187         0.9928        25757.6          2.035
        7808000       1.566539           3189         0.9928        25764.8          2.031
        7809000       1.566726           3189         0.9928        25773.8          2.036
        7810000       1.566936           3189         0.9928        25782.0          2.018
        7811000       1.567162           3189         0.9928        25789.6          2.148
        7812000       1.567401           3191         0.9928        25798.9          2.100
        7813000       1.567631           3192         0.9928        25809.5          2.103
        7814000       1.567828           3192         0.9927        25819.0          2.079
        7815000       1.568021           3192         0.9927        25828.9          2.056
        7816000       1.568211           3193         0.9927        25837.3          2.031
        7817000       1.568412           3193         0.9927        25845.4          2.050
        7818000       1.568639           3194         0.9927        25853.8          2.037
        7819000       1.568826           3194         0.9927        25862.6          2.033
        7820000       1.569006           3195         0.9927        25870.0          2.047
        7821000       1.569190           3195         0.9927        25877.7          2.044
        7822000       1.569383           3195         0.9927        25887.0          2.044
        7823000       1.569604           3195         0.9927        25896.8          2.045
        7824000       1.569805           3195         0.9927        25905.3          2.039
        7825000       1.570025           3195         0.9927        25912.5          2.122
        7826000       1.570221           3195         0.9927        25923.4          2.063
        7827000       1.570421           3195         0.9927        25931.4          2.048
        7828000       1.570618           3195         0.9927        25938.8          2.047
        7829000       1.570844           3195         0.9927        25947.9          2.057
        7830000       1.571049           3197         0.9927        25956.8          2.055
        7831000       1.571234           3198         0.9927        25966.9          2.156
        7832000       1.571447           3199         0.9927        25974.4          2.160
        7833000       1.571652           3199         0.9927        25982.4          2.135
        7834000       1.571895           3199         0.9927        25991.9          2.131
        7835000       1.572087           3200         0.9927        26000.4          2.104
        7836000       1.572312           3200         0.9927        26008.9          2.158
        7837000       1.572515           3200         0.9927        26017.7          2.185
        7838000       1.572711           3200         0.9927        26025.5          2.197
        7839000       1.572921           3200         0.9927        26033.7          2.152
        7840000       1.573165           3200         0.9927        26042.1          2.184
        7841000       1.573362           3201         0.9927        26049.5          2.186
        7842000       1.573554           3201         0.9927        26056.8          2.182
        7843000       1.573755           3201         0.9927        26065.5          2.173
        7844000       1.573956           3201         0.9927        26073.3          2.164
        7845000       1.574159           3201         0.9927        26080.2          2.053
        7846000       1.574385           3201         0.9927        26088.7          2.020
        7847000       1.574625           3202         0.9927        26096.9          2.047
        7848000       1.574862           3202         0.9927        26105.2          2.043
        7849000       1.575060           3202         0.9927        26112.8          2.041
        7850000       1.575240           3204         0.9927        26121.3          2.051
        7851000       1.575456           3204         0.9927        26131.6          2.052
        7852000       1.575672           3205         0.9927        26140.0          2.044
        7853000       1.575856           3206         0.9927        26149.2          2.048
        7854000       1.576074           3206         0.9927        26157.1          2.037
        7855000       1.576270           3206         0.9927        26164.1          2.036
        7856000       1.576475           3207         0.9927        26172.5          2.043
        7857000       1.576716           3207         0.9927        26180.6          2.022
        7858000       1.576948           3207         0.9927        26188.4          1.996
        7859000       1.577170           3207         0.9927        26196.1          1.998
        7860000       1.577360           3207         0.9927        26203.9          1.976
        7861000       1.577577           3208         0.9927        26214.2          2.009
        7862000       1.577786           3208         0.9927        26221.5          2.042
        7863000       1.578043           3208         0.9927        26230.4          1.964
        7864000       1.578234           3210         0.9927        26237.9          1.949
        7865000       1.578452           3210         0.9927        26244.3          1.928
        7866000       1.578661           3210         0.9927        26254.1          2.075
        7867000       1.578891           3210         0.9927        26263.4          2.077
        7868000       1.579089           3210         0.9927        26270.3          2.051
        7869000       1.579295           3211         0.9927        26277.3          2.078
        7870000       1.579534           3211         0.9927        26286.3          2.067
        7871000       1.579722           3211         0.9927        26294.2          2.065
        7872000       1.579887           3211         0.9927        26301.4          2.052
        7873000       1.580066           3212         0.9927        26308.3          2.039
        7874000       1.580252           3212         0.9927        26316.1          2.014
        7875000       1.580445           3213         0.9927        26323.9          2.035
        7876000       1.580647           3213         0.9927        26332.4          2.035
        7877000       1.580894           3213         0.9927        26340.2          2.047
        7878000       1.581094           3213         0.9927        26348.2          2.055
        7879000       1.581302           3214         0.9927        26356.6          2.027
        7880000       1.581482           3214         0.9927        26365.7          2.035
        7881000       1.581665           3214         0.9927        26374.0          2.061
        7882000       1.581902           3214         0.9927        26381.3          2.048
        7883000       1.582115           3214         0.9927        26390.7          2.018
        7884000       1.582346           3215         0.9927        26399.2          1.981
        7885000       1.582540           3215         0.9927        26407.6          1.966
        7886000       1.582733           3216         0.9927        26415.5          2.050
        7887000       1.582939           3216         0.9927        26423.4          2.006
        7888000       1.583191           3218         0.9927        26431.9          2.029
        7889000       1.583405           3218         0.9927        26439.3          2.027
        7890000       1.583590           3218         0.9927        26449.3          2.014
        7891000       1.583852           3222         0.9927        26457.7          1.970
        7892000       1.584047           3224         0.9927        26466.6          2.078
        7893000       1.584237           3224         0.9927        26476.1          2.051
        7894000       1.584420           3225         0.9927        26485.1          2.077
        7895000       1.584640           3225         0.9927        26494.3          2.066
        7896000       1.584795           3226         0.9927        26502.1          2.023
        7897000       1.584964           3226         0.9927        26510.7          2.089
        7898000       1.585159           3226         0.9927        26519.5          1.934
        7899000       1.585378           3226         0.9927        26528.8          1.978
        7900000       1.585599           3226         0.9927        26538.1          2.023
        7901000       1.585788           3226         0.9927        26546.0          2.017
        7902000       1.585985           3226         0.9927        26556.1          2.060
        7903000       1.586184           3226         0.9927        26564.8          2.064
        7904000       1.586394           3226         0.9927        26572.7          2.067
        7905000       1.586592           3227         0.9927        26579.9          2.048
        7906000       1.586780           3227         0.9927        26588.4          2.057
        7907000       1.586986           3227         0.9927        26597.0          2.039
        7908000       1.587169           3228         0.9927        26604.1          2.035
        7909000       1.587396           3228         0.9927        26611.5          2.032
        7910000       1.587587           3228         0.9927        26620.6          2.026
        7911000       1.587780           3228         0.9927        26628.6          1.919
        7912000       1.588005           3228         0.9927        26636.5          1.964
        7913000       1.588170           3228         0.9927        26644.1          1.964
        7914000       1.588398           3228         0.9927        26653.2          1.952
        7915000       1.588595           3228         0.9927        26661.8          1.997
        7916000       1.588812           3228         0.9927        26671.8          1.993
        7917000       1.589009           3229         0.9927        26680.1          1.963
        7918000       1.589220           3230         0.9927        26688.4          1.987
        7919000       1.589426           3230         0.9927        26697.2          2.122
        7920000       1.589622           3230         0.9927        26706.7          2.148
        7921000       1.589800           3231         0.9927        26713.4          2.195
        7922000       1.590017           3231         0.9927        26723.0          2.053
        7923000       1.590191           3231         0.9927        26731.7          2.166
        7924000       1.590340           3231         0.9927        26741.1          2.012
        7925000       1.590529           3231         0.9927        26748.4          1.999
        7926000       1.590738           3231         0.9927        26757.8          1.955
        7927000       1.590910           3231         0.9927        26766.7          1.956
        7928000       1.591110           3231         0.9927        26775.1          2.001
        7929000       1.591340           3231         0.9927        26782.7          1.995
        7930000       1.591552           3232         0.9927        26790.7          1.962
        7931000       1.591743           3232         0.9927        26798.7          1.999
        7932000       1.591988           3233         0.9927        26808.6          1.978
        7933000       1.592196           3233         0.9927        26815.9          1.974
        7934000       1.592400           3233         0.9927        26823.7          1.928
        7935000       1.592582           3236         0.9927        26832.7          1.917
        7936000       1.592768           3237         0.9927        26841.0          1.965
        7937000       1.592936           3237         0.9927        26847.2          1.987
        7938000       1.593172           3237         0.9927        26857.2          2.015
        7939000       1.593390           3237         0.9927        26865.4          2.016
        7940000       1.593607           3237         0.9927        26873.5          1.959
        7941000       1.593803           3237         0.9927        26882.2          1.953
        7942000       1.593995           3238         0.9927        26889.3          1.991
        7943000       1.594222           3238         0.9927        26897.5          2.037
        7944000       1.594442           3238         0.9927        26905.4          2.011
        7945000       1.594644           3238         0.9927        26913.1          2.006
        7946000       1.594842           3240         0.9927        26921.2          2.038
        7947000       1.595051           3241         0.9927        26928.2          2.031
        7948000       1.595241           3241         0.9927        26935.4          2.043
        7949000       1.595439           3242         0.9927        26943.1          2.060
        7950000       1.595591           3242         0.9927        26951.6          2.016
        7951000       1.595785           3242         0.9927        26959.9          2.128
        7952000       1.595999           3242         0.9927        26968.4          2.119
        7953000       1.596184           3243         0.9926        26977.2          2.069
        7954000       1.596400           3243         0.9926        26984.9          2.051
        7955000       1.596642           3243         0.9926        26993.6          2.020
        7956000       1.596888           3245         0.9926        27001.8          2.084
        7957000       1.597104           3246         0.9926        27010.0          2.033
        7958000       1.597318           3246         0.9926        27018.9          2.061
        7959000       1.597514           3246         0.9926        27027.4          2.081
        7960000       1.597732           3247         0.9926        27035.4          1.959
        7961000       1.597938           3247         0.9926        27043.5          1.978
        7962000       1.598154           3248         0.9926        27050.8          2.097
        7963000       1.598337           3249         0.9926        27059.8          2.040
        7964000       1.598524           3252         0.9926        27068.5          2.093
        7965000       1.598740           3253         0.9926        27077.0          2.037
        7966000       1.598903           3253         0.9926        27085.2          2.073
        7967000       1.599142           3253         0.9926        27093.4          2.028
        7968000       1.599366           3253         0.9926        27102.4          2.032
        7969000       1.599571           3254         0.9926        27109.7          2.019
        7970000       1.599759           3254         0.9926        27116.8          2.035
        7971000       1.599990           3255         0.9926        27126.2          2.029
        7972000       1.600176           3255         0.9926        27134.7          2.000
        7973000       1.600388           3257         0.9926        27142.5          1.997
        7974000       1.600557           3257         0.9926        27150.2          1.979
        7975000       1.600761           3257         0.9926        27160.7          1.999
        7976000       1.600926           3258         0.9926        27167.7          2.002
        7977000       1.601141           3258         0.9926        27177.1          1.995
        7978000       1.601334           3258         0.9926        27186.7          2.003
        7979000       1.601544           3259         0.9926        27196.5          2.001
        7980000       1.601736           3259         0.9926        27205.3          1.997
        7981000       1.601915           3259         0.9926        27213.2          2.013
        7982000       1.602091           3261         0.9926        27220.0          2.012
        7983000       1.602290           3261         0.9926        27227.8          2.026
        7984000       1.602496           3261         0.9926        27237.4          2.068
        7985000       1.602668           3261         0.9926        27244.4          2.073
        7986000       1.602877           3261         0.9926        27253.5          2.063
        7987000       1.603079           3262         0.9926        27261.1          2.080
        7988000       1.603307           3264         0.9926        27269.7          2.052
        7989000       1.603527           3264         0.9926        27278.9          1.994
        7990000       1.603719           3264         0.9926        27287.2          2.029
        7991000       1.603897           3264         0.9926        27296.8          1.981
        7992000       1.604128           3265         0.9926        27305.3          2.020
        7993000       1.604340           3265         0.9926        27313.4          2.026
        7994000       1.604538           3265         0.9926        27321.2          2.006
        7995000       1.604716           3265         0.9926        27329.7          2.048
        7996000       1.604953           3265         0.9926        27339.9          2.032
        7997000       1.605148           3266         0.9926        27349.2          1.987
        7998000       1.605333           3266         0.9926        27355.7          2.054
        7999000       1.605502           3266         0.9926        27363.8          2.100
        8000000       1.605702           3266         0.9926        27373.0          2.042
        8001000       1.605920           3266         0.9926        27381.9          2.033
        8002000       1.606119           3266         0.9926        27391.2          2.041
        8003000       1.606308           3266         0.9926        27401.5          2.073
        8004000       1.606522           3266         0.9926        27410.8          2.068
        8005000       1.606755           3266         0.9926        27419.7          2.064
        8006000       1.606974           3266         0.9926        27428.9          2.060
        8007000       1.607176           3266         0.9926        27437.8          2.052
        8008000       1.607343           3267         0.9926        27445.5          2.216
        8009000       1.607543           3267         0.9926        27453.9          2.059
        8010000       1.607739           3267         0.9926        27462.4          2.064
        8011000       1.607916           3268         0.9926        27469.6          2.052
        8012000       1.608147           3268         0.9926        27478.4          2.158
        8013000       1.608368           3268         0.9926        27488.4          2.035
        8014000       1.608620           3268         0.9926        27498.1          2.030
        8015000       1.608831           3268         0.9926        27507.6          2.038
        8016000       1.609019           3268         0.9926        27515.9          2.021
        8017000       1.609192           3269         0.9926        27525.1          2.022
        8018000       1.609432           3269         0.9926        27534.0          2.004
        8019000       1.609624           3269         0.9926        27543.2          2.107
        8020000       1.609820           3269         0.9926        27552.8          2.044
        8021000       1.610087           3269         0.9926        27561.6          2.017
        8022000       1.610296           3271         0.9926        27570.5          1.967
        8023000       1.610497           3271         0.9926        27579.2          1.981
        8024000       1.610731           3272         0.9926        27588.7          2.042
        8025000       1.610927           3272         0.9926        27597.7          2.082
        8026000       1.611086           3272         0.9926        27606.0          2.053
        8027000       1.611270           3272         0.9926        27614.7          2.088
        8028000       1.611502           3272         0.9926        27625.2          2.093
        8029000       1.611713           3272         0.9926        27634.2          2.096
        8030000       1.611910           3274         0.9926        27640.7          2.095
        8031000       1.612137           3274         0.9926        27648.2          2.059
        8032000       1.612324           3274         0.9926        27660.8          2.085
        8033000       1.612537           3274         0.9926        27668.3          2.084
        8034000       1.612799           3275         0.9926        27675.6          2.091
        8035000       1.612974           3275         0.9926        27683.9          2.086
        8036000       1.613186           3276         0.9926        27691.9          2.092
        8037000       1.613368           3276         0.9926        27701.2          2.080
        8038000       1.613631           3278         0.9926        27711.2          2.063
        8039000       1.613814           3278         0.9926        27720.8          2.036
        8040000       1.614021           3278         0.9926        27730.4          2.051
        8041000       1.614237           3278         0.9926        27741.1          2.076
        8042000       1.614441           3278         0.9926        27751.2          2.114
        8043000       1.614675           3278         0.9926        27759.2          2.085
        8044000       1.614881           3278         0.9926        27767.8          2.057
        8045000       1.615166           3278         0.9926        27776.7          2.033
        8046000       1.615351           3278         0.9926        27784.7          2.001
        8047000       1.615565           3278         0.9926        27792.6          1.999
        8048000       1.615777           3278         0.9926        27801.3          1.947
        8049000       1.615963           3280         0.9926        27810.7          1.987
        8050000       1.616202           3280         0.9926        27819.6          1.969
        8051000       1.616408           3282         0.9926        27828.7          1.953
        8052000       1.616631           3282         0.9926        27837.1          2.010
        8053000       1.616854           3285         0.9926        27845.6          2.017
        8054000       1.617020           3286         0.9926        27854.5          1.988
        8055000       1.617197           3286         0.9926        27861.2          2.026
        8056000       1.617397           3286         0.9926        27869.2          2.058
        8057000       1.617589           3287         0.9926        27878.0          2.025
        8058000       1.617799           3288         0.9926        27885.7          2.034
        8059000       1.618020           3288         0.9926        27894.8          2.038
        8060000       1.618201           3288         0.9926        27905.8          2.027
        8061000       1.618406           3288         0.9926        27914.1          2.100
        8062000       1.618593           3288         0.9926        27923.7          2.070
        8063000       1.618818           3288         0.9926        27933.2          2.070
        8064000       1.618991           3288         0.9926        27941.9          2.029
        8065000       1.619231           3288         0.9926        27951.0          2.058
        8066000       1.619453           3288         0.9926        27960.7          2.037
        8067000       1.619629           3288         0.9926        27970.9          2.054
        8068000       1.619882           3288         0.9926        27980.6          2.008
        8069000       1.620088           3289         0.9926        27989.7          1.975
        8070000       1.620284           3289         0.9926        27999.5          1.978
        8071000       1.620519           3289         0.9926        28008.9          1.933
        8072000       1.620695           3289         0.9926        28017.1          1.902
        8073000       1.620902           3289         0.9926        28026.2          1.866
        8074000       1.621106           3289         0.9926        28033.2          1.866
        8075000       1.621311           3290         0.9926        28041.2          1.913
        8076000       1.621548           3291         0.9926        28051.5          1.926
        8077000       1.621785           3292         0.9926        28059.8          1.951
        8078000       1.622036           3294         0.9926        28069.6          1.973
        8079000       1.622263           3294         0.9926        28078.4          1.977
        8080000       1.622446           3295         0.9926        28087.1          1.960
        8081000       1.622671           3295         0.9926        28096.3          1.942
        8082000       1.622846           3296         0.9926        28105.0          1.976
        8083000       1.623067           3296         0.9926        28113.4          2.031
        8084000       1.623277           3296         0.9926        28123.7          2.039
        8085000       1.623475           3296         0.9926        28134.3          2.034
        8086000       1.623680           3297         0.9926        28144.0          1.957
        8087000       1.623898           3299         0.9926        28154.5          2.005
        8088000       1.624110           3299         0.9926        28164.5          1.994
        8089000       1.624300           3300         0.9926        28173.4          2.052
        8090000       1.624516           3301         0.9926        28182.6          2.089
        8091000       1.624686           3301         0.9926        28191.2          2.060
        8092000       1.624889           3302         0.9925        28200.7          2.101
        8093000       1.625103           3304         0.9925        28211.1          2.061
        8094000       1.625268           3305         0.9925        28219.8          2.090
        8095000       1.625482           3305         0.9925        28229.9          2.021
        8096000       1.625645           3305         0.9925        28240.2          1.968
        8097000       1.625858           3306         0.9925        28250.9          1.955
        8098000       1.626038           3307         0.9925        28260.0          2.049
        8099000       1.626213           3307         0.9925        28270.0          1.936
        8100000       1.626414           3307         0.9925        28277.9          1.865
        8101000       1.626589           3307         0.9925        28286.5          1.845
        8102000       1.626786           3307         0.9925        28296.4          1.841
        8103000       1.626970           3307         0.9925        28304.9          1.839
        8104000       1.627176           3308         0.9925        28313.0          1.823
        8105000       1.627390           3308         0.9925        28322.7          1.831
        8106000       1.627580           3308         0.9925        28331.3          1.864
        8107000       1.627795           3309         0.9925        28340.1          1.855
        8108000       1.628035           3312         0.9925        28348.9          1.851
        8109000       1.628245           3312         0.9925        28358.2          1.837
        8110000       1.628459           3312         0.9925        28367.1          1.903
        8111000       1.628663           3312         0.9925        28376.7          1.923
        8112000       1.628889           3312         0.9925        28385.3          1.966
        8113000       1.629106           3312         0.9925        28395.7          1.930
        8114000       1.629312           3312         0.9925        28406.2          1.936
        8115000       1.629498           3312         0.9925        28416.0          2.012
        8116000       1.629731           3313         0.9925        28424.2          2.036
        8117000       1.629949           3313         0.9925        28434.1          2.037
        8118000       1.630134           3314         0.9925        28441.4          2.026
        8119000       1.630350           3315         0.9925        28450.8          2.006
        8120000       1.630541           3316         0.9925        28460.1          2.089
        8121000       1.630737           3316         0.9925        28469.8          2.231
        8122000       1.630963           3316         0.9925        28480.0          2.108
        8123000       1.631201           3316         0.9925        28489.7          2.139
        8124000       1.631413           3316         0.9925        28497.6          2.128
        8125000       1.631628           3316         0.9925        28506.5          2.132
        8126000       1.631858           3316         0.9925        28515.3          2.136
        8127000       1.632054           3317         0.9925        28523.7          2.122
        8128000       1.632297           3319         0.9925        28532.7          2.116
        8129000       1.632512           3319         0.9925        28540.9          2.088
        8130000       1.632719           3319         0.9925        28551.1          2.028
        8131000       1.632908           3319         0.9925        28560.7          2.002
        8132000       1.633140           3319         0.9925        28571.7          1.991
        8133000       1.633335           3319         0.9925        28580.7          2.020
        8134000       1.633545           3320         0.9925        28591.0          2.010
        8135000       1.633728           3320         0.9925        28603.4          2.024
        8136000       1.633913           3321         0.9925        28613.3          2.130
        8137000       1.634140           3322         0.9925        28623.6          2.090
        8138000       1.634308           3322         0.9925        28634.1          2.043
        8139000       1.634516           3323         0.9925        28643.9          2.000
        8140000       1.634713           3323         0.9925        28654.9          2.043
        8141000       1.634902           3323         0.9925        28665.1          2.028
        8142000       1.635142           3323         0.9925        28676.1          2.068
        8143000       1.635357           3323         0.9925        28684.2          2.080
        8144000       1.635586           3324         0.9925        28694.8          2.030
        8145000       1.635790           3325         0.9925        28705.8          2.075
        8146000       1.635959           3325         0.9925        28718.4          2.029
        8147000       1.636149           3326         0.9925        28728.8          2.082
        8148000       1.636363           3326         0.9925        28739.1          2.061
        8149000       1.636532           3327         0.9925        28749.2          2.172
        8150000       1.636740           3328         0.9925        28758.9          2.097
        8151000       1.636956           3328         0.9925        28769.3          2.080
        8152000       1.637113           3328         0.9925        28778.2          2.058
        8153000       1.637358           3328         0.9925        28788.4          2.080
        8154000       1.637600           3328         0.9925        28797.5          2.073
        8155000       1.637828           3328         0.9925        28805.9          2.076
        8156000       1.638027           3328         0.9925        28814.8          2.058
        8157000       1.638208           3328         0.9925        28824.7          2.067
        8158000       1.638399           3328         0.9925        28832.7          2.058
        8159000       1.638600           3329         0.9925        28842.4          2.087
        8160000       1.638779           3329         0.9925        28851.7          2.109
        8161000       1.639016           3329         0.9925        28860.7          2.118
        8162000       1.639211           3330         0.9925        28869.5          2.134
        8163000       1.639429           3330         0.9925        28879.5          2.108
        8164000       1.639627           3331         0.9925        28888.5          2.108
        8165000       1.639825           3332         0.9925        28898.1          2.078
        8166000       1.640078           3332         0.9925        28907.1          2.088
        8167000       1.640286           3332         0.9925        28916.8          2.104
        8168000       1.640470           3334         0.9925        28926.5          2.106
        8169000       1.640638           3334         0.9925        28935.7          2.074
        8170000       1.640839           3335         0.9925        28945.3          2.027
        8171000       1.641042           3335         0.9925        28956.1          2.199
        8172000       1.641244           3335         0.9925        28967.6          2.078
        8173000       1.641449           3336         0.9925        28978.3          2.071
        8174000       1.641642           3337         0.9925        28988.3          2.073
        8175000       1.641851           3338         0.9925        28996.0          2.060
        8176000       1.642067           3338         0.9925        29006.3          2.079
        8177000       1.642259           3341         0.9925        29013.5          2.084
        8178000       1.642467           3342         0.9925        29022.1          2.088
        8179000       1.642639           3343         0.9925        29030.4          2.043
        8180000       1.642845           3344         0.9925        29039.2          2.063
        8181000       1.643063           3345         0.9925        29048.4          2.057
        8182000       1.643265           3345         0.9925        29057.3          2.058
        8183000       1.643496           3345         0.9925        29068.2          2.031
        8184000       1.643691           3346         0.9925        29077.3          2.055
        8185000       1.643881           3346         0.9925        29087.4          2.070
        8186000       1.644040           3347         0.9925        29095.9          2.074
        8187000       1.644266           3347         0.9925        29106.7          2.107
        8188000       1.644499           3347         0.9925        29116.4          2.068
        8189000       1.644719           3348         0.9925        29126.1          2.117
        8190000       1.644964           3350         0.9925        29137.9          2.148
        8191000       1.645229           3350         0.9925        29147.8          2.150
        8192000       1.645401           3350         0.9925        29156.3          2.154
        8193000       1.645590           3351         0.9925        29165.8          2.144
        8194000       1.645775           3352         0.9925        29174.5          2.148
        8195000       1.646007           3352         0.9925        29184.0          2.145
        8196000       1.646231           3352         0.9925        29194.3          2.158
        8197000       1.646432           3352         0.9925        29202.7          2.150
        8198000       1.646664           3352         0.9925        29212.1          2.123
        8199000       1.646827           3352         0.9925        29222.8          2.116
        8200000       1.647011           3352         0.9925        29231.3          2.166
        8201000       1.647202           3354         0.9925        29241.1          2.160
        8202000       1.647374           3354         0.9925        29250.7          2.160
        8203000       1.647595           3354         0.9925        29260.9          2.131
        8204000       1.647798           3354         0.9925        29269.0          2.136
        8205000       1.647957           3354         0.9925        29276.8          2.155
        8206000       1.648133           3354         0.9925        29285.6          2.162
        8207000       1.648319           3355         0.9925        29293.9          2.166
        8208000       1.648580           3355         0.9925        29306.5          2.170
        8209000       1.648807           3355         0.9925        29315.8          2.153
        8210000       1.649014           3356         0.9925        29324.1          2.169
        8211000       1.649218           3356         0.9925        29335.0          2.166
        8212000       1.649414           3356         0.9925        29344.7          2.120
        8213000       1.649658           3356         0.9925        29353.2          2.140
        8214000       1.649845           3356         0.9925        29362.2          2.143
        8215000       1.650075           3357         0.9925        29371.4          2.149
        8216000       1.650307           3357         0.9925        29381.1          2.108
        8217000       1.650482           3358         0.9925        29390.5          2.105
        8218000       1.650674           3358         0.9925        29399.8          2.100
        8219000       1.650908           3359         0.9925        29410.3          2.094
        8220000       1.651085           3360         0.9925        29420.1          2.064
        8221000       1.651312           3362         0.9925        29430.6          2.068
        8222000       1.651548           3363         0.9925        29438.9          2.016
        8223000       1.651775           3365         0.9925        29449.7          2.080
        8224000       1.651990           3365         0.9925        29459.7          2.034
        8225000       1.652202           3367         0.9925        29468.4          2.030
        8226000       1.652381           3367         0.9925        29478.4          2.101
        8227000       1.652667           3367         0.9925        29487.4          2.131
        8228000       1.652879           3367         0.9925        29497.9          2.145
        8229000       1.653090           3367         0.9925        29509.1          2.078
        8230000       1.653300           3367         0.9925        29516.5          2.119
        8231000       1.653522           3367         0.9925        29526.4          2.111
        8232000       1.653818           3369         0.9925        29536.3          2.110
        8233000       1.654041           3370         0.9925        29543.8          2.081
        8234000       1.654236           3370         0.9925        29553.6          2.142
        8235000       1.654379           3370         0.9925        29562.0          2.110
        8236000       1.654585           3370         0.9925        29572.4          2.143
        8237000       1.654793           3370         0.9925        29581.2          2.137
        8238000       1.654969           3371         0.9925        29591.7          2.164
        8239000       1.655143           3371         0.9925        29601.0          2.122
        8240000       1.655344           3371         0.9925        29609.6          2.142
        8241000       1.655550           3372         0.9924        29618.4          2.159
        8242000       1.655742           3373         0.9924        29626.1          2.167
        8243000       1.655929           3374         0.9924        29635.3          2.038
        8244000       1.656122           3376         0.9924        29645.6          2.014
        8245000       1.656317           3377         0.9924        29655.2          2.043
        8246000       1.656491           3377         0.9924        29665.2          2.035
        8247000       1.656677           3377         0.9924        29675.3          2.045
        8248000       1.656901           3377         0.9924        29685.6          2.120
        8249000       1.657072           3378         0.9924        29696.9          2.149
        8250000       1.657242           3379         0.9924        29705.4          2.061
        8251000       1.657447           3379         0.9924        29715.4          2.040
        8252000       1.657621           3379         0.9924        29725.3          2.075
        8253000       1.657858           3379         0.9924        29735.8          2.060
        8254000       1.658085           3381         0.9924        29745.7          2.102
        8255000       1.658279           3381         0.9924        29756.7          2.101
        8256000       1.658492           3381         0.9924        29765.9          2.107
        8257000       1.658674           3381         0.9924        29776.2          2.060
        8258000       1.658883           3382         0.9924        29784.8          2.049
        8259000       1.659116           3382         0.9924        29792.5          2.031
        8260000       1.659360           3382         0.9924        29802.1          2.087
        8261000       1.659581           3383         0.9924        29811.9          2.108
        8262000       1.659809           3383         0.9924        29821.5          2.080
        8263000       1.660015           3383         0.9924        29830.3          2.123
        8264000       1.660178           3383         0.9924        29839.5          2.139
        8265000       1.660391           3384         0.9924        29850.2          2.137
        8266000       1.660610           3385         0.9924        29859.8          2.126
        8267000       1.660844           3385         0.9924        29870.3          2.124
        8268000       1.661035           3386         0.9924        29881.4          2.146
        8269000       1.661237           3387         0.9924        29891.1          2.173
        8270000       1.661466           3387         0.9924        29901.0          2.143
        8271000       1.661647           3388         0.9924        29911.1          2.148
        8272000       1.661828           3388         0.9924        29920.5          2.153
        8273000       1.662015           3388         0.9924        29928.9          2.184
        8274000       1.662199           3389         0.9924        29938.3          2.187
        8275000       1.662376           3389         0.9924        29948.0          2.188
        8276000       1.662582           3389         0.9924        29957.6          2.221
        8277000       1.662778           3389         0.9924        29966.2          2.229
        8278000       1.663026           3389         0.9924        29976.6          2.214
        8279000       1.663252           3390         0.9924        29985.4          2.226
        8280000       1.663460           3390         0.9924        29994.6          2.271
        8281000       1.663677           3392         0.9924        30004.2          2.267
        8282000       1.663876           3393         0.9924        30015.7          2.117
        8283000       1.664063           3393         0.9924        30024.0          2.131
        8284000       1.664247           3393         0.9924        30034.2          2.112
        8285000       1.664441           3394         0.9924        30042.8          2.112
        8286000       1.664640           3395         0.9924        30050.9          2.124
        8287000       1.664833           3395         0.9924        30061.1          2.105
        8288000       1.665044           3395         0.9924        30069.4          2.127
        8289000       1.665254           3396         0.9924        30080.8          2.101
        8290000       1.665424           3396         0.9924        30091.2          2.197
        8291000       1.665609           3397         0.9924        30100.3          2.120
        8292000       1.665780           3397         0.9924        30107.6          2.124
        8293000       1.665986           3397         0.9924        30118.0          2.118
        8294000       1.666190           3397         0.9924        30126.9          2.136
        8295000       1.666422           3398         0.9924        30135.4          2.135
        8296000       1.666625           3398         0.9924        30143.6          2.130
        8297000       1.666826           3398         0.9924        30152.5          2.125
        8298000       1.667039           3399         0.9924        30161.2          2.126
        8299000       1.667213           3400         0.9924        30170.0          2.106
        8300000       1.667413           3400         0.9924        30178.3          2.130
        8301000       1.667612           3402         0.9924        30188.5          2.138
        8302000       1.667855           3403         0.9924        30199.6          2.137
        8303000       1.668059           3405         0.9924        30208.0          2.126
        8304000       1.668302           3406         0.9924        30217.5          2.125
        8305000       1.668486           3406         0.9924        30226.4          2.140
        8306000       1.668705           3406         0.9924        30237.3          2.129
        8307000       1.668879           3406         0.9924        30245.9          2.135
        8308000       1.669094           3408         0.9924        30257.2          2.091
        8309000       1.669298           3408         0.9924        30267.0          2.119
        8310000       1.669499           3408         0.9924        30275.9          2.129
        8311000       1.669719           3409         0.9924        30285.5          2.124
        8312000       1.669913           3409         0.9924        30296.6          2.119
        8313000       1.670139           3411         0.9924        30307.0          2.121
        8314000       1.670343           3411         0.9924        30315.2          2.158
        8315000       1.670498           3411         0.9924        30323.6          2.163
        8316000       1.670700           3412         0.9924        30333.2          2.127
        8317000       1.670943           3413         0.9924        30342.0          2.107
        8318000       1.671158           3414         0.9924        30351.9          2.123
        8319000       1.671367           3414         0.9924        30361.0          2.114
        8320000       1.671551           3417         0.9924        30370.5          2.166
        8321000       1.671741           3417         0.9924        30379.0          2.234
        8322000       1.671990           3421         0.9924        30388.3          2.248
        8323000       1.672199           3422         0.9924        30396.7          2.129
        8324000       1.672395           3422         0.9924        30405.4          2.099
        8325000       1.672537           3423         0.9924        30414.5          2.081
        8326000       1.672775           3424         0.9924        30423.7          2.132
        8327000       1.672966           3424         0.9924        30432.1          2.133
        8328000       1.673198           3424         0.9924        30440.0          2.132
        8329000       1.673427           3424         0.9924        30449.1          2.114
        8330000       1.673627           3424         0.9924        30458.0          2.126
        8331000       1.673812           3424         0.9924        30468.1          2.138
        8332000       1.674058           3424         0.9924        30476.1          2.141
        8333000       1.674279           3424         0.9924        30484.8          2.120
        8334000       1.674497           3425         0.9924        30493.9          2.143
        8335000       1.674675           3425         0.9924        30502.5          2.149
        8336000       1.674902           3425         0.9924        30513.7          2.149
        8337000       1.675100           3425         0.9924        30523.3          2.150
        8338000       1.675303           3425         0.9924        30532.0          2.153
        8339000       1.675496           3425         0.9924        30543.4          2.160
        8340000       1.675675           3427         0.9924        30552.1          2.126
        8341000       1.675881           3427         0.9924        30561.0          2.147
        8342000       1.676098           3427         0.9924        30569.5          2.135
        8343000       1.676277           3427         0.9924        30580.0          2.074
        8344000       1.676476           3428         0.9924        30587.3          2.090
        8345000       1.676697           3428         0.9924        30596.7          2.101
        8346000       1.676898           3429         0.9924        30605.1          2.093
        8347000       1.677136           3429         0.9924        30616.8          2.135
        8348000       1.677341           3429         0.9924        30626.7          2.034
        8349000       1.677518           3429         0.9924        30634.4          2.060
        8350000       1.677668           3430         0.9924        30643.4          2.108
        8351000       1.677888           3431         0.9924        30655.2          2.121
        8352000       1.678111           3431         0.9924        30665.7          2.176
        8353000       1.678316           3431         0.9924        30676.6          2.172
        8354000       1.678492           3431         0.9924        30685.2          2.178
        8355000       1.678728           3431         0.9924        30695.8          2.184
        8356000       1.678964           3431         0.9924        30705.5          2.189
        8357000       1.679150           3431         0.9924        30716.8          2.184
        8358000       1.679318           3431         0.9924        30726.5          2.164
        8359000       1.679525           3431         0.9924        30735.4          2.168
        8360000       1.679738           3431         0.9924        30745.1          2.122
        8361000       1.679965           3431         0.9924        30753.7          2.141
        8362000       1.680167           3431         0.9924        30762.9          2.144
        8363000       1.680340           3431         0.9924        30772.5          2.147
        8364000       1.680557           3433         0.9924        30782.6          2.128
        8365000       1.680784           3433         0.9924        30794.7          2.125
        8366000       1.681014           3433         0.9924        30805.5          2.105
        8367000       1.681219           3433         0.9924        30817.0          2.124
        8368000       1.681449           3433         0.9924        30827.9          2.149
        8369000       1.681677           3435         0.9924        30837.8          2.163
        8370000       1.681888           3435         0.9924        30846.6          2.159
        8371000       1.682129           3435         0.9924        30857.7          2.120
        8372000       1.682363           3435         0.9924        30866.8          2.120
        8373000       1.682543           3435         0.9924        30875.5          2.130
        8374000       1.682759           3435         0.9924        30885.4          2.144
        8375000       1.682973           3435         0.9924        30895.5          2.165
        8376000       1.683178           3435         0.9924        30905.5          2.180
        8377000       1.683365           3435         0.9924        30915.1          2.176
        8378000       1.683607           3436         0.9924        30926.8          2.163
        8379000       1.683844           3436         0.9924        30938.0          2.179
        8380000       1.684059           3437         0.9924        30947.6          2.145
        8381000       1.684227           3437         0.9924        30956.2          2.174
        8382000       1.684430           3437         0.9924        30964.3          2.184
        8383000       1.684648           3437         0.9924        30974.3          2.193
        8384000       1.684869           3437         0.9924        30985.1          2.199
        8385000       1.685040           3438         0.9924        30996.8          2.173
        8386000       1.685271           3438         0.9924        31006.8          2.182
        8387000       1.685462           3438         0.9924        31017.3          2.163
        8388000       1.685691           3438         0.9923        31027.4          2.173
        8389000       1.685873           3439         0.9923        31038.6          2.153
        8390000       1.686085           3439         0.9923        31049.9          2.172
        8391000       1.686241           3439         0.9923        31059.9          2.169
        8392000       1.686421           3439         0.9923        31068.5          2.148
        8393000       1.686581           3439         0.9923        31080.1          2.173
        8394000       1.686818           3439         0.9923        31092.1          2.141
        8395000       1.687045           3439         0.9923        31102.0          2.262
        8396000       1.687246           3440         0.9923        31112.4          2.155
        8397000       1.687480           3440         0.9923        31125.0          2.176
        8398000       1.687711           3440         0.9923        31137.8          2.180
        8399000       1.687946           3440         0.9923        31147.6          2.175
        8400000       1.688147           3440         0.9923        31156.5          2.149
        8401000       1.688384           3440         0.9923        31168.0          2.166
        8402000       1.688584           3441         0.9923        31178.8          2.102
        8403000       1.688793           3441         0.9923        31189.5          2.107
        8404000       1.688966           3441         0.9923        31199.0          2.157
        8405000       1.689160           3441         0.9923        31209.8          2.095
        8406000       1.689405           3441         0.9923        31220.5          2.110
        8407000       1.689603           3441         0.9923        31232.5          2.139
        8408000       1.689829           3442         0.9923        31243.0          2.143
        8409000       1.690080           3442         0.9923        31253.2          2.144
        8410000       1.690300           3443         0.9923        31262.5          2.160
        8411000       1.690482           3443         0.9923        31274.0          2.129
        8412000       1.690669           3443         0.9923        31284.3          2.132
        8413000       1.690875           3443         0.9923        31293.6          2.147
        8414000       1.691062           3444         0.9923        31302.9          2.168
        8415000       1.691309           3446         0.9923        31315.7          2.157
        8416000       1.691532           3446         0.9923        31327.5          2.161
        8417000       1.691745           3446         0.9923        31337.3          2.133
        8418000       1.691946           3447         0.9923        31346.5          2.126
        8419000       1.692129           3447         0.9923        31356.1          2.113
        8420000       1.692325           3450         0.9923        31365.2          2.129
        8421000       1.692526           3450         0.9923        31375.8          2.138
        8422000       1.692730           3451         0.9923        31386.1          2.099
        8423000       1.692912           3452         0.9923        31396.6          2.103
        8424000       1.693100           3453         0.9923        31405.1          2.118
        8425000       1.693307           3453         0.9923        31415.1          2.115
        8426000       1.693497           3453         0.9923        31423.5          2.143
        8427000       1.693674           3453         0.9923        31432.3          2.154
        8428000       1.693864           3454         0.9923        31441.0          2.172
        8429000       1.694061           3454         0.9923        31450.4          2.191
        8430000       1.694223           3454         0.9923        31460.5          2.220
        8431000       1.694377           3455         0.9923        31469.9          2.262
        8432000       1.694617           3456         0.9923        31479.2          2.235
        8433000       1.694819           3457         0.9923        31492.2          2.244
        8434000       1.695009           3457         0.9923        31501.4          2.244
        8435000       1.695220           3457         0.9923        31513.0          2.267
        8436000       1.695414           3458         0.9923        31520.1          2.243
        8437000       1.695632           3458         0.9923        31530.0          2.251
        8438000       1.695844           3458         0.9923        31539.4          2.236
        8439000       1.696044           3459         0.9923        31550.2          2.240
        8440000       1.696267           3460         0.9923        31559.3          2.352
        8441000       1.696479           3460         0.9923        31570.1          2.220
        8442000       1.696661           3461         0.9923        31580.7          2.217
        8443000       1.696820           3461         0.9923        31590.6          2.267
        8444000       1.697088           3463         0.9923        31601.5          2.286
        8445000       1.697313           3463         0.9923        31610.9          2.296
        8446000       1.697463           3463         0.9923        31619.7          2.294
        8447000       1.697641           3463         0.9923        31629.4          2.309
        8448000       1.697803           3463         0.9923        31639.8          2.292
        8449000       1.697995           3464         0.9923        31649.9          2.296
        8450000       1.698191           3464         0.9923        31659.7          2.267
        8451000       1.698409           3464         0.9923        31668.3          2.277
        8452000       1.698612           3464         0.9923        31678.0          2.298
        8453000       1.698826           3464         0.9923        31687.7          2.325
        8454000       1.699035           3465         0.9923        31698.8          2.325
        8455000       1.699245           3465         0.9923        31711.5          2.318
        8456000       1.699439           3465         0.9923        31722.0          2.204
        8457000       1.699638           3466         0.9923        31734.3          2.190
        8458000       1.699872           3466         0.9923        31744.6          2.240
        8459000       1.700106           3466         0.9923        31756.0          2.215
        8460000       1.700312           3469         0.9923        31766.1          2.123
        8461000       1.700567           3470         0.9923        31776.0          2.116
        8462000       1.700744           3470         0.9923        31785.6          2.206
        8463000       1.700951           3471         0.9923        31796.8          2.187
        8464000       1.701135           3471         0.9923        31807.8          2.204
        8465000       1.701362           3471         0.9923        31818.7          2.192
        8466000       1.701541           3471         0.9923        31830.0          2.164
        8467000       1.701778           3471         0.9923        31841.1          2.156
        8468000       1.701990           3471         0.9923        31853.3          2.169
        8469000       1.702160           3471         0.9923        31864.7          2.177
        8470000       1.702399           3471         0.9923        31875.9          2.181
        8471000       1.702606           3471         0.9923        31884.3          2.194
        8472000       1.702793           3472         0.9923        31893.2          2.171
        8473000       1.703021           3472         0.9923        31904.2          2.191
        8474000       1.703250           3472         0.9923        31915.8          2.186
        8475000       1.703406           3473         0.9923        31926.3          2.182
        8476000       1.703623           3473         0.9923        31936.5          2.163
        8477000       1.703866           3473         0.9923        31946.0          2.148
        8478000       1.704045           3473         0.9923        31957.3          2.154
        8479000       1.704239           3473         0.9923        31968.1          2.135
        8480000       1.704457           3473         0.9923        31978.3          2.166
        8481000       1.704660           3473         0.9923        31989.6          2.179
        8482000       1.704853           3473         0.9923        32001.5          2.183
        8483000       1.705081           3474         0.9923        32012.9          2.167
        8484000       1.705251           3474         0.9923        32023.5          2.217
        8485000       1.705427           3474         0.9923        32032.8          2.155
        8486000       1.705611           3474         0.9923        32043.0          2.179
        8487000       1.705820           3475         0.9923        32053.6          2.204
        8488000       1.705991           3475         0.9923        32061.9          2.202
        8489000       1.706206           3475         0.9923        32072.9          2.326
        8490000       1.706416           3476         0.9923        32083.9          2.206
        8491000       1.706654           3477         0.9923        32095.7          2.177
        8492000       1.706825           3477         0.9923        32105.7          2.145
        8493000       1.707012           3478         0.9923        32117.3          2.151
        8494000       1.707211           3479         0.9923        32127.4          2.186
        8495000       1.707431           3480         0.9923        32137.0          2.177
        8496000       1.707570           3480         0.9923        32147.9          2.156
        8497000       1.707772           3480         0.9923        32157.4          2.174
        8498000       1.707995           3480         0.9923        32169.0          2.144
        8499000       1.708209           3482         0.9923        32179.3          2.154
        8500000       1.708429           3483         0.9923        32189.0          2.183
        8501000       1.708645           3483         0.9923        32199.3          2.140
        8502000       1.708855           3483         0.9923        32209.8          2.129
        8503000       1.709084           3483         0.9923        32220.4          2.171
        8504000       1.709313           3483         0.9923        32230.5          2.170
        8505000       1.709479           3485         0.9923        32243.0          2.189
        8506000       1.709734           3485         0.9923        32255.7          2.197
        8507000       1.709927           3486         0.9923        32266.0          2.162
        8508000       1.710116           3486         0.9923        32276.1          2.313
        8509000       1.710282           3486         0.9923        32286.7          2.210
        8510000       1.710453           3487         0.9923        32297.5          2.217
        8511000       1.710661           3488         0.9923        32308.5          2.221
        8512000       1.710886           3488         0.9923        32321.3          2.202
        8513000       1.711078           3488         0.9923        32333.4          2.211
        8514000       1.711316           3490         0.9923        32346.1          2.198
        8515000       1.711569           3490         0.9923        32357.9          2.164
        8516000       1.711769           3491         0.9923        32369.4          2.158
        8517000       1.712019           3491         0.9923        32381.9          2.159
        8518000       1.712224           3491         0.9923        32391.6          2.155
        8519000       1.712400           3491         0.9923        32402.5          2.123
        8520000       1.712602           3491         0.9923        32412.9          2.133
        8521000       1.712784           3491         0.9923        32423.5          2.118
        8522000       1.713028           3491         0.9923        32435.1          2.212
        8523000       1.713250           3491         0.9923        32446.3          2.236
        8524000       1.713431           3491         0.9923        32457.2          2.136
        8525000       1.713642           3492         0.9923        32467.5          2.143
        8526000       1.713864           3492         0.9923        32480.1          2.188
        8527000       1.714079           3492         0.9923        32491.2          2.202
        8528000       1.714264           3492         0.9923        32501.7          2.206
        8529000       1.714428           3492         0.9923        32511.7          2.242
        8530000       1.714567           3492         0.9923        32522.0          2.228
        8531000       1.714811           3493         0.9923        32534.6          2.253
        8532000       1.715012           3493         0.9923        32548.5          2.251
        8533000       1.715254           3493         0.9923        32559.5          2.255
        8534000       1.715464           3493         0.9923        32569.9          2.255
        8535000       1.715660           3493         0.9923        32579.8          2.244
        8536000       1.715914           3493         0.9923        32590.2          2.234
        8537000       1.716089           3493         0.9923        32600.1          2.251
        8538000       1.716284           3495         0.9923        32611.5          2.254
        8539000       1.716452           3495         0.9923        32623.3          2.267
        8540000       1.716620           3495         0.9923        32634.4          2.252
        8541000       1.716861           3496         0.9923        32645.2          2.251
        8542000       1.717088           3496         0.9923        32655.7          2.252
        8543000       1.717267           3496         0.9923        32668.1          2.280
        8544000       1.717482           3496         0.9923        32680.8          2.256
        8545000       1.717708           3496         0.9923        32691.6          2.257
        8546000       1.717883           3496         0.9923        32703.1          2.349
        8547000       1.718068           3496         0.9923        32711.8          2.240
        8548000       1.718327           3496         0.9923        32721.1          2.244
        8549000       1.718581           3497         0.9923        32732.5          2.156
        8550000       1.718788           3497         0.9923        32741.6          2.130
        8551000       1.719009           3497         0.9923        32751.7          2.172
        8552000       1.719217           3498         0.9923        32762.1          2.231
        8553000       1.719440           3500         0.9923        32774.2          2.185
        8554000       1.719670           3500         0.9923        32786.8          2.169
        8555000       1.719847           3500         0.9923        32795.6          2.126
        8556000       1.720001           3500         0.9923        32803.9          2.110
        8557000       1.720238           3500         0.9923        32814.3          2.153
        8558000       1.720405           3500         0.9923        32824.9          2.151
        8559000       1.720597           3500         0.9923        32836.1          2.159
        8560000       1.720772           3500         0.9923        32847.5          2.204
        8561000       1.720995           3500         0.9923        32858.4          2.232
        8562000       1.721179           3501         0.9923        32870.1          2.236
        8563000       1.721366           3502         0.9923        32881.7          2.236
        8564000       1.721567           3502         0.9923        32891.5          2.242
        8565000       1.721815           3502         0.9923        32904.1          2.220
        8566000       1.721983           3503         0.9923        32915.5          2.233
        8567000       1.722185           3503         0.9922        32926.3          2.218
        8568000       1.722381           3503         0.9922        32937.8          2.283
        8569000       1.722600           3503         0.9922        32948.7          2.212
        8570000       1.722811           3503         0.9922        32960.0          2.236
        8571000       1.723011           3503         0.9922        32968.1          2.238
        8572000       1.723225           3505         0.9922        32978.2          2.237
        8573000       1.723474           3505         0.9922        32991.7          2.237
        8574000       1.723687           3505         0.9922        33001.6          2.237
        8575000       1.723906           3505         0.9922        33011.3          2.240
        8576000       1.724135           3506         0.9922        33021.9          2.233
        8577000       1.724332           3506         0.9922        33032.6          2.229
        8578000       1.724521           3506         0.9922        33043.3          2.230
        8579000       1.724747           3506         0.9922        33053.6          2.214
        8580000       1.724932           3506         0.9922        33062.4          2.214
        8581000       1.725155           3507         0.9922        33072.8          2.169
        8582000       1.725364           3508         0.9922        33083.2          2.163
        8583000       1.725517           3508         0.9922        33091.2          2.162
        8584000       1.725775           3508         0.9922        33102.1          2.118
        8585000       1.726040           3508         0.9922        33114.3          2.149
        8586000       1.726234           3509         0.9922        33124.0          2.146
        8587000       1.726442           3509         0.9922        33131.8          2.162
        8588000       1.726633           3509         0.9922        33144.4          2.154
        8589000       1.726813           3509         0.9922        33154.4          2.165
        8590000       1.726960           3509         0.9922        33162.9          2.162
        8591000       1.727210           3509         0.9922        33173.7          2.169
        8592000       1.727391           3510         0.9922        33183.8          2.161
        8593000       1.727627           3510         0.9922        33194.1          2.236
        8594000       1.727875           3510         0.9922        33204.3          2.137
        8595000       1.728118           3510         0.9922        33214.8          2.147
        8596000       1.728347           3513         0.9922        33222.9          2.139
        8597000       1.728530           3514         0.9922        33231.8          2.131
        8598000       1.728754           3515         0.9922        33243.0          2.115
        8599000       1.728983           3515         0.9922        33251.8          2.164
        8600000       1.729179           3515         0.9922        33262.6          2.213
        8601000       1.729331           3516         0.9922        33270.3          2.228
        8602000       1.729532           3517         0.9922        33278.5          2.223
        8603000       1.729716           3517         0.9922        33287.2          2.196
        8604000       1.729937           3517         0.9922        33296.4          2.219
        8605000       1.730127           3517         0.9922        33306.6          2.216
        8606000       1.730318           3519         0.9922        33316.0          2.198
        8607000       1.730541           3519         0.9922        33326.9          2.172
        8608000       1.730724           3520         0.9922        33335.1          2.163
        8609000       1.730935           3521         0.9922        33345.3          2.150
        8610000       1.731124           3522         0.9922        33355.3          2.167
        8611000       1.731335           3522         0.9922        33366.4          2.254
        8612000       1.731487           3522         0.9922        33375.9          2.133
        8613000       1.731672           3524         0.9922        33388.2          2.154
        8614000       1.731891           3524         0.9922        33399.0          2.165
        8615000       1.732054           3524         0.9922        33407.1          2.166
        8616000       1.732297           3525         0.9922        33419.0          2.149
        8617000       1.732514           3526         0.9922        33429.2          2.126
        8618000       1.732677           3526         0.9922        33439.0          2.177
        8619000       1.732886           3526         0.9922        33451.2          2.147
        8620000       1.733097           3526         0.9922        33460.5          2.152
        8621000       1.733275           3526         0.9922        33471.7          2.134
        8622000       1.733521           3526         0.9922        33483.7          2.112
        8623000       1.733739           3526         0.9922        33495.3          2.073
        8624000       1.733906           3526         0.9922        33505.9          2.095
        8625000       1.734116           3526         0.9922        33518.1          2.067
        8626000       1.734349           3526         0.9922        33529.4          2.073
        8627000       1.734616           3526         0.9922        33540.5          2.074
        8628000       1.734813           3526         0.9922        33550.4          2.072
        8629000       1.734999           3526         0.9922        33561.7          2.080
        8630000       1.735269           3527         0.9922        33571.6          2.100
        8631000       1.735448           3527         0.9922        33581.0          2.116
        8632000       1.735679           3528         0.9922        33592.9          2.130
        8633000       1.735944           3528         0.9922        33604.8          2.129
        8634000       1.736164           3528         0.9922        33615.0          2.153
        8635000       1.736387           3529         0.9922        33624.9          2.101
        8636000       1.736608           3529         0.9922        33634.3          2.150
        8637000       1.736891           3530         0.9922        33646.0          2.227
        8638000       1.737180           3530         0.9922        33657.3          2.181
        8639000       1.737328           3531         0.9922        33667.2          2.193
        8640000       1.737510           3531         0.9922        33676.5          2.083
        8641000       1.737663           3531         0.9922        33684.1          2.106
        8642000       1.737842           3531         0.9922        33692.5          2.130
        8643000       1.738056           3531         0.9922        33703.8          2.080
        8644000       1.738277           3531         0.9922        33715.5          2.114
        8645000       1.738479           3531         0.9922        33725.7          2.081
        8646000       1.738668           3531         0.9922        33734.8          2.091
        8647000       1.738914           3531         0.9922        33744.9          2.158
        8648000       1.739068           3531         0.9922        33754.9          2.097
        8649000       1.739282           3531         0.9922        33766.6          2.136
        8650000       1.739523           3531         0.9922        33776.3          2.133
        8651000       1.739688           3533         0.9922        33784.8          2.146
        8652000       1.739864           3534         0.9922        33794.4          2.161
        8653000       1.740086           3534         0.9922        33804.2          2.151
        8654000       1.740251           3534         0.9922        33814.2          2.153
        8655000       1.740461           3535         0.9922        33822.6          2.190
        8656000       1.740669           3536         0.9922        33832.1          2.165
        8657000       1.740874           3536         0.9922        33841.6          2.195
        8658000       1.741105           3537         0.9922        33850.9          2.203
        8659000       1.741332           3537         0.9922        33861.3          2.118
        8660000       1.741608           3537         0.9922        33871.3          2.179
        8661000       1.741781           3537         0.9922        33880.4          2.195
        8662000       1.741966           3538         0.9922        33889.7          2.177
        8663000       1.742193           3538         0.9922        33898.4          2.142
        8664000       1.742429           3539         0.9922        33908.2          2.143
        8665000       1.742639           3540         0.9922        33917.0          2.126
        8666000       1.742849           3541         0.9922        33927.3          2.207
        8667000       1.743009           3542         0.9922        33937.2          2.183
        8668000       1.743220           3542         0.9922        33947.5          2.301
        8669000       1.743407           3542         0.9922        33957.3          2.282
        8670000       1.743587           3543         0.9922        33964.5          2.245
        8671000       1.743821           3543         0.9922        33975.7          2.219
        8672000       1.743989           3544         0.9922        33984.9          2.303
        8673000       1.744213           3545         0.9922        33996.0          2.262
        8674000       1.744433           3545         0.9922        34006.3          2.249
        8675000       1.744685           3546         0.9922        34016.7          2.224
        8676000       1.744851           3547         0.9922        34027.7          2.221
        8677000       1.745040           3547         0.9922        34037.7          2.156
        8678000       1.745228           3550         0.9922        34047.2          2.170
        8679000       1.745421           3550         0.9922        34055.9          2.235
        8680000       1.745661           3550         0.9922        34067.3          2.284
        8681000       1.745845           3550         0.9922        34077.1          2.256
        8682000       1.746106           3550         0.9922        34088.3          2.257
        8683000       1.746309           3550         0.9922        34097.1          2.257
        8684000       1.746508           3550         0.9922        34108.0          2.246
        8685000       1.746713           3550         0.9922        34118.5          2.263
        8686000       1.746927           3550         0.9922        34127.2          2.271
        8687000       1.747156           3550         0.9922        34138.3          2.249
        8688000       1.747383           3552         0.9922        34149.2          2.196
        8689000       1.747584           3553         0.9922        34160.2          2.177
        8690000       1.747747           3553         0.9922        34172.3          2.184
        8691000       1.747954           3553         0.9922        34182.5          2.136
        8692000       1.748173           3553         0.9922        34192.5          2.136
        8693000       1.748452           3553         0.9922        34202.5          2.193
        8694000       1.748647           3554         0.9922        34211.8          2.153
        8695000       1.748852           3554         0.9922        34221.7          2.190
        8696000       1.749030           3554         0.9922        34233.1          2.142
        8697000       1.749268           3555         0.9922        34244.6          2.146
        8698000       1.749512           3555         0.9922        34255.9          2.122
        8699000       1.749723           3555         0.9922        34266.2          2.147
        8700000       1.749954           3555         0.9922        34277.0          2.161
        8701000       1.750146           3556         0.9922        34287.4          2.161
        8702000       1.750360           3556         0.9922        34298.3          2.135
        8703000       1.750543           3557         0.9922        34306.1          2.148
        8704000       1.750710           3557         0.9922        34317.0          2.143
        8705000       1.750957           3559         0.9922        34327.7          2.142
        8706000       1.751188           3560         0.9922        34339.2          2.180
        8707000       1.751403           3562         0.9922        34347.5          2.184
        8708000       1.751611           3563         0.9922        34357.3          2.149
        8709000       1.751837           3563         0.9922        34368.0          2.164
        8710000       1.752075           3563         0.9922        34377.0          2.171
        8711000       1.752229           3563         0.9922        34387.1          2.153
        8712000       1.752419           3564         0.9922        34396.8          2.103
        8713000       1.752606           3564         0.9922        34406.0          2.110
        8714000       1.752844           3565         0.9922        34416.8          2.056
        8715000       1.752997           3565         0.9922        34424.7          2.076
        8716000       1.753217           3565         0.9922        34434.6          2.093
        8717000       1.753444           3566         0.9922        34443.4          2.121
        8718000       1.753663           3566         0.9922        34453.1          2.080
        8719000       1.753884           3568         0.9922        34462.1          2.133
        8720000       1.754113           3568         0.9922        34472.6          2.111
        8721000       1.754312           3568         0.9922        34482.7          2.130
        8722000       1.754537           3568         0.9922        34491.2          2.142
        8723000       1.754784           3568         0.9922        34501.0          2.129
        8724000       1.754974           3568         0.9922        34511.7          2.140
        8725000       1.755177           3568         0.9922        34521.3          2.145
        8726000       1.755429           3568         0.9922        34531.4          2.182
        8727000       1.755669           3568         0.9922        34542.0          2.201
        8728000       1.755917           3568         0.9922        34550.8          2.201
        8729000       1.756093           3568         0.9922        34560.5          2.197
        8730000       1.756278           3568         0.9922        34570.2          2.199
        8731000       1.756470           3569         0.9922        34581.8          2.205
        8732000       1.756691           3569         0.9922        34592.1          2.206
        8733000       1.756890           3570         0.9922        34602.6          2.192
        8734000       1.757095           3571         0.9922        34612.7          2.172
        8735000       1.757307           3572         0.9922        34622.4          2.182
        8736000       1.757484           3572         0.9922        34631.1          2.177
        8737000       1.757713           3572         0.9922        34643.3          2.139
        8738000       1.757946           3574         0.9922        34653.6          2.171
        8739000       1.758211           3574         0.9922        34664.2          2.160
        8740000       1.758457           3574         0.9921        34675.6          2.149
        8741000       1.758619           3574         0.9921        34685.4          2.179
        8742000       1.758812           3574         0.9921        34694.6          2.221
        8743000       1.759052           3574         0.9921        34704.0          2.294
        8744000       1.759293           3574         0.9921        34713.5          2.273
        8745000       1.759537           3574         0.9921        34723.5          2.281
        8746000       1.759746           3574         0.9921        34733.1          2.306
        8747000       1.759924           3575         0.9921        34742.5          2.168
        8748000       1.760110           3575         0.9921        34752.9          2.158
        8749000       1.760360           3575         0.9921        34764.9          2.164
        8750000       1.760553           3575         0.9921        34773.9          2.163
        8751000       1.760778           3575         0.9921        34784.4          2.164
        8752000       1.761013           3575         0.9921        34794.6          2.143
        8753000       1.761215           3575         0.9921        34804.9          2.182
        8754000       1.761428           3577         0.9921        34815.6          2.142
        8755000       1.761625           3577         0.9921        34825.5          2.177
        8756000       1.761809           3578         0.9921        34834.8          2.130
        8757000       1.762041           3578         0.9921        34845.3          2.139
        8758000       1.762291           3579         0.9921        34855.8          2.182
        8759000       1.762483           3579         0.9921        34867.0          2.213
        8760000       1.762729           3579         0.9921        34877.4          2.207
        8761000       1.762955           3579         0.9921        34887.0          2.159
        8762000       1.763205           3580         0.9921        34897.2          2.076
        8763000       1.763462           3580         0.9921        34906.6          2.066
        8764000       1.763700           3580         0.9921        34915.8          2.223
        8765000       1.763948           3580         0.9921        34926.0          2.225
        8766000       1.764137           3580         0.9921        34934.2          2.223
        8767000       1.764326           3581         0.9921        34942.7          2.214
        8768000       1.764516           3581         0.9921        34951.3          2.193
        8769000       1.764780           3581         0.9921        34960.2          2.208
        8770000       1.764970           3582         0.9921        34970.6          2.213
        8771000       1.765137           3582         0.9921        34977.7          2.148
        8772000       1.765340           3582         0.9921        34986.5          2.221
        8773000       1.765531           3582         0.9921        34994.9          2.213
        8774000       1.765740           3583         0.9921        35005.0          2.240
        8775000       1.765978           3583         0.9921        35014.8          2.227
        8776000       1.766227           3583         0.9921        35025.9          2.218
        8777000       1.766449           3583         0.9921        35035.6          2.235
        8778000       1.766659           3584         0.9921        35045.6          2.254
        8779000       1.766869           3584         0.9921        35055.9          2.185
        8780000       1.767065           3585         0.9921        35066.5          2.198
        8781000       1.767241           3585         0.9921        35077.5          2.242
        8782000       1.767482           3586         0.9921        35088.3          2.237
        8783000       1.767715           3588         0.9921        35099.9          2.220
        8784000       1.767927           3589         0.9921        35108.7          2.209
        8785000       1.768128           3589         0.9921        35118.7          2.194
        8786000       1.768330           3589         0.9921        35128.5          2.211
        8787000       1.768522           3589         0.9921        35138.2          2.274
        8788000       1.768713           3589         0.9921        35149.3          2.251
        8789000       1.768958           3589         0.9921        35159.3          2.213
        8790000       1.769178           3589         0.9921        35168.4          2.223
        8791000       1.769376           3590         0.9921        35175.4          2.232
        8792000       1.769594           3590         0.9921        35186.0          2.239
        8793000       1.769830           3591         0.9921        35197.6          2.216
        8794000       1.770053           3591         0.9921        35207.7          2.212
        8795000       1.770256           3592         0.9921        35217.8          2.221
        8796000       1.770434           3592         0.9921        35227.5          2.354
        8797000       1.770668           3592         0.9921        35237.0          2.366
        8798000       1.770876           3592         0.9921        35246.0          2.356
        8799000       1.771074           3592         0.9921        35256.5          2.246
        8800000       1.771266           3592         0.9921        35264.5          2.245
        8801000       1.771463           3593         0.9921        35273.3          2.191
        8802000       1.771721           3593         0.9921        35284.7          2.235
        8803000       1.771922           3593         0.9921        35293.1          2.218
        8804000       1.772057           3593         0.9921        35301.8          2.224
        8805000       1.772282           3593         0.9921        35310.6          2.161
        8806000       1.772523           3593         0.9921        35321.0          2.229
        8807000       1.772742           3593         0.9921        35332.0          2.209
        8808000       1.772945           3593         0.9921        35342.0          2.117
        8809000       1.773165           3593         0.9921        35351.3          2.118
        8810000       1.773345           3595         0.9921        35360.3          2.068
        8811000       1.773551           3595         0.9921        35369.9          2.124
        8812000       1.773776           3596         0.9921        35380.3          2.158
        8813000       1.773977           3596         0.9921        35391.1          2.158
        8814000       1.774226           3597         0.9921        35401.0          2.173
        8815000       1.774406           3597         0.9921        35412.2          2.188
        8816000       1.774644           3598         0.9921        35423.4          2.184
        8817000       1.774824           3598         0.9921        35433.7          2.190
        8818000       1.775023           3598         0.9921        35443.6          2.199
        8819000       1.775226           3599         0.9921        35454.5          2.235
        8820000       1.775450           3599         0.9921        35464.2          2.238
        8821000       1.775618           3599         0.9921        35475.6          2.192
        8822000       1.775815           3599         0.9921        35488.8          2.245
        8823000       1.776000           3599         0.9921        35498.7          2.237
        8824000       1.776180           3599         0.9921        35507.0          2.225
        8825000       1.776395           3602         0.9921        35515.7          2.250
        8826000       1.776634           3602         0.9921        35525.7          2.226
        8827000       1.776841           3604         0.9921        35537.5          2.183
        8828000       1.777043           3604         0.9921        35548.4          2.151
        8829000       1.777163           3604         0.9921        35556.1          2.194
        8830000       1.777356           3605         0.9921        35566.4          2.173
        8831000       1.777543           3605         0.9921        35577.1          2.167
        8832000       1.777736           3606         0.9921        35588.7          2.161
        8833000       1.777925           3606         0.9921        35597.6          2.152
        8834000       1.778067           3606         0.9921        35606.1          2.186
        8835000       1.778286           3606         0.9921        35615.8          2.187
        8836000       1.778515           3607         0.9921        35626.1          2.150
        8837000       1.778688           3607         0.9921        35637.6          2.213
        8838000       1.778893           3607         0.9921        35648.4          2.169
        8839000       1.779122           3608         0.9921        35658.8          2.109
        8840000       1.779331           3608         0.9921        35667.4          2.220
        8841000       1.779539           3608         0.9921        35678.4          2.149
        8842000       1.779775           3609         0.9921        35686.1          2.122
        8843000       1.779991           3610         0.9921        35699.1          2.109
        8844000       1.780197           3611         0.9921        35710.0          2.116
        8845000       1.780372           3612         0.9921        35720.2          2.104
        8846000       1.780548           3612         0.9921        35730.0          2.107
        8847000       1.780714           3612         0.9921        35740.9          2.157
        8848000       1.780898           3612         0.9921        35752.2          2.210
        8849000       1.781119           3612         0.9921        35762.6          2.248
        8850000       1.781334           3612         0.9921        35772.4          2.138
        8851000       1.781568           3612         0.9921        35781.9          2.094
        8852000       1.781760           3615         0.9921        35793.0          2.102
        8853000       1.781936           3615         0.9921        35803.9          2.090
        8854000       1.782118           3616         0.9921        35813.1          2.112
        8855000       1.782349           3618         0.9921        35823.7          2.117
        8856000       1.782571           3618         0.9921        35834.5          2.160
        8857000       1.782815           3619         0.9921        35845.6          2.182
        8858000       1.782984           3619         0.9921        35856.2          2.206
        8859000       1.783227           3620         0.9921        35866.7          2.211
        8860000       1.783471           3620         0.9921        35876.5          2.223
        8861000       1.783680           3620         0.9921        35885.5          2.227
        8862000       1.783943           3620         0.9921        35896.2          2.212
        8863000       1.784147           3620         0.9921        35906.6          2.225
        8864000       1.784410           3621         0.9921        35917.0          2.207
        8865000       1.784619           3621         0.9921        35929.5          2.172
        8866000       1.784826           3621         0.9921        35941.8          2.174
        8867000       1.785045           3621         0.9921        35952.2          2.074
        8868000       1.785323           3624         0.9921        35963.7          2.090
        8869000       1.785467           3624         0.9921        35971.5          2.151
        8870000       1.785653           3625         0.9921        35981.8          2.063
        8871000       1.785829           3625         0.9921        35992.0          2.066
        8872000       1.786011           3625         0.9921        36000.8          2.071
        8873000       1.786203           3625         0.9921        36011.4          2.082
        8874000       1.786374           3625         0.9921        36020.2          2.072
        8875000       1.786549           3625         0.9921        36029.3          2.057
        8876000       1.786797           3625         0.9921        36040.1          2.103
        8877000       1.787093           3626         0.9921        36050.1          2.079
        8878000       1.787277           3626         0.9921        36059.5          2.142
        8879000       1.787431           3626         0.9921        36068.8          2.173
        8880000       1.787601           3627         0.9921        36077.1          2.162
        8881000       1.787825           3627         0.9921        36086.5          2.176
        8882000       1.788116           3627         0.9921        36096.9          2.205
        8883000       1.788342           3627         0.9921        36107.8          2.200
        8884000       1.788555           3627         0.9921        36117.0          2.151
        8885000       1.788716           3627         0.9921        36125.3          2.208
        8886000       1.788947           3627         0.9921        36134.4          2.102
        8887000       1.789147           3628         0.9921        36144.5          2.100
        8888000       1.789371           3628         0.9921        36153.5          2.119
        8889000       1.789559           3628         0.9921        36165.6          2.193
        8890000       1.789722           3629         0.9921        36174.5          2.237
        8891000       1.789950           3629         0.9921        36185.0          2.251
        8892000       1.790181           3629         0.9921        36195.7          2.283
        8893000       1.790389           3629         0.9921        36206.5          2.240
        8894000       1.790648           3630         0.9921        36217.4          2.294
        8895000       1.790868           3630         0.9921        36226.4          2.290
        8896000       1.791103           3630         0.9921        36236.5          2.298
        8897000       1.791305           3630         0.9921        36248.4          2.307
        8898000       1.791498           3630         0.9921        36256.8          2.307
        8899000       1.791739           3630         0.9921        36266.8          2.313
        8900000       1.791949           3632         0.9921        36276.6          2.303
        8901000       1.792192           3632         0.9921        36286.8          2.285
        8902000       1.792414           3632         0.9921        36297.0          2.299
        8903000       1.792629           3634         0.9921        36308.5          2.300
        8904000       1.792848           3634         0.9921        36318.7          2.280
        8905000       1.793102           3636         0.9921        36329.8          2.307
        8906000       1.793354           3636         0.9921        36338.8          2.282
        8907000       1.793514           3637         0.9921        36347.6          2.270
        8908000       1.793749           3637         0.9921        36359.2          2.267
        8909000       1.793969           3637         0.9921        36370.5          2.279
        8910000       1.794181           3637         0.9921        36379.0          2.268
        8911000       1.794435           3638         0.9921        36388.7          2.265
        8912000       1.794610           3638         0.9921        36398.1          2.368
        8913000       1.794824           3638         0.9921        36408.3          2.395
        8914000       1.795039           3640         0.9921        36418.8          2.459
        8915000       1.795233           3640         0.9921        36427.9          2.590
        8916000       1.795404           3641         0.9921        36437.4          2.447
        8917000       1.795588           3641         0.9921        36448.0          2.425
        8918000       1.795766           3642         0.9921        36456.6          2.387
        8919000       1.795932           3642         0.9921        36465.9          2.385
        8920000       1.796132           3642         0.9921        36474.7          2.428
        8921000       1.796331           3642         0.9921        36483.2          2.286
        8922000       1.796537           3642         0.9921        36492.7          2.244
        8923000       1.796745           3643         0.9921        36501.6          2.244
        8924000       1.797010           3644         0.9921        36511.7          2.266
        8925000       1.797190           3645         0.9921        36523.7          2.250
        8926000       1.797417           3645         0.9921        36533.3          2.234
        8927000       1.797612           3645         0.9921        36542.6          2.194
        8928000       1.797776           3645         0.9921        36551.5          2.222
        8929000       1.797981           3645         0.9921        36561.5          2.214
        8930000       1.798165           3645         0.9921        36571.9          2.236
        8931000       1.798389           3645         0.9921        36581.8          2.270
        8932000       1.798566           3645         0.9921        36590.2          2.263
        8933000       1.798725           3646         0.9921        36599.2          2.289
        8934000       1.799006           3647         0.9921        36608.4          2.273
        8935000       1.799235           3647         0.9921        36618.5          2.257
        8936000       1.799423           3647         0.9921        36629.3          2.281
        8937000       1.799639           3648         0.9921        36640.7          2.289
        8938000       1.799861           3648         0.9921        36649.4          2.276
        8939000       1.800096           3648         0.9921        36659.5          2.278
        8940000       1.800332           3648         0.9921        36671.3          2.276
        8941000       1.800509           3648         0.9921        36681.1          2.279
        8942000       1.800739           3648         0.9920        36692.3          2.298
        8943000       1.800919           3648         0.9920        36703.3          2.383
        8944000       1.801162           3648         0.9920        36715.0          2.236
        8945000       1.801359           3650         0.9920        36724.6          2.270
        8946000       1.801547           3651         0.9920        36735.4          2.202
        8947000       1.801742           3651         0.9920        36746.3          2.214
        8948000       1.802007           3651         0.9920        36756.6          2.213
        8949000       1.802245           3651         0.9920        36766.6          2.193
        8950000       1.802457           3651         0.9920        36779.8          2.183
        8951000       1.802674           3653         0.9920        36790.7          2.215
        8952000       1.802898           3653         0.9920        36800.5          2.203
        8953000       1.803107           3654         0.9920        36811.9          2.208
        8954000       1.803306           3654         0.9920        36821.8          2.218
        8955000       1.803512           3654         0.9920        36832.0          2.189
        8956000       1.803738           3654         0.9920        36841.9          2.195
        8957000       1.803930           3657         0.9920        36849.6          2.212
        8958000       1.804158           3657         0.9920        36860.4          2.204
        8959000       1.804386           3658         0.9920        36871.0          2.314
        8960000       1.804563           3658         0.9920        36880.4          2.184
        8961000       1.804774           3658         0.9920        36891.0          2.188
        8962000       1.805044           3658         0.9920        36902.8          2.210
        8963000       1.805268           3658         0.9920        36912.8          2.236
        8964000       1.805490           3660         0.9920        36922.3          2.212
        8965000       1.805729           3660         0.9920        36931.2          2.187
        8966000       1.805930           3660         0.9920        36941.6          2.213
        8967000       1.806147           3660         0.9920        36954.1          2.234
        8968000       1.806375           3660         0.9920        36966.0          2.232
        8969000       1.806583           3661         0.9920        36975.4          2.310
        8970000       1.806818           3661         0.9920        36985.5          2.201
        8971000       1.807059           3661         0.9920        36994.7          2.197
        8972000       1.807268           3662         0.9920        37006.3          2.265
        8973000       1.807451           3662         0.9920        37015.4          2.200
        8974000       1.807650           3662         0.9920        37026.6          2.231
        8975000       1.807898           3662         0.9920        37037.1          2.288
        8976000       1.808085           3662         0.9920        37046.8          2.164
        8977000       1.808321           3663         0.9920        37056.7          2.160
        8978000       1.808561           3663         0.9920        37066.5          2.205
        8979000       1.808817           3663         0.9920        37076.8          2.281
        8980000       1.809022           3663         0.9920        37086.0          2.186
        8981000       1.809242           3663         0.9920        37095.1          2.276
        8982000       1.809460           3664         0.9920        37106.2          2.175
        8983000       1.809718           3664         0.9920        37116.1          2.183
        8984000       1.809936           3664         0.9920        37126.0          2.185
        8985000       1.810136           3664         0.9920        37136.0          2.197
        8986000       1.810356           3665         0.9920        37145.3          2.197
        8987000       1.810564           3666         0.9920        37157.4          2.232
        8988000       1.810790           3666         0.9920        37167.4          2.177
        8989000       1.810962           3666         0.9920        37178.1          2.174
        8990000       1.811203           3669         0.9920        37188.1          2.148
        8991000       1.811426           3669         0.9920        37197.7          2.163
        8992000       1.811575           3669         0.9920        37206.0          2.186
        8993000       1.811780           3670         0.9920        37215.3          2.177
        8994000       1.811952           3671         0.9920        37224.5          2.191
        8995000       1.812137           3671         0.9920        37235.8          2.206
        8996000       1.812372           3671         0.9920        37246.6          2.228
        8997000       1.812541           3671         0.9920        37256.2          2.191
        8998000       1.812747           3672         0.9920        37266.8          2.195
        8999000       1.812915           3672         0.9920        37275.5          2.200
        9000000       1.813117           3672         0.9920        37285.7          2.202
        9001000       1.813293           3672         0.9920        37294.2          2.204
        9002000       1.813464           3672         0.9920        37303.8          2.170
        9003000       1.813627           3672         0.9920        37313.3          2.205
        9004000       1.813822           3673         0.9920        37325.1          2.180
        9005000       1.814069           3673         0.9920        37337.6          2.217
        9006000       1.814255           3673         0.9920        37347.5          2.311
        9007000       1.814502           3674         0.9920        37357.5          2.210
        9008000       1.814749           3674         0.9920        37369.2          2.223
        9009000       1.814954           3674         0.9920        37376.8          2.228
        9010000       1.815168           3675         0.9920        37387.5          2.224
        9011000       1.815345           3675         0.9920        37397.5          2.181
        9012000       1.815568           3676         0.9920        37407.6          2.177
        9013000       1.815772           3676         0.9920        37416.4          2.170
        9014000       1.815971           3676         0.9920        37426.3          2.163
        9015000       1.816153           3676         0.9920        37436.7          2.173
        9016000       1.816352           3676         0.9920        37448.4          2.163
        9017000       1.816543           3676         0.9920        37459.9          2.158
        9018000       1.816773           3676         0.9920        37471.3          2.132
        9019000       1.816954           3676         0.9920        37480.5          2.146
        9020000       1.817155           3676         0.9920        37490.5          2.160
        9021000       1.817367           3676         0.9920        37499.6          2.165
        9022000       1.817578           3676         0.9920        37509.2          2.229
        9023000       1.817787           3677         0.9920        37519.3          2.136
        9024000       1.817981           3677         0.9920        37530.3          2.211
        9025000       1.818148           3677         0.9920        37541.0          2.193
        9026000       1.818351           3677         0.9920        37552.1          2.220
        9027000       1.818587           3677         0.9920        37563.2          2.202
        9028000       1.818808           3677         0.9920        37574.6          2.163
        9029000       1.819000           3679         0.9920        37584.0          2.190
        9030000       1.819216           3679         0.9920        37593.6          2.205
        9031000       1.819443           3679         0.9920        37605.6          2.198
        9032000       1.819644           3679         0.9920        37616.4          2.170
        9033000       1.819850           3679         0.9920        37627.1          2.182
        9034000       1.820009           3679         0.9920        37636.9          2.173
        9035000       1.820246           3680         0.9920        37646.8          2.182
        9036000       1.820421           3681         0.9920        37656.8          2.192
        9037000       1.820627           3681         0.9920        37668.2          2.177
        9038000       1.820841           3681         0.9920        37680.4          2.162
        9039000       1.821054           3681         0.9920        37692.7          2.116
        9040000       1.821268           3681         0.9920        37703.7          2.105
        9041000       1.821435           3681         0.9920        37715.8          2.115
        9042000       1.821692           3681         0.9920        37727.2          2.105
        9043000       1.821873           3681         0.9920        37738.2          2.115
        9044000       1.822013           3681         0.9920        37747.8          2.106
        9045000       1.822201           3681         0.9920        37757.0          2.106
        9046000       1.822413           3681         0.9920        37767.6          2.101
        9047000       1.822620           3681         0.9920        37778.5          2.104
        9048000       1.822835           3682         0.9920        37789.5          2.105
        9049000       1.823041           3682         0.9920        37801.3          2.126
        9050000       1.823216           3682         0.9920        37811.8          2.120
        9051000       1.823439           3682         0.9920        37822.3          2.100
        9052000       1.823659           3682         0.9920        37834.3          2.123
        9053000       1.823825           3682         0.9920        37845.3          2.102
        9054000       1.824036           3682         0.9920        37856.8          2.102
        9055000       1.824239           3682         0.9920        37866.4          2.096
        9056000       1.824384           3682         0.9920        37874.5          2.092
        9057000       1.824600           3682         0.9920        37884.3          2.101
        9058000       1.824809           3682         0.9920        37892.4          2.145
        9059000       1.825073           3683         0.9920        37903.8          2.304
        9060000       1.825280           3683         0.9920        37915.5          2.228
        9061000       1.825435           3683         0.9920        37927.2          2.137
        9062000       1.825593           3683         0.9920        37936.7          2.137
        9063000       1.825784           3684         0.9920        37947.2          2.140
        9064000       1.825965           3684         0.9920        37957.1          2.144
        9065000       1.826171           3685         0.9920        37966.5          2.148
        9066000       1.826390           3685         0.9920        37978.1          2.185
        9067000       1.826620           3685         0.9920        37990.1          2.172
        9068000       1.826793           3685         0.9920        38001.0          2.197
        9069000       1.827008           3685         0.9920        38013.1          2.184
        9070000       1.827181           3685         0.9920        38023.1          2.191
        9071000       1.827362           3686         0.9920        38033.2          2.192
        9072000       1.827565           3686         0.9920        38044.1          2.181
        9073000       1.827767           3686         0.9920        38054.5          2.178
        9074000       1.828013           3688         0.9920        38065.5          2.190
        9075000       1.828189           3688         0.9920        38076.4          2.180
        9076000       1.828344           3690         0.9920        38086.8          2.143
        9077000       1.828541           3690         0.9920        38096.1          2.268
        9078000       1.828793           3691         0.9920        38107.5          2.192
        9079000       1.828983           3692         0.9920        38117.6          2.164
        9080000       1.829147           3694         0.9920        38126.4          2.178
        9081000       1.829326           3694         0.9920        38136.1          2.171
        9082000       1.829523           3696         0.9920        38144.6          2.121
        9083000       1.829763           3697         0.9920        38158.6          2.156
        9084000       1.829968           3698         0.9920        38168.9          2.175
        9085000       1.830204           3699         0.9920        38179.2          2.183
        9086000       1.830428           3699         0.9920        38189.7          2.187
        9087000       1.830641           3699         0.9920        38202.0          2.210
        9088000       1.830830           3700         0.9920        38212.1          2.221
        9089000       1.831015           3702         0.9920        38221.9          2.191
        9090000       1.831235           3702         0.9920        38233.0          2.177
        9091000       1.831438           3703         0.9920        38244.2          2.147
        9092000       1.831605           3703         0.9920        38255.6          2.171
        9093000       1.831790           3703         0.9920        38266.0          2.169
        9094000       1.831987           3703         0.9920        38278.0          2.188
        9095000       1.832185           3704         0.9920        38288.7          2.191
        9096000       1.832393           3704         0.9920        38300.9          2.239
        9097000       1.832558           3705         0.9920        38311.8          2.226
        9098000       1.832742           3705         0.9920        38324.3          2.203
        9099000       1.832920           3705         0.9920        38334.2          2.208
        9100000       1.833117           3705         0.9920        38344.3          2.289
        9101000       1.833311           3705         0.9920        38355.2          2.214
        9102000       1.833474           3706         0.9920        38366.4          2.217
        9103000       1.833712           3706         0.9920        38377.9          2.217
        9104000       1.833906           3706         0.9920        38388.9          2.191
        9105000       1.834124           3707         0.9920        38401.4          2.155
        9106000       1.834289           3708         0.9920        38411.0          2.182
        9107000       1.834584           3709         0.9920        38423.3          2.209
        9108000       1.834772           3709         0.9920        38434.6          2.206
        9109000       1.835018           3709         0.9920        38445.7          2.197
        9110000       1.835238           3710         0.9920        38456.7          2.227
        9111000       1.835465           3710         0.9920        38466.6          2.223
        9112000       1.835620           3710         0.9920        38477.0          2.239
        9113000       1.835802           3710         0.9920        38488.9          2.259
        9114000       1.836070           3711         0.9920        38499.2          2.263
        9115000       1.836293           3711         0.9920        38513.6          2.239
        9116000       1.836537           3711         0.9920        38524.4          2.258
        9117000       1.836831           3711         0.9920        38535.4          2.248
        9118000       1.837095           3712         0.9920        38546.9          2.235
        9119000       1.837264           3712         0.9920        38557.9          2.256
        9120000       1.837463           3712         0.9920        38568.6          2.266
        9121000       1.837706           3712         0.9920        38580.8          2.244
        9122000       1.837897           3712         0.9920        38590.3          2.240
        9123000       1.838119           3712         0.9920        38604.1          2.364
        9124000       1.838328           3713         0.9920        38615.3          2.359
        9125000       1.838566           3713         0.9920        38626.5          2.263
        9126000       1.838828           3714         0.9920        38638.2          2.260
        9127000       1.839037           3714         0.9920        38649.3          2.253
        9128000       1.839261           3714         0.9920        38659.4          2.204
        9129000       1.839431           3715         0.9920        38669.1          2.221
        9130000       1.839624           3715         0.9920        38681.0          2.305
        9131000       1.839851           3715         0.9920        38691.8          2.385
        9132000       1.840040           3715         0.9920        38703.7          2.372
        9133000       1.840260           3715         0.9920        38714.9          2.340
        9134000       1.840509           3715         0.9920        38727.8          2.378
        9135000       1.840690           3716         0.9920        38737.5          2.370
        9136000       1.840920           3717         0.9920        38747.8          2.298
        9137000       1.841120           3717         0.9920        38758.3          2.299
        9138000       1.841325           3717         0.9920        38769.5          2.310
        9139000       1.841534           3717         0.9920        38779.5          2.255
        9140000       1.841744           3717         0.9920        38791.6          2.209
        9141000       1.841925           3717         0.9920        38802.3          2.196
        9142000       1.842102           3718         0.9920        38812.1          2.162
        9143000       1.842328           3718         0.9920        38823.2          2.191
        9144000       1.842480           3718         0.9920        38831.8          2.231
        9145000       1.842670           3718         0.9920        38842.4          2.230
        9146000       1.842929           3718         0.9920        38852.9          2.248
        9147000       1.843145           3718         0.9920        38863.0          2.216
        9148000       1.843279           3718         0.9920        38871.8          2.147
        9149000       1.843448           3718         0.9920        38883.3          2.145
        9150000       1.843657           3718         0.9920        38893.4          2.200
        9151000       1.843849           3719         0.9920        38905.2          2.211
        9152000       1.844007           3719         0.9920        38915.9          2.215
        9153000       1.844190           3719         0.9920        38926.7          2.322
        9154000       1.844406           3719         0.9920        38937.7          2.226
        9155000       1.844615           3719         0.9920        38948.7          2.209
        9156000       1.844848           3719         0.9920        38959.9          2.282
        9157000       1.845045           3719         0.9920        38970.9          2.258
        9158000       1.845243           3719         0.9920        38981.3          2.292
        9159000       1.845469           3721         0.9920        38991.8          2.299
        9160000       1.845706           3721         0.9920        39000.9          2.265
        9161000       1.845870           3722         0.9920        39011.3          2.265
        9162000       1.846093           3722         0.9920        39021.3          2.220
        9163000       1.846302           3724         0.9920        39034.1          2.172
        9164000       1.846471           3724         0.9920        39044.4          2.270
        9165000       1.846650           3725         0.9920        39055.8          2.149
        9166000       1.846882           3725         0.9920        39067.7          2.162
        9167000       1.847087           3726         0.9920        39079.4          2.144
        9168000       1.847354           3727         0.9920        39091.8          2.118
        9169000       1.847602           3728         0.9920        39103.9          2.153
        9170000       1.847841           3731         0.9920        39115.8          2.134
        9171000       1.848047           3731         0.9920        39128.2          2.135
        9172000       1.848253           3732         0.9920        39139.3          2.125
        9173000       1.848542           3732         0.9920        39151.5          2.110
        9174000       1.848747           3732         0.9920        39162.6          2.138
        9175000       1.848953           3733         0.9920        39173.4          2.106
        9176000       1.849186           3734         0.9919        39185.7          2.193
        9177000       1.849418           3735         0.9919        39197.7          2.204
        9178000       1.849637           3736         0.9919        39209.0          2.209
        9179000       1.849880           3736         0.9919        39219.9          2.135
        9180000       1.850110           3736         0.9919        39231.7          2.132
        9181000       1.850334           3736         0.9919        39242.6          2.169
        9182000       1.850564           3736         0.9919        39252.6          2.174
        9183000       1.850818           3736         0.9919        39264.1          2.185
        9184000       1.851034           3737         0.9919        39274.8          2.207
        9185000       1.851234           3737         0.9919        39285.7          2.219
        9186000       1.851478           3738         0.9919        39296.1          2.246
        9187000       1.851700           3738         0.9919        39308.1          2.237
        9188000       1.851883           3739         0.9919        39317.2          2.262
        9189000       1.852098           3739         0.9919        39327.5          2.190
        9190000       1.852331           3739         0.9919        39338.7          2.209
        9191000       1.852609           3739         0.9919        39350.0          2.186
        9192000       1.852901           3743         0.9919        39362.0          2.178
        9193000       1.853100           3743         0.9919        39371.3          2.170
        9194000       1.853334           3743         0.9919        39381.8          2.191
        9195000       1.853486           3743         0.9919        39391.1          2.144
        9196000       1.853728           3743         0.9919        39404.1          2.168
        9197000       1.853943           3744         0.9919        39415.6          2.214
        9198000       1.854162           3746         0.9919        39428.1          2.202
        9199000       1.854413           3747         0.9919        39439.2          2.168
        9200000       1.854590           3747         0.9919        39450.0          2.144
        9201000       1.854735           3747         0.9919        39459.1          2.181
        9202000       1.854982           3747         0.9919        39470.3          2.137
        9203000       1.855272           3747         0.9919        39480.6          2.199
        9204000       1.855459           3747         0.9919        39491.1          2.200
        9205000       1.855652           3748         0.9919        39502.6          2.191
        9206000       1.855835           3748         0.9919        39512.5          2.182
        9207000       1.856041           3749         0.9919        39524.4          2.232
        9208000       1.856211           3749         0.9919        39536.3          2.201
        9209000       1.856475           3751         0.9919        39549.3          2.183
        9210000       1.856717           3753         0.9919        39562.2          2.200
        9211000       1.856973           3753         0.9919        39570.9          2.210
        9212000       1.857173           3753         0.9919        39582.1          2.176
        9213000       1.857408           3755         0.9919        39595.3          2.205
        9214000       1.857691           3756         0.9919        39606.8          2.228
        9215000       1.857964           3757         0.9919        39618.1          2.229
        9216000       1.858193           3757         0.9919        39629.5          2.226
        9217000       1.858382           3757         0.9919        39639.5          2.234
        9218000       1.858530           3758         0.9919        39648.8          2.288
        9219000       1.858722           3758         0.9919        39661.0          2.234
        9220000       1.858957           3758         0.9919        39671.8          2.189
        9221000       1.859200           3758         0.9919        39684.3          2.192
        9222000       1.859392           3758         0.9919        39695.1          2.206
        9223000       1.859663           3758         0.9919        39706.0          2.265
        9224000       1.859889           3758         0.9919        39717.0          2.180
        9225000       1.860084           3758         0.9919        39727.1          2.167
        9226000       1.860355           3758         0.9919        39739.0          2.165
        9227000       1.860567           3759         0.9919        39750.2          2.168
        9228000       1.860801           3761         0.9919        39760.2          2.179
        9229000       1.861016           3761         0.9919        39771.0          2.211
        9230000       1.861182           3761         0.9919        39781.7          2.223
        9231000       1.861361           3761         0.9919        39793.1          2.245
        9232000       1.861549           3762         0.9919        39803.8          2.241
        9233000       1.861687           3763         0.9919        39814.9          2.266
        9234000       1.861839           3763         0.9919        39825.1          2.232
        9235000       1.862062           3764         0.9919        39836.5          2.214
        9236000       1.862272           3764         0.9919        39847.2          2.209
        9237000       1.862484           3764         0.9919        39856.2          2.235
        9238000       1.862686           3764         0.9919        39866.7          2.213
        9239000       1.862947           3765         0.9919        39877.0          2.231
        9240000       1.863129           3765         0.9919        39889.3          2.207
        9241000       1.863358           3765         0.9919        39901.6          2.234
        9242000       1.863576           3767         0.9919        39912.2          2.202
        9243000       1.863765           3767         0.9919        39921.9          2.297
        9244000       1.863975           3767         0.9919        39933.4          2.210
        9245000       1.864155           3767         0.9919        39944.0          2.213
        9246000       1.864413           3767         0.9919        39955.2          2.233
        9247000       1.864577           3767         0.9919        39964.8          2.233
        9248000       1.864794           3767         0.9919        39975.8          2.251
        9249000       1.864989           3768         0.9919        39988.2          2.245
        9250000       1.865206           3769         0.9919        39999.8          2.264
        9251000       1.865401           3771         0.9919        40011.4          2.271
        9252000       1.865623           3772         0.9919        40022.4          2.248
        9253000       1.865823           3772         0.9919        40032.2          2.263
        9254000       1.866089           3773         0.9919        40045.3          2.264
        9255000       1.866307           3775         0.9919        40056.6          2.262
        9256000       1.866513           3775         0.9919        40069.9          2.248
        9257000       1.866699           3776         0.9919        40080.2          2.246
        9258000       1.866947           3777         0.9919        40090.0          2.233
        9259000       1.867142           3777         0.9919        40100.9          2.246
        9260000       1.867318           3778         0.9919        40110.4          2.247
        9261000       1.867600           3778         0.9919        40123.0          2.246
        9262000       1.867841           3778         0.9919        40132.8          2.251
        9263000       1.868041           3778         0.9919        40144.1          2.229
        9264000       1.868281           3778         0.9919        40157.1          2.228
        9265000       1.868497           3778         0.9919        40167.1          2.246
        9266000       1.868683           3778         0.9919        40179.0          2.216
        9267000       1.868912           3778         0.9919        40189.4          2.228
        9268000       1.869111           3778         0.9919        40199.6          2.205
        9269000       1.869259           3778         0.9919        40208.9          2.225
        9270000       1.869405           3778         0.9919        40218.1          2.245
        9271000       1.869609           3778         0.9919        40229.5          2.252
        9272000       1.869798           3778         0.9919        40241.3          2.232
        9273000       1.870009           3779         0.9919        40250.8          2.216
        9274000       1.870173           3779         0.9919        40259.8          2.244
        9275000       1.870348           3779         0.9919        40270.3          2.382
        9276000       1.870561           3781         0.9919        40281.1          2.276
        9277000       1.870766           3782         0.9919        40293.0          2.288
        9278000       1.870997           3782         0.9919        40305.2          2.234
        9279000       1.871223           3784         0.9919        40314.7          2.249
        9280000       1.871387           3784         0.9919        40325.2          2.252
        9281000       1.871597           3784         0.9919        40337.5          2.255
        9282000       1.871837           3785         0.9919        40349.0          2.258
        9283000       1.872102           3785         0.9919        40359.3          2.267
        9284000       1.872299           3785         0.9919        40370.0          2.237
        9285000       1.872482           3786         0.9919        40378.8          2.241
        9286000       1.872673           3787         0.9919        40388.5          2.272
        9287000       1.872883           3788         0.9919        40398.3          2.262
        9288000       1.873076           3789         0.9919        40409.9          2.231
        9289000       1.873250           3789         0.9919        40421.0          2.233
        9290000       1.873431           3789         0.9919        40431.1          2.244
        9291000       1.873650           3789         0.9919        40442.2          2.319
        9292000       1.873858           3790         0.9919        40452.8          2.274
        9293000       1.874087           3790         0.9919        40463.1          2.239
        9294000       1.874330           3791         0.9919        40471.8          2.215
        9295000       1.874584           3791         0.9919        40481.1          2.251
        9296000       1.874790           3791         0.9919        40489.4          2.257
        9297000       1.875037           3791         0.9919        40502.5          2.227
        9298000       1.875229           3791         0.9919        40512.3          2.241
        9299000       1.875430           3791         0.9919        40523.0          2.222
        9300000       1.875648           3791         0.9919        40532.6          2.211
        9301000       1.875876           3791         0.9919        40543.3          2.182
        9302000       1.876068           3791         0.9919        40551.7          2.208
        9303000       1.876220           3794         0.9919        40562.4          2.254
        9304000       1.876408           3794         0.9919        40575.7          2.254
        9305000       1.876629           3795         0.9919        40587.4          2.243
        9306000       1.876892           3796         0.9919        40598.8          2.261
        9307000       1.877159           3796         0.9919        40609.1          2.269
        9308000       1.877426           3796         0.9919        40619.1          2.262
        9309000       1.877622           3796         0.9919        40629.6          2.286
        9310000       1.877803           3798         0.9919        40640.3          2.291
        9311000       1.878009           3799         0.9919        40651.3          2.285
        9312000       1.878208           3799         0.9919        40663.3          2.247
        9313000       1.878406           3799         0.9919        40673.8          2.239
        9314000       1.878614           3799         0.9919        40682.9          2.253
        9315000       1.878822           3799         0.9919        40693.8          2.242
        9316000       1.879003           3799         0.9919        40705.0          2.253
        9317000       1.879235           3800         0.9919        40716.4          2.257
        9318000       1.879423           3800         0.9919        40727.7          2.258
        9319000       1.879556           3800         0.9919        40736.1          2.248
        9320000       1.879712           3801         0.9919        40745.1          2.247
        9321000       1.879918           3801         0.9919        40756.6          2.209
        9322000       1.880160           3801         0.9919        40767.3          2.187
        9323000       1.880376           3803         0.9919        40777.6          2.194
        9324000       1.880524           3805         0.9919        40786.5          2.206
        9325000       1.880763           3805         0.9919        40797.4          2.281
        9326000       1.880992           3805         0.9919        40807.2          2.202
        9327000       1.881192           3805         0.9919        40817.2          2.215
        9328000       1.881376           3805         0.9919        40826.4          2.202
        9329000       1.881597           3805         0.9919        40837.5          2.219
        9330000       1.881805           3805         0.9919        40849.6          2.191
        9331000       1.882037           3805         0.9919        40861.1          2.220
        9332000       1.882221           3806         0.9919        40871.6          2.205
        9333000       1.882402           3806         0.9919        40881.3          2.223
        9334000       1.882631           3806         0.9919        40892.4          2.202
        9335000       1.882859           3806         0.9919        40904.4          2.185
        9336000       1.883046           3806         0.9919        40917.0          2.205
        9337000       1.883235           3806         0.9919        40929.1          2.190
        9338000       1.883458           3807         0.9919        40939.9          2.167
        9339000       1.883652           3808         0.9919        40950.3          2.162
        9340000       1.883820           3808         0.9919        40960.7          2.175
        9341000       1.884029           3808         0.9919        40970.3          2.194
        9342000       1.884211           3808         0.9919        40979.6          2.205
        9343000       1.884469           3808         0.9919        40989.5          2.192
        9344000       1.884749           3809         0.9919        41000.4          2.237
        9345000       1.884911           3809         0.9919        41008.7          2.195
        9346000       1.885127           3811         0.9919        41019.2          2.261
        9347000       1.885343           3811         0.9919        41031.1          2.232
        9348000       1.885570           3813         0.9919        41041.6          2.260
        9349000       1.885754           3813         0.9919        41051.6          2.258
        9350000       1.885971           3814         0.9919        41062.1          2.257
        9351000       1.886197           3814         0.9919        41071.1          2.263
        9352000       1.886368           3814         0.9919        41082.1          2.256
        9353000       1.886537           3815         0.9919        41093.4          2.207
        9354000       1.886730           3815         0.9919        41103.7          2.187
        9355000       1.886968           3815         0.9919        41116.1          2.181
        9356000       1.887169           3815         0.9919        41126.5          2.201
        9357000       1.887373           3815         0.9919        41135.1          2.196
        9358000       1.887556           3815         0.9919        41144.7          2.195
        9359000       1.887789           3815         0.9919        41155.8          2.198
        9360000       1.887990           3816         0.9919        41166.9          2.181
        9361000       1.888174           3816         0.9919        41178.1          2.196
        9362000       1.888380           3816         0.9919        41187.8          2.222
        9363000       1.888582           3817         0.9919        41196.3          2.209
        9364000       1.888760           3818         0.9919        41205.3          2.226
        9365000       1.888951           3819         0.9919        41215.0          2.271
        9366000       1.889139           3819         0.9919        41225.6          2.290
        9367000       1.889352           3819         0.9919        41236.7          2.306
        9368000       1.889566           3820         0.9919        41247.5          2.318
        9369000       1.889763           3820         0.9919        41259.5          2.296
        9370000       1.889952           3821         0.9919        41270.8          2.239
        9371000       1.890167           3821         0.9919        41280.5          2.289
        9372000       1.890377           3822         0.9919        41292.1          2.240
        9373000       1.890562           3823         0.9919        41304.0          2.242
        9374000       1.890777           3823         0.9919        41314.9          2.322
        9375000       1.891018           3824         0.9919        41326.8          2.303
        9376000       1.891216           3824         0.9919        41337.8          2.342
        9377000       1.891383           3824         0.9919        41347.8          2.321
        9378000       1.891586           3824         0.9919        41359.4          2.232
        9379000       1.891803           3825         0.9919        41370.4          2.281
        9380000       1.892005           3825         0.9919        41381.9          2.296
        9381000       1.892224           3825         0.9919        41392.5          2.296
        9382000       1.892443           3826         0.9919        41404.2          2.302
        9383000       1.892648           3826         0.9919        41416.4          2.317
        9384000       1.892850           3826         0.9919        41427.1          2.314
        9385000       1.893054           3827         0.9919        41438.2          2.325
        9386000       1.893247           3827         0.9918        41450.1          2.317
        9387000       1.893455           3827         0.9918        41461.4          2.279
        9388000       1.893683           3827         0.9918        41473.6          2.334
        9389000       1.893896           3827         0.9918        41484.0          2.306
        9390000       1.894132           3827         0.9918        41495.9          2.377
        9391000       1.894354           3829         0.9918        41507.3          2.254
        9392000       1.894567           3830         0.9918        41519.0          2.236
        9393000       1.894802           3830         0.9918        41529.8          2.247
        9394000       1.894969           3830         0.9918        41542.6          2.263
        9395000       1.895177           3830         0.9918        41553.6          2.259
        9396000       1.895346           3831         0.9918        41564.7          2.279
        9397000       1.895531           3831         0.9918        41575.2          2.302
        9398000       1.895714           3831         0.9918        41586.4          2.301
        9399000       1.895955           3832         0.9918        41597.8          2.263
        9400000       1.896172           3832         0.9918        41610.4          2.284
        9401000       1.896391           3834         0.9918        41624.2          2.304
        9402000       1.896620           3835         0.9918        41638.4          2.279
        9403000       1.896768           3835         0.9918        41649.7          2.276
        9404000       1.896999           3835         0.9918        41664.3          2.313
        9405000       1.897191           3835         0.9918        41677.0          2.257
        9406000       1.897472           3835         0.9918        41688.4          2.252
        9407000       1.897723           3835         0.9918        41700.3          2.254
        9408000       1.897959           3836         0.9918        41712.5          2.250
        9409000       1.898166           3836         0.9918        41725.1          2.234
        9410000       1.898389           3836         0.9918        41736.4          2.245
        9411000       1.898607           3836         0.9918        41750.6          2.264
        9412000       1.898836           3837         0.9918        41762.7          2.317
        9413000       1.899016           3837         0.9918        41772.3          2.285
        9414000       1.899217           3838         0.9918        41784.5          2.322
        9415000       1.899408           3839         0.9918        41794.3          2.346
        9416000       1.899645           3840         0.9918        41807.2          2.364
        9417000       1.899840           3840         0.9918        41816.5          2.353
        9418000       1.900066           3840         0.9918        41827.2          2.359
        9419000       1.900276           3840         0.9918        41839.1          2.472
        9420000       1.900461           3841         0.9918        41851.5          2.477
        9421000       1.900665           3841         0.9918        41862.8          2.358
        9422000       1.900885           3842         0.9918        41874.3          2.370
        9423000       1.901081           3842         0.9918        41884.9          2.397
        9424000       1.901320           3845         0.9918        41894.7          2.375
        9425000       1.901550           3845         0.9918        41904.4          2.324
        9426000       1.901790           3845         0.9918        41913.4          2.334
        9427000       1.902010           3846         0.9918        41922.9          2.333
        9428000       1.902213           3846         0.9918        41931.6          2.366
        9429000       1.902397           3847         0.9918        41941.5          2.361
        9430000       1.902577           3847         0.9918        41952.2          2.360
        9431000       1.902808           3847         0.9918        41961.5          2.352
        9432000       1.903070           3848         0.9918        41973.0          2.365
        9433000       1.903238           3849         0.9918        41982.7          2.406
        9434000       1.903474           3849         0.9918        41993.9          2.398
        9435000       1.903656           3849         0.9918        42005.1          2.421
        9436000       1.903850           3850         0.9918        42017.7          2.397
        9437000       1.904077           3852         0.9918        42028.8          2.411
        9438000       1.904318           3852         0.9918        42039.0          2.397
        9439000       1.904487           3852         0.9918        42051.1          2.360
        9440000       1.904690           3852         0.9918        42061.3          2.368
        9441000       1.904872           3852         0.9918        42072.9          2.344
        9442000       1.905085           3852         0.9918        42085.6          2.378
        9443000       1.905265           3852         0.9918        42097.1          2.370
        9444000       1.905508           3852         0.9918        42109.3          2.370
        9445000       1.905716           3852         0.9918        42121.6          2.416
        9446000       1.905932           3852         0.9918        42133.5          2.366
        9447000       1.906119           3852         0.9918        42145.0          2.373
        9448000       1.906352           3852         0.9918        42156.3          2.383
        9449000       1.906609           3853         0.9918        42168.0          2.309
        9450000       1.906857           3854         0.9918        42178.6          2.348
        9451000       1.907043           3855         0.9918        42189.6          2.347
        9452000       1.907243           3855         0.9918        42200.9          2.377
        9453000       1.907422           3855         0.9918        42211.7          2.319
        9454000       1.907655           3856         0.9918        42224.3          2.314
        9455000       1.907909           3857         0.9918        42235.6          2.315
        9456000       1.908090           3857         0.9918        42245.4          2.314
        9457000       1.908298           3857         0.9918        42256.1          2.313
        9458000       1.908562           3857         0.9918        42266.1          2.307
        9459000       1.908750           3858         0.9918        42278.8          2.310
        9460000       1.908945           3858         0.9918        42290.1          2.317
        9461000       1.909134           3858         0.9918        42301.7          2.323
        9462000       1.909393           3859         0.9918        42312.8          2.323
        9463000       1.909574           3859         0.9918        42321.8          2.330
        9464000       1.909787           3860         0.9918        42332.5          2.325
        9465000       1.909977           3861         0.9918        42344.6          2.268
        9466000       1.910203           3862         0.9918        42357.2          2.281
        9467000       1.910385           3863         0.9918        42368.0          2.338
        9468000       1.910598           3863         0.9918        42380.3          2.207
        9469000       1.910792           3863         0.9918        42392.0          2.197
        9470000       1.910985           3864         0.9918        42404.0          2.203
        9471000       1.911203           3864         0.9918        42414.9          2.217
        9472000       1.911401           3864         0.9918        42427.8          2.203
        9473000       1.911590           3864         0.9918        42439.6          2.227
        9474000       1.911804           3864         0.9918        42452.0          2.250
        9475000       1.912011           3864         0.9918        42465.5          2.235
        9476000       1.912224           3864         0.9918        42477.9          2.247
        9477000       1.912434           3866         0.9918        42489.6          2.248
        9478000       1.912646           3867         0.9918        42502.2          2.272
        9479000       1.912882           3867         0.9918        42514.2          2.276
        9480000       1.913070           3867         0.9918        42525.5          2.291
        9481000       1.913265           3867         0.9918        42538.3          2.256
        9482000       1.913481           3869         0.9918        42548.6          2.269
        9483000       1.913671           3870         0.9918        42560.1          2.266
        9484000       1.913891           3872         0.9918        42573.2          2.299
        9485000       1.914095           3872         0.9918        42585.0          2.340
        9486000       1.914338           3872         0.9918        42596.8          2.222
        9487000       1.914584           3872         0.9918        42608.2          2.240
        9488000       1.914776           3873         0.9918        42620.7          2.302
        9489000       1.915018           3873         0.9918        42634.9          2.311
        9490000       1.915262           3873         0.9918        42645.4          2.362
        9491000       1.915475           3874         0.9918        42655.7          2.383
        9492000       1.915681           3877         0.9918        42668.3          2.442
        9493000       1.915896           3877         0.9918        42679.7          2.510
        9494000       1.916089           3877         0.9918        42692.7          2.475
        9495000       1.916247           3877         0.9918        42704.3          2.508
        9496000       1.916472           3877         0.9918        42714.3          2.538
        9497000       1.916716           3877         0.9918        42724.4          2.535
        9498000       1.916903           3878         0.9918        42734.3          2.517
        9499000       1.917181           3878         0.9918        42747.0          2.522
        9500000       1.917384           3878         0.9918        42757.5          2.506
        9501000       1.917559           3878         0.9918        42767.1          2.602
        9502000       1.917736           3878         0.9918        42777.4          2.506
        9503000       1.917913           3880         0.9918        42788.3          2.465
        9504000       1.918080           3880         0.9918        42797.4          2.481
        9505000       1.918251           3880         0.9918        42808.3          2.475
        9506000       1.918468           3881         0.9918        42819.1          2.440
        9507000       1.918677           3881         0.9918        42830.7          2.403
        9508000       1.918877           3881         0.9918        42840.2          2.387
        9509000       1.919068           3881         0.9918        42851.0          2.373
        9510000       1.919210           3881         0.9918        42861.6          2.357
        9511000       1.919410           3881         0.9918        42873.8          2.360
        9512000       1.919637           3881         0.9918        42886.0          2.393
        9513000       1.919818           3882         0.9918        42899.1          2.373
        9514000       1.920022           3882         0.9918        42910.0          2.383
        9515000       1.920180           3883         0.9918        42922.5          2.371
        9516000       1.920408           3884         0.9918        42932.4          2.343
        9517000       1.920580           3884         0.9918        42946.2          2.316
        9518000       1.920788           3884         0.9918        42958.5          2.302
        9519000       1.920990           3884         0.9918        42969.3          2.321
        9520000       1.921213           3884         0.9918        42980.0          2.433
        9521000       1.921437           3885         0.9918        42993.0          2.300
        9522000       1.921630           3885         0.9918        43003.8          2.301
        9523000       1.921847           3885         0.9918        43014.2          2.302
        9524000       1.922048           3885         0.9918        43027.2          2.322
        9525000       1.922259           3886         0.9918        43039.0          2.295
        9526000       1.922423           3887         0.9918        43050.8          2.402
        9527000       1.922659           3887         0.9918        43060.3          2.325
        9528000       1.922872           3887         0.9918        43070.6          2.332
        9529000       1.923091           3887         0.9918        43082.4          2.311
        9530000       1.923344           3888         0.9918        43096.2          2.294
        9531000       1.923553           3888         0.9918        43107.0          2.329
        9532000       1.923785           3888         0.9918        43118.3          2.325
        9533000       1.923965           3888         0.9918        43129.0          2.325
        9534000       1.924224           3888         0.9918        43141.7          2.299
        9535000       1.924421           3888         0.9918        43153.5          2.286
        9536000       1.924629           3888         0.9918        43166.4          2.278
        9537000       1.924844           3888         0.9918        43177.3          2.304
        9538000       1.925028           3889         0.9918        43188.6          2.388
        9539000       1.925244           3889         0.9917        43199.8          2.287
        9540000       1.925426           3891         0.9917        43211.8          2.285
        9541000       1.925629           3891         0.9917        43222.6          2.286
        9542000       1.925841           3891         0.9917        43236.3          2.326
        9543000       1.926038           3891         0.9917        43246.7          2.302
        9544000       1.926221           3892         0.9917        43258.6          2.310
        9545000       1.926428           3892         0.9917        43269.1          2.319
        9546000       1.926649           3893         0.9917        43278.8          2.324
        9547000       1.926855           3896         0.9917        43290.9          2.306
        9548000       1.927066           3897         0.9917        43302.4          2.307
        9549000       1.927307           3897         0.9917        43313.0          2.321
        9550000       1.927504           3898         0.9917        43323.9          2.324
        9551000       1.927668           3898         0.9917        43333.2          2.304
        9552000       1.927852           3898         0.9917        43343.1          2.333
        9553000       1.928054           3899         0.9917        43354.5          2.312
        9554000       1.928261           3900         0.9917        43365.4          2.314
        9555000       1.928473           3901         0.9917        43375.6          2.319
        9556000       1.928666           3903         0.9917        43386.2          2.378
        9557000       1.928868           3903         0.9917        43397.8          2.323
        9558000       1.929071           3904         0.9917        43409.2          2.324
        9559000       1.929299           3907         0.9917        43420.7          2.336
        9560000       1.929469           3907         0.9917        43433.6          2.342
        9561000       1.929688           3907         0.9917        43445.5          2.349
        9562000       1.929895           3908         0.9917        43458.9          2.337
        9563000       1.930121           3908         0.9917        43470.8          2.340
        9564000       1.930329           3908         0.9917        43481.9          2.315
        9565000       1.930539           3908         0.9917        43492.6          2.353
        9566000       1.930703           3908         0.9917        43503.1          2.349
        9567000       1.930899           3909         0.9917        43515.5          2.353
        9568000       1.931108           3909         0.9917        43525.7          2.336
        9569000       1.931303           3909         0.9917        43537.8          2.345
        9570000       1.931456           3909         0.9917        43550.9          2.350
        9571000       1.931675           3909         0.9917        43562.0          2.350
        9572000       1.931885           3910         0.9917        43574.6          2.354
        9573000       1.932107           3910         0.9917        43585.3          2.361
        9574000       1.932295           3910         0.9917        43596.1          2.376
        9575000       1.932482           3911         0.9917        43607.5          2.399
        9576000       1.932699           3913         0.9917        43617.9          2.424
        9577000       1.932905           3914         0.9917        43629.4          2.420
        9578000       1.933118           3914         0.9917        43641.6          2.437
        9579000       1.933303           3914         0.9917        43652.4          2.456
        9580000       1.933479           3914         0.9917        43662.6          2.289
        9581000       1.933645           3914         0.9917        43676.2          2.349
        9582000       1.933805           3915         0.9917        43689.3          2.354
        9583000       1.934000           3916         0.9917        43700.1          2.419
        9584000       1.934220           3918         0.9917        43711.7          2.412
        9585000       1.934385           3919         0.9917        43721.5          2.347
        9586000       1.934603           3919         0.9917        43731.7          2.341
        9587000       1.934794           3919         0.9917        43744.6          2.339
        9588000       1.935007           3920         0.9917        43755.7          2.353
        9589000       1.935262           3921         0.9917        43766.8          2.337
        9590000       1.935450           3922         0.9917        43777.8          2.337
        9591000       1.935675           3922         0.9917        43786.7          2.362
        9592000       1.935886           3924         0.9917        43798.0          2.368
        9593000       1.936086           3924         0.9917        43810.0          2.349
        9594000       1.936299           3924         0.9917        43819.8          2.362
        9595000       1.936519           3925         0.9917        43829.7          2.359
        9596000       1.936746           3925         0.9917        43842.2          2.359
        9597000       1.936953           3925         0.9917        43855.8          2.353
        9598000       1.937129           3925         0.9917        43867.2          2.360
        9599000       1.937366           3925         0.9917        43880.0          2.367
        9600000       1.937572           3925         0.9917        43894.0          2.341
        9601000       1.937744           3925         0.9917        43906.0          2.370
        9602000       1.937939           3926         0.9917        43917.2          2.364
        9603000       1.938121           3928         0.9917        43928.3          2.348
        9604000       1.938322           3929         0.9917        43940.3          2.368
        9605000       1.938522           3933         0.9917        43953.4          2.352
        9606000       1.938695           3934         0.9917        43965.4          2.369
        9607000       1.938940           3934         0.9917        43976.6          2.373
        9608000       1.939155           3934         0.9917        43988.8          2.351
        9609000       1.939353           3934         0.9917        43999.0          2.371
        9610000       1.939539           3934         0.9917        44010.1          2.373
        9611000       1.939766           3934         0.9917        44020.2          2.381
        9612000       1.939957           3934         0.9917        44033.4          2.381
        9613000       1.940188           3936         0.9917        44044.8          2.377
        9614000       1.940367           3936         0.9917        44056.4          2.360
        9615000       1.940563           3938         0.9917        44067.4          2.371
        9616000       1.940782           3938         0.9917        44079.7          2.421
        9617000       1.940951           3938         0.9917        44090.1          2.371
        9618000       1.941114           3938         0.9917        44101.0          2.355
        9619000       1.941327           3938         0.9917        44113.1          2.326
        9620000       1.941497           3939         0.9917        44123.8          2.360
        9621000       1.941744           3939         0.9917        44134.9          2.350
        9622000       1.941996           3939         0.9917        44146.9          2.318
        9623000       1.942218           3939         0.9917        44159.2          2.333
        9624000       1.942461           3939         0.9917        44172.1          2.307
        9625000       1.942714           3939         0.9917        44183.7          2.333
        9626000       1.942914           3939         0.9917        44195.8          2.365
        9627000       1.943111           3939         0.9917        44209.0          2.335
        9628000       1.943346           3939         0.9917        44219.3          2.435
        9629000       1.943596           3939         0.9917        44232.0          2.309
        9630000       1.943802           3940         0.9917        44244.8          2.334
        9631000       1.943978           3940         0.9917        44257.2          2.318
        9632000       1.944154           3940         0.9917        44269.6          2.332
        9633000       1.944334           3940         0.9917        44282.8          2.336
        9634000       1.944557           3940         0.9917        44294.7          2.341
        9635000       1.944721           3940         0.9917        44308.9          2.326
        9636000       1.944925           3940         0.9917        44319.4          2.330
        9637000       1.945123           3940         0.9917        44332.4          2.300
        9638000       1.945285           3940         0.9917        44343.0          2.290
        9639000       1.945524           3940         0.9917        44356.1          2.316
        9640000       1.945732           3940         0.9917        44366.8          2.316
        9641000       1.945943           3941         0.9917        44377.7          2.319
        9642000       1.946177           3941         0.9917        44390.6          2.325
        9643000       1.946368           3942         0.9917        44401.6          2.316
        9644000       1.946648           3942         0.9917        44416.8          2.325
        9645000       1.946866           3942         0.9917        44428.0          2.322
        9646000       1.947084           3942         0.9917        44441.9          2.317
        9647000       1.947267           3942         0.9917        44453.0          2.293
        9648000       1.947445           3943         0.9917        44467.8          2.319
        9649000       1.947621           3943         0.9917        44480.0          2.324
        9650000       1.947861           3943         0.9917        44493.4          2.363
        9651000       1.948095           3943         0.9917        44506.2          2.379
        9652000       1.948352           3943         0.9917        44518.6          2.370
        9653000       1.948550           3943         0.9917        44529.8          2.330
        9654000       1.948740           3943         0.9917        44541.9          2.425
        9655000       1.948941           3943         0.9917        44553.9          2.286
        9656000       1.949115           3943         0.9917        44566.6          2.270
        9657000       1.949336           3944         0.9917        44579.7          2.301
        9658000       1.949515           3944         0.9917        44591.8          2.269
        9659000       1.949708           3944         0.9917        44603.8          2.262
        9660000       1.949883           3944         0.9917        44614.9          2.304
        9661000       1.950118           3944         0.9917        44628.2          2.308
        9662000       1.950294           3945         0.9917        44639.0          2.310
        9663000       1.950531           3945         0.9917        44651.4          2.289
        9664000       1.950742           3946         0.9917        44663.9          2.285
        9665000       1.950940           3946         0.9917        44675.9          2.280
        9666000       1.951172           3946         0.9917        44689.7          2.298
        9667000       1.951369           3946         0.9917        44701.5          2.320
        9668000       1.951556           3946         0.9917        44713.9          2.343
        9669000       1.951749           3948         0.9917        44726.7          2.346
        9670000       1.951945           3949         0.9917        44740.1          2.323
        9671000       1.952129           3949         0.9917        44750.8          2.330
        9672000       1.952343           3950         0.9917        44761.7          2.353
        9673000       1.952566           3950         0.9917        44775.4          2.331
        9674000       1.952734           3950         0.9917        44789.6          2.354
        9675000       1.952980           3950         0.9917        44801.4          2.348
        9676000       1.953206           3951         0.9917        44812.8          2.262
        9677000       1.953357           3952         0.9917        44823.3          2.257
        9678000       1.953577           3952         0.9917        44834.4          2.264
        9679000       1.953763           3952         0.9917        44846.5          2.336
        9680000       1.953976           3953         0.9917        44858.7          2.288
        9681000       1.954142           3954         0.9917        44870.0          2.299
        9682000       1.954336           3954         0.9917        44884.2          2.318
        9683000       1.954526           3954         0.9917        44897.5          2.329
        9684000       1.954727           3955         0.9917        44909.2          2.409
        9685000       1.954978           3955         0.9917        44921.2          2.326
        9686000       1.955181           3955         0.9917        44931.2          2.326
        9687000       1.955389           3955         0.9917        44941.2          2.336
        9688000       1.955614           3956         0.9917        44953.3          2.328
        9689000       1.955835           3956         0.9917        44963.5          2.334
        9690000       1.956033           3957         0.9917        44973.1          2.338
        9691000       1.956262           3959         0.9917        44982.6          2.339
        9692000       1.956457           3960         0.9917        44994.2          2.302
        9693000       1.956685           3960         0.9917        45005.5          2.268
        9694000       1.956903           3960         0.9917        45017.3          2.257
        9695000       1.957117           3961         0.9917        45030.0          2.271
        9696000       1.957322           3961         0.9917        45042.7          2.245
        9697000       1.957459           3963         0.9917        45055.1          2.287
        9698000       1.957681           3963         0.9917        45067.5          2.220
        9699000       1.957909           3964         0.9917        45078.6          2.234
        9700000       1.958168           3965         0.9916        45089.8          2.252
        9701000       1.958384           3965         0.9916        45100.9          2.267
        9702000       1.958615           3965         0.9916        45114.6          2.279
        9703000       1.958833           3966         0.9916        45125.5          2.287
        9704000       1.959098           3966         0.9916        45138.3          2.275
        9705000       1.959307           3966         0.9916        45149.4          2.267
        9706000       1.959565           3966         0.9916        45160.6          2.257
        9707000       1.959783           3967         0.9916        45171.9          2.291
        9708000       1.959977           3968         0.9916        45184.2          2.275
        9709000       1.960164           3968         0.9916        45194.1          2.275
        9710000       1.960377           3969         0.9916        45205.2          2.304
        9711000       1.960585           3970         0.9916        45217.7          2.324
        9712000       1.960832           3973         0.9916        45230.4          2.272
        9713000       1.961041           3974         0.9916        45242.9          2.226
        9714000       1.961236           3974         0.9916        45257.4          2.251
        9715000       1.961415           3975         0.9916        45269.8          2.253
        9716000       1.961613           3975         0.9916        45283.5          2.228
        9717000       1.961804           3975         0.9916        45296.5          2.254
        9718000       1.961971           3975         0.9916        45309.0          2.279
        9719000       1.962209           3975         0.9916        45320.4          2.285
        9720000       1.962427           3975         0.9916        45333.9          2.268
        9721000       1.962596           3976         0.9916        45344.2          2.253
        9722000       1.962783           3976         0.9916        45355.6          2.260
        9723000       1.962968           3976         0.9916        45368.4          2.297
        9724000       1.963167           3976         0.9916        45381.7          2.257
        9725000       1.963409           3976         0.9916        45395.0          2.267
        9726000       1.963604           3977         0.9916        45409.1          2.227
        9727000       1.963839           3977         0.9916        45419.8          2.222
        9728000       1.964016           3977         0.9916        45430.5          2.143
        9729000       1.964173           3978         0.9916        45443.5          2.172
        9730000       1.964383           3978         0.9916        45456.0          2.233
        9731000       1.964592           3978         0.9916        45467.7          2.247
        9732000       1.964796           3978         0.9916        45481.2          2.273
        9733000       1.965006           3979         0.9916        45491.3          2.248
        9734000       1.965252           3979         0.9916        45505.0          2.242
        9735000       1.965444           3981         0.9916        45518.4          2.253
        9736000       1.965639           3982         0.9916        45531.0          2.214
        9737000       1.965873           3982         0.9916        45543.7          2.358
        9738000       1.966087           3982         0.9916        45556.5          2.359
        9739000       1.966298           3982         0.9916        45570.2          2.230
        9740000       1.966506           3982         0.9916        45581.9          2.241
        9741000       1.966662           3983         0.9916        45594.1          2.225
        9742000       1.966868           3983         0.9916        45607.8          2.179
        9743000       1.967075           3985         0.9916        45619.5          2.294
        9744000       1.967306           3986         0.9916        45631.8          2.299
        9745000       1.967489           3987         0.9916        45641.4          2.317
        9746000       1.967683           3989         0.9916        45652.8          2.309
        9747000       1.967901           3989         0.9916        45665.2          2.319
        9748000       1.968104           3989         0.9916        45674.2          2.298
        9749000       1.968358           3989         0.9916        45687.0          2.310
        9750000       1.968586           3989         0.9916        45699.2          2.319
        9751000       1.968751           3989         0.9916        45713.8          2.296
        9752000       1.968959           3989         0.9916        45727.0          2.279
        9753000       1.969198           3989         0.9916        45739.5          2.276
        9754000       1.969413           3990         0.9916        45750.6          2.259
        9755000       1.969624           3990         0.9916        45763.9          2.263
        9756000       1.969845           3990         0.9916        45778.3          2.223
        9757000       1.970059           3991         0.9916        45792.5          2.252
        9758000       1.970269           3991         0.9916        45805.9          2.238
        9759000       1.970509           3991         0.9916        45818.3          2.236
        9760000       1.970747           3991         0.9916        45830.2          2.238
        9761000       1.970962           3992         0.9916        45844.2          2.271
        9762000       1.971172           3992         0.9916        45856.0          2.291
        9763000       1.971428           3992         0.9916        45869.9          2.352
        9764000       1.971583           3994         0.9916        45880.9          2.365
        9765000       1.971841           3995         0.9916        45895.5          2.345
        9766000       1.972078           3995         0.9916        45908.3          2.258
        9767000       1.972263           3995         0.9916        45919.2          2.263
        9768000       1.972523           3995         0.9916        45932.4          2.365
        9769000       1.972717           3996         0.9916        45946.0          2.395
        9770000       1.972883           3996         0.9916        45956.2          2.385
        9771000       1.973110           3998         0.9916        45969.7          2.403
        9772000       1.973295           3998         0.9916        45981.3          2.429
        9773000       1.973477           3998         0.9916        45991.3          2.391
        9774000       1.973718           3999         0.9916        46004.3          2.388
        9775000       1.973959           3999         0.9916        46017.2          2.355
        9776000       1.974171           4000         0.9916        46029.6          2.376
        9777000       1.974399           4000         0.9916        46043.1          2.327
        9778000       1.974602           4000         0.9916        46054.5          2.309
        9779000       1.974846           4000         0.9916        46067.3          2.321
        9780000       1.975025           4001         0.9916        46079.2          2.343
        9781000       1.975240           4001         0.9916        46092.0          2.343
        9782000       1.975515           4003         0.9916        46105.5          2.341
        9783000       1.975733           4004         0.9916        46118.7          2.331
        9784000       1.975967           4005         0.9916        46133.6          2.330
        9785000       1.976182           4005         0.9916        46147.6          2.331
        9786000       1.976395           4005         0.9916        46159.5          2.329
        9787000       1.976613           4005         0.9916        46173.1          2.386
        9788000       1.976847           4006         0.9916        46186.6          2.343
        9789000       1.977034           4007         0.9916        46198.9          2.331
        9790000       1.977172           4007         0.9916        46212.7          2.245
        9791000       1.977360           4009         0.9916        46224.7          2.265
        9792000       1.977581           4009         0.9916        46236.4          2.320
        9793000       1.977791           4009         0.9916        46250.2          2.358
        9794000       1.978027           4009         0.9916        46262.9          2.325
        9795000       1.978254           4009         0.9916        46276.8          2.223
        9796000       1.978436           4009         0.9916        46289.5          2.231
        9797000       1.978674           4011         0.9916        46303.0          2.230
        9798000       1.978901           4012         0.9916        46314.9          2.230
        9799000       1.979101           4013         0.9916        46325.5          2.225
        9800000       1.979350           4014         0.9916        46339.0          2.224
        9801000       1.979558           4015         0.9916        46350.1          2.227
        9802000       1.979753           4015         0.9916        46362.8          2.262
        9803000       1.979959           4015         0.9916        46374.2          2.244
        9804000       1.980152           4015         0.9916        46389.8          2.257
        9805000       1.980361           4015         0.9916        46403.5          2.280
        9806000       1.980588           4015         0.9916        46415.8          2.290
        9807000       1.980831           4015         0.9916        46428.6          2.274
        9808000       1.981089           4015         0.9916        46440.6          2.252
        9809000       1.981263           4015         0.9916        46453.7          2.259
        9810000       1.981455           4015         0.9916        46464.6          2.276
        9811000       1.981677           4016         0.9916        46475.8          2.244
        9812000       1.981888           4017         0.9916        46486.8          2.265
        9813000       1.982104           4018         0.9916        46500.7          2.296
        9814000       1.982276           4018         0.9916        46510.0          2.285
        9815000       1.982479           4018         0.9916        46522.1          2.276
        9816000       1.982699           4019         0.9916        46534.7          2.260
        9817000       1.982907           4020         0.9916        46546.6          2.237
        9818000       1.983137           4020         0.9916        46558.4          2.237
        9819000       1.983373           4020         0.9916        46573.3          2.243
        9820000       1.983554           4021         0.9916        46585.7          2.217
        9821000       1.983721           4022         0.9916        46597.9          2.345
        9822000       1.983941           4022         0.9916        46609.9          2.290
        9823000       1.984135           4023         0.9916        46622.8          2.243
        9824000       1.984319           4023         0.9916        46634.6          2.226
        9825000       1.984505           4024         0.9916        46645.4          2.218
        9826000       1.984679           4024         0.9916        46658.3          2.297
        9827000       1.984856           4024         0.9916        46671.5          2.267
        9828000       1.985050           4024         0.9916        46685.6          2.250
        9829000       1.985304           4025         0.9916        46699.1          2.249
        9830000       1.985516           4025         0.9916        46710.8          2.276
        9831000       1.985750           4026         0.9916        46721.2          2.283
        9832000       1.985966           4026         0.9916        46734.2          2.264
        9833000       1.986119           4026         0.9916        46744.4          2.217
        9834000       1.986346           4026         0.9916        46756.7          2.257
        9835000       1.986520           4027         0.9916        46768.1          2.260
        9836000       1.986735           4027         0.9916        46780.7          2.269
        9837000       1.986925           4027         0.9916        46792.4          2.262
        9838000       1.987117           4027         0.9916        46805.8          2.265
        9839000       1.987363           4027         0.9916        46818.5          2.281
        9840000       1.987605           4029         0.9916        46830.0          2.297
        9841000       1.987796           4029         0.9916        46842.3          2.277
        9842000       1.987986           4031         0.9916        46854.2          2.274
        9843000       1.988153           4031         0.9916        46864.9          2.274
        9844000       1.988347           4031         0.9916        46874.7          2.274
        9845000       1.988573           4031         0.9916        46889.2          2.244
        9846000       1.988738           4032         0.9916        46901.1          2.235
        9847000       1.988957           4032         0.9916        46911.5          2.337
        9848000       1.989162           4032         0.9916        46923.9          2.325
        9849000       1.989382           4032         0.9916        46936.6          2.282
        9850000       1.989570           4032         0.9916        46950.1          2.333
        9851000       1.989774           4032         0.9916        46962.9          2.349
        9852000       1.989995           4032         0.9916        46976.2          2.286
        9853000       1.990198           4032         0.9916        46987.9          2.258
        9854000       1.990440           4034         0.9916        47001.2          2.229
        9855000       1.990640           4035         0.9916        47013.5          2.264
        9856000       1.990882           4037         0.9916        47026.2          2.260
        9857000       1.991035           4038         0.9916        47038.5          2.262
        9858000       1.991244           4040         0.9916        47050.9          2.182
        9859000       1.991457           4040         0.9916        47064.3          2.221
        9860000       1.991679           4040         0.9916        47076.7          2.245
        9861000       1.991878           4041         0.9916        47088.5          2.281
        9862000       1.992105           4041         0.9916        47100.5          2.295
        9863000       1.992292           4042         0.9916        47113.5          2.290
        9864000       1.992493           4042         0.9916        47126.9          2.286
        9865000       1.992669           4043         0.9916        47140.7          2.248
        9866000       1.992879           4043         0.9916        47155.4          2.247
        9867000       1.993076           4043         0.9916        47169.7          2.390
        9868000       1.993271           4043         0.9916        47182.3          2.350
        9869000       1.993492           4043         0.9916        47194.4          2.366
        9870000       1.993676           4043         0.9916        47208.9          2.313
        9871000       1.993912           4043         0.9916        47221.1          2.287
        9872000       1.994094           4043         0.9916        47233.0          2.232
        9873000       1.994281           4043         0.9916        47246.2          2.222
        9874000       1.994485           4043         0.9916        47258.4          2.338
        9875000       1.994672           4044         0.9916        47270.1          2.286
        9876000       1.994894           4045         0.9916        47282.9          2.280
        9877000       1.995065           4046         0.9916        47295.8          2.257
        9878000       1.995266           4046         0.9916        47307.7          2.255
        9879000       1.995459           4048         0.9916        47320.7          2.375
        9880000       1.995630           4049         0.9916        47332.0          2.366
        9881000       1.995849           4049         0.9916        47344.0          2.404
        9882000       1.996047           4049         0.9916        47355.7          2.471
        9883000       1.996286           4049         0.9916        47369.3          2.473
        9884000       1.996453           4049         0.9916        47383.6          2.449
        9885000       1.996649           4049         0.9916        47395.7          2.569
        9886000       1.996852           4049         0.9916        47407.2          2.459
        9887000       1.997114           4049         0.9916        47420.0          2.407
        9888000       1.997259           4049         0.9916        47431.7          2.391
        9889000       1.997460           4050         0.9916        47445.1          2.350
        9890000       1.997675           4053         0.9916        47457.9          2.349
        9891000       1.997905           4054         0.9916        47470.4          2.402
        9892000       1.998101           4054         0.9916        47484.0          2.370
        9893000       1.998332           4054         0.9916        47498.5          2.394
        9894000       1.998540           4055         0.9915        47510.1          2.378
        9895000       1.998765           4055         0.9915        47524.6          2.419
        9896000       1.998965           4055         0.9915        47537.6          2.384
        9897000       1.999170           4056         0.9915        47550.9          2.366
        9898000       1.999354           4057         0.9915        47562.3          2.371
        9899000       1.999606           4057         0.9915        47575.3          2.382
        9900000       1.999787           4057         0.9915        47587.2          2.381
        9901000       1.999981           4058         0.9915        47600.9          2.348
