KMC 1+1 simulation started

Simulation parameters:
=====================================================
       substrate_lattice_constant [A] = 2.71500
          adatom_lattice_constant [A] = 2.83000
             vertical_lat_spacing [A] = 2.86833
      spring_const_neighbors [eV/A/A] = 2.15025
 spring_const_next_neighbors [eV/A/A] = 1.07513
                     misfit_coeff [A] = 0.04236
                              D [1/s] = 5.19588e+12
                               E [eV] = 0.53000
                     bond_energy [eV] = 0.40000
                               grid_x = 500
                               grid_y = 80
                     substrate_height = 16
           local_relaxation_range_min = 10
           local_relaxation_range_max = 10
                     time_fluence [s] = 8.000
                  simulation_time [s] = 2.000
                      diffusion_range = 8
              deposition_speed [ML/s] = 0.080
                      temperature [K] = 700
=====================================================

           iter       sim_time      new_atoms         pr_acc   real_time[s]        duv_max
           1000       0.001145              1         1.0000            1.9          0.025
           2000       0.001311              1         1.0000            4.0          0.025
           3000       0.001401              2         1.0000            6.0          0.025
           4000       0.001538              3         1.0000            8.1          0.054
           5000       0.002185              3         0.9998           10.1          0.055
           6000       0.002988              6         0.9998           12.1          0.057
           7000       0.003491              6         0.9999           14.1          0.094
           8000       0.003619              6         0.9997           16.1          0.094
           9000       0.004009              6         0.9998           18.1          0.094
          10000       0.004436              7         0.9998           20.1          0.150
          11000       0.004597              7         0.9998           22.1          0.150
          12000       0.004920              7         0.9997           24.1          0.173
          13000       0.005362              8         0.9997           26.1          0.186
          14000       0.005693              9         0.9997           28.1          0.171
          15000       0.006065              9         0.9997           30.1          0.171
          16000       0.006490              9         0.9997           32.0          0.152
          17000       0.006597              9         0.9997           34.0          0.151
          18000       0.006819              9         0.9997           36.0          0.171
          19000       0.007066              9         0.9997           38.0          0.195
          20000       0.007333              9         0.9997           40.0          0.171
          21000       0.008144             10         0.9998           41.8          0.213
          22000       0.008439             11         0.9997           43.9          0.223
          23000       0.008563             11         0.9997           45.9          0.222
          24000       0.008728             11         0.9997           47.9          0.222
          25000       0.008891             11         0.9998           49.9          0.224
          26000       0.009037             11         0.9998           52.0          0.191
          27000       0.009339             11         0.9998           54.0          0.190
          28000       0.009502             11         0.9998           56.0          0.190
          29000       0.009612             12         0.9998           58.0          0.200
          30000       0.009692             12         0.9998           60.1          0.201
          31000       0.009774             12         0.9998           62.1          0.200
          32000       0.009855             12         0.9998           64.1          0.200
          33000       0.009919             12         0.9998           66.2          0.187
          34000       0.009993             12         0.9998           68.2          0.201
          35000       0.010071             12         0.9998           70.2          0.190
          36000       0.010211             12         0.9998           72.3          0.211
          37000       0.010342             12         0.9998           74.3          0.201
          38000       0.010769             12         0.9998           76.2          0.224
          39000       0.010850             12         0.9998           78.3          0.225
          40000       0.010910             12         0.9998           80.3          0.214
          41000       0.010965             12         0.9998           82.3          0.204
          42000       0.011041             12         0.9998           84.4          0.213
          43000       0.011172             13         0.9998           86.4          0.214
          44000       0.011307             13         0.9998           88.4          0.223
          45000       0.011677             14         0.9998           90.3          0.221
          46000       0.012258             14         0.9998           92.2          0.210
          47000       0.012644             14         0.9998           94.2          0.202
          48000       0.012847             15         0.9998           96.1          0.170
          49000       0.013422             15         0.9998           98.0          0.174
          50000       0.013619             15         0.9998          100.0          0.171
          51000       0.013850             15         0.9998          101.9          0.195
          52000       0.013966             15         0.9998          103.9          0.187
          53000       0.014062             15         0.9998          105.9          0.171
          54000       0.014278             15         0.9998          107.9          0.172
          55000       0.014507             15         0.9998          109.9          0.170
          56000       0.014837             16         0.9998          111.9          0.213
          57000       0.015182             16         0.9998          113.8          0.178
          58000       0.015620             16         0.9997          115.7          0.171
          59000       0.015842             16         0.9997          117.7          0.150
          60000       0.015912             16         0.9997          119.7          0.187
          61000       0.016023             16         0.9997          121.7          0.186
          62000       0.016237             16         0.9997          123.7          0.150
          63000       0.016461             16         0.9997          125.7          0.150
          64000       0.016579             16         0.9997          127.7          0.150
          65000       0.017105             17         0.9997          129.7          0.151
          66000       0.017316             18         0.9997          131.6          0.129
          67000       0.017570             18         0.9997          133.6          0.186
          68000       0.017793             18         0.9997          135.5          0.176
          69000       0.017946             18         0.9997          137.5          0.186
          70000       0.018439             18         0.9997          139.4          0.171
          71000       0.018718             18         0.9996          141.4          0.201
          72000       0.019564             18         0.9996          143.2          0.203
          73000       0.020071             18         0.9996          145.1          0.174
          74000       0.020285             18         0.9996          147.1          0.183
          75000       0.020526             18         0.9996          149.1          0.186
          76000       0.020774             18         0.9996          151.0          0.188
          77000       0.020874             18         0.9996          153.0          0.169
          78000       0.021344             18         0.9996          154.9          0.151
          79000       0.021503             18         0.9996          156.9          0.152
          80000       0.021605             18         0.9996          158.8          0.169
          81000       0.021836             18         0.9996          160.8          0.171
          82000       0.022089             18         0.9996          162.7          0.200
          83000       0.022436             19         0.9996          164.7          0.202
          84000       0.022573             19         0.9996          166.6          0.228
          85000       0.022786             19         0.9996          168.6          0.191
          86000       0.023023             19         0.9996          170.6          0.186
          87000       0.023230             19         0.9996          172.6          0.188
          88000       0.023318             19         0.9996          174.5          0.212
          89000       0.023378             19         0.9996          176.5          0.213
          90000       0.023457             20         0.9996          178.5          0.229
          91000       0.023772             20         0.9996          180.5          0.245
          92000       0.024013             20         0.9996          182.5          0.250
          93000       0.024370             21         0.9996          184.4          0.254
          94000       0.024592             21         0.9996          186.4          0.258
          95000       0.024713             21         0.9996          188.4          0.251
          96000       0.025037             21         0.9996          190.3          0.254
          97000       0.025248             22         0.9996          192.2          0.252
          98000       0.025690             22         0.9996          194.0          0.240
          99000       0.025873             23         0.9996          196.0          0.251
         100000       0.025933             23         0.9996          198.0          0.241
         101000       0.026195             23         0.9996          199.9          0.243
         102000       0.026370             24         0.9996          201.8          0.246
         103000       0.026639             24         0.9996          203.8          0.251
         104000       0.026735             24         0.9996          205.8          0.252
         105000       0.027006             24         0.9996          207.7          0.247
         106000       0.027090             24         0.9996          209.7          0.257
         107000       0.027184             24         0.9996          211.7          0.247
         108000       0.027330             24         0.9996          213.7          0.247
         109000       0.027568             25         0.9996          215.6          0.239
         110000       0.027853             25         0.9996          217.6          0.240
         111000       0.027985             25         0.9996          219.6          0.239
         112000       0.028166             25         0.9996          221.5          0.223
         113000       0.028368             25         0.9996          223.4          0.218
         114000       0.028631             27         0.9996          225.4          0.223
         115000       0.028784             27         0.9996          227.3          0.223
         116000       0.029082             28         0.9996          229.3          0.225
         117000       0.029253             29         0.9996          231.3          0.223
         118000       0.029629             29         0.9996          233.1          0.201
         119000       0.029826             29         0.9996          235.0          0.202
         120000       0.029956             31         0.9996          236.9          0.200
         121000       0.030099             31         0.9996          238.8          0.205
         122000       0.030339             31         0.9996          241.1          0.223
         123000       0.030566             31         0.9996          243.0          0.230
         124000       0.030744             31         0.9996          244.9          0.215
         125000       0.031095             31         0.9996          246.8          0.224
         126000       0.031354             32         0.9996          248.6          0.201
         127000       0.031493             32         0.9996          250.5          0.212
         128000       0.031778             32         0.9996          252.4          0.190
         129000       0.031932             32         0.9996          254.4          0.201
         130000       0.032065             32         0.9996          256.3          0.188
         131000       0.032176             32         0.9996          258.3          0.190
         132000       0.032431             32         0.9996          260.1          0.199
         133000       0.032720             33         0.9996          262.0          0.230
         134000       0.032972             33         0.9996          263.8          0.244
         135000       0.033162             33         0.9996          265.7          0.240
         136000       0.033258             33         0.9996          267.7          0.240
         137000       0.033461             33         0.9996          269.6          0.245
         138000       0.033770             33         0.9996          271.5          0.251
         139000       0.033937             33         0.9996          273.4          0.252
         140000       0.034126             33         0.9996          275.3          0.252
         141000       0.034235             33         0.9996          277.2          0.251
         142000       0.034532             33         0.9996          279.1          0.245
         143000       0.034948             33         0.9996          281.0          0.232
         144000       0.035141             35         0.9996          282.9          0.233
         145000       0.035475             35         0.9996          284.8          0.248
         146000       0.035698             35         0.9996          286.7          0.253
         147000       0.035950             35         0.9996          288.6          0.259
         148000       0.036116             36         0.9996          290.5          0.253
         149000       0.036313             36         0.9996          292.3          0.245
         150000       0.036529             36         0.9996          294.2          0.234
         151000       0.036917             36         0.9996          296.0          0.242
         152000       0.037074             36         0.9996          298.0          0.237
         153000       0.037298             37         0.9996          299.9          0.257
         154000       0.037571             38         0.9996          301.8          0.233
         155000       0.037679             39         0.9996          303.8          0.230
         156000       0.037763             39         0.9996          305.8          0.229
         157000       0.038132             39         0.9995          307.6          0.232
         158000       0.038492             40         0.9995          309.4          0.238
         159000       0.038643             40         0.9995          311.3          0.246
         160000       0.038854             40         0.9995          313.2          0.256
         161000       0.038988             40         0.9995          315.1          0.256
         162000       0.039161             41         0.9995          317.1          0.257
         163000       0.039318             41         0.9995          319.0          0.261
         164000       0.039487             41         0.9995          321.0          0.258
         165000       0.039704             41         0.9995          322.9          0.268
         166000       0.040133             41         0.9995          324.7          0.272
         167000       0.040481             41         0.9995          326.6          0.273
         168000       0.040659             41         0.9995          328.5          0.267
         169000       0.040792             41         0.9995          330.4          0.256
         170000       0.041144             41         0.9995          333.0          0.259
         171000       0.041337             41         0.9995          334.9          0.259
         172000       0.041798             41         0.9995          336.7          0.258
         173000       0.042008             41         0.9995          338.6          0.254
         174000       0.042154             41         0.9995          340.5          0.254
         175000       0.042382             41         0.9995          342.3          0.258
         176000       0.042755             41         0.9995          344.1          0.245
         177000       0.043364             41         0.9995          346.0          0.256
         178000       0.043472             41         0.9995          347.9          0.247
         179000       0.043763             42         0.9995          349.7          0.254
         180000       0.043865             42         0.9995          351.7          0.250
         181000       0.043960             43         0.9995          353.6          0.255
         182000       0.044249             43         0.9995          355.5          0.254
         183000       0.044768             44         0.9995          357.3          0.260
         184000       0.044901             44         0.9995          359.3          0.267
         185000       0.045077             44         0.9995          361.2          0.251
         186000       0.045290             45         0.9995          363.1          0.250
         187000       0.045697             45         0.9995          364.9          0.247
         188000       0.045786             45         0.9995          366.8          0.253
         189000       0.045933             45         0.9995          368.7          0.244
         190000       0.046075             45         0.9995          370.7          0.248
         191000       0.046213             45         0.9995          372.7          0.259
         192000       0.046369             45         0.9995          374.6          0.260
         193000       0.046566             45         0.9995          376.4          0.276
         194000       0.046633             45         0.9995          378.4          0.280
         195000       0.046922             45         0.9995          380.2          0.282
         196000       0.047232             45         0.9995          382.2          0.281
         197000       0.047356             45         0.9995          384.0          0.279
         198000       0.047606             45         0.9995          385.9          0.282
         199000       0.047789             45         0.9995          387.8          0.279
         200000       0.048348             45         0.9995          389.6          0.279
         201000       0.048475             45         0.9995          391.5          0.274
         202000       0.048690             46         0.9995          393.4          0.274
         203000       0.048780             46         0.9995          395.3          0.274
         204000       0.048856             46         0.9995          397.3          0.276
         205000       0.048936             46         0.9995          399.2          0.276
         206000       0.049024             46         0.9995          401.1          0.275
         207000       0.049583             46         0.9995          402.9          0.270
         208000       0.049675             46         0.9995          404.9          0.270
         209000       0.049750             46         0.9995          406.8          0.272
         210000       0.049892             46         0.9995          408.8          0.278
         211000       0.050129             46         0.9995          410.7          0.275
         212000       0.050494             46         0.9995          412.5          0.272
         213000       0.050592             46         0.9995          414.5          0.276
         214000       0.050741             46         0.9995          416.5          0.278
         215000       0.050893             46         0.9995          418.4          0.271
         216000       0.051001             46         0.9995          420.3          0.276
         217000       0.051375             46         0.9995          422.1          0.279
         218000       0.051625             46         0.9995          424.0          0.285
         219000       0.051834             46         0.9995          425.8          0.287
         220000       0.052278             48         0.9995          427.6          0.296
         221000       0.052726             48         0.9995          429.4          0.285
         222000       0.053074             48         0.9995          431.2          0.291
         223000       0.053139             48         0.9995          433.1          0.285
         224000       0.053276             48         0.9995          435.1          0.287
         225000       0.053605             48         0.9995          436.9          0.289
         226000       0.053791             48         0.9995          438.8          0.291
         227000       0.054045             48         0.9995          440.7          0.289
         228000       0.054232             48         0.9995          442.6          0.291
         229000       0.054434             48         0.9995          444.5          0.293
         230000       0.054732             48         0.9995          446.4          0.289
         231000       0.054909             48         0.9995          448.3          0.276
         232000       0.055021             48         0.9995          450.2          0.280
         233000       0.055135             48         0.9995          452.2          0.285
         234000       0.055338             48         0.9995          453.9          0.285
         235000       0.055494             49         0.9995          455.9          0.287
         236000       0.055545             50         0.9995          457.8          0.285
         237000       0.055847             50         0.9995          459.6          0.272
         238000       0.056106             50         0.9995          461.5          0.237
         239000       0.056418             50         0.9995          463.3          0.229
         240000       0.056702             52         0.9995          465.2          0.239
         241000       0.056867             52         0.9995          467.1          0.238
         242000       0.057033             53         0.9995          468.9          0.253
         243000       0.057322             54         0.9995          470.7          0.244
         244000       0.057491             54         0.9995          472.6          0.244
         245000       0.057765             54         0.9995          474.4          0.272
         246000       0.057843             54         0.9995          476.3          0.279
         247000       0.058078             54         0.9995          478.2          0.279
         248000       0.058342             54         0.9995          480.0          0.274
         249000       0.058687             54         0.9995          481.8          0.252
         250000       0.058756             54         0.9995          483.8          0.255
         251000       0.058920             54         0.9995          485.7          0.252
         252000       0.059239             54         0.9995          487.5          0.253
         253000       0.059565             54         0.9995          489.4          0.243
         254000       0.059800             54         0.9995          491.3          0.268
         255000       0.059887             54         0.9995          493.2          0.243
         256000       0.060221             54         0.9995          495.0          0.245
         257000       0.060357             55         0.9995          497.0          0.247
         258000       0.060467             55         0.9995          498.9          0.247
         259000       0.060784             55         0.9995          500.7          0.251
         260000       0.061019             55         0.9995          502.5          0.253
         261000       0.061199             55         0.9995          504.4          0.254
         262000       0.061467             55         0.9995          506.2          0.240
         263000       0.061592             56         0.9995          508.1          0.238
         264000       0.061899             56         0.9995          510.0          0.238
         265000       0.062082             56         0.9995          511.9          0.240
         266000       0.062276             56         0.9995          513.7          0.248
         267000       0.062396             56         0.9995          515.7          0.279
         268000       0.062630             56         0.9995          517.5          0.282
         269000       0.062903             56         0.9995          519.4          0.294
         270000       0.063026             56         0.9995          521.3          0.295
         271000       0.063296             56         0.9995          523.2          0.276
         272000       0.063419             56         0.9995          525.1          0.282
         273000       0.063618             56         0.9995          527.0          0.280
         274000       0.063838             58         0.9995          528.8          0.281
         275000       0.064019             58         0.9995          530.6          0.267
         276000       0.064302             58         0.9995          532.4          0.275
         277000       0.064616             58         0.9995          534.2          0.278
         278000       0.064792             58         0.9995          536.1          0.266
         279000       0.065106             58         0.9995          537.9          0.258
         280000       0.065263             59         0.9995          539.7          0.258
         281000       0.065531             60         0.9995          541.6          0.254
         282000       0.065816             61         0.9995          543.4          0.244
         283000       0.066094             61         0.9995          545.2          0.253
         284000       0.066172             61         0.9995          547.1          0.254
         285000       0.066389             61         0.9994          549.0          0.251
         286000       0.066689             61         0.9994          550.8          0.253
         287000       0.066902             61         0.9994          552.7          0.258
         288000       0.067167             61         0.9994          554.4          0.256
         289000       0.067539             61         0.9994          556.2          0.282
         290000       0.067785             61         0.9994          558.0          0.281
         291000       0.068107             61         0.9994          559.8          0.251
         292000       0.068283             61         0.9994          561.6          0.249
         293000       0.068625             61         0.9994          563.4          0.262
         294000       0.068850             61         0.9994          565.3          0.263
         295000       0.068992             61         0.9994          567.3          0.252
         296000       0.069191             61         0.9994          569.1          0.254
         297000       0.069474             61         0.9994          570.9          0.254
         298000       0.069791             61         0.9994          572.7          0.254
         299000       0.069957             61         0.9994          574.6          0.254
         300000       0.070235             62         0.9994          576.5          0.250
         301000       0.070369             62         0.9994          578.5          0.290
         302000       0.070539             62         0.9994          580.3          0.232
         303000       0.070957             63         0.9994          582.1          0.228
         304000       0.071144             63         0.9994          583.9          0.229
         305000       0.071437             63         0.9994          585.7          0.241
         306000       0.071608             63         0.9994          587.6          0.256
         307000       0.071832             63         0.9994          589.4          0.255
         308000       0.072236             63         0.9994          591.1          0.252
         309000       0.072463             63         0.9994          593.0          0.248
         310000       0.072815             63         0.9994          594.7          0.247
         311000       0.072956             63         0.9994          596.6          0.252
         312000       0.073313             63         0.9994          598.4          0.242
         313000       0.073558             64         0.9994          600.2          0.224
         314000       0.073650             64         0.9994          602.1          0.223
         315000       0.073841             64         0.9994          604.0          0.212
         316000       0.073916             64         0.9994          605.9          0.243
         317000       0.074034             64         0.9994          607.7          0.262
         318000       0.074312             64         0.9994          609.5          0.257
         319000       0.074552             64         0.9994          611.3          0.249
         320000       0.074798             65         0.9994          613.1          0.251
         321000       0.075011             65         0.9994          614.9          0.248
         322000       0.075243             65         0.9994          616.7          0.248
         323000       0.075434             65         0.9994          618.5          0.259
         324000       0.075714             65         0.9994          620.3          0.259
         325000       0.075968             65         0.9994          622.1          0.260
         326000       0.076223             65         0.9994          623.9          0.254
         327000       0.076459             65         0.9994          625.7          0.263
         328000       0.076689             65         0.9994          627.6          0.265
         329000       0.076837             65         0.9994          629.4          0.262
         330000       0.077101             65         0.9994          631.2          0.263
         331000       0.077186             65         0.9994          633.1          0.274
         332000       0.077418             65         0.9994          634.9          0.271
         333000       0.077820             65         0.9994          636.6          0.269
         334000       0.078119             65         0.9994          638.4          0.269
         335000       0.078226             65         0.9994          640.2          0.272
         336000       0.078434             65         0.9994          642.0          0.269
         337000       0.078724             65         0.9994          643.8          0.275
         338000       0.078952             65         0.9994          645.6          0.270
         339000       0.079343             65         0.9994          647.3          0.266
         340000       0.079792             67         0.9993          649.0          0.268
         341000       0.080053             68         0.9993          650.8          0.265
         342000       0.080158             68         0.9993          652.7          0.257
         343000       0.080459             68         0.9993          654.5          0.259
         344000       0.080755             68         0.9993          656.3          0.256
         345000       0.080984             68         0.9993          658.1          0.261
         346000       0.081257             68         0.9993          659.8          0.259
         347000       0.081548             69         0.9993          661.5          0.273
         348000       0.081739             69         0.9993          663.4          0.273
         349000       0.081993             69         0.9993          665.2          0.275
         350000       0.082215             69         0.9993          667.0          0.277
         351000       0.082480             69         0.9993          668.7          0.274
         352000       0.082662             69         0.9993          670.6          0.275
         353000       0.082804             71         0.9993          672.4          0.272
         354000       0.083003             71         0.9993          674.2          0.269
         355000       0.083164             71         0.9993          676.0          0.274
         356000       0.083459             72         0.9993          677.7          0.268
         357000       0.083670             72         0.9993          679.5          0.272
         358000       0.083959             72         0.9993          681.3          0.269
         359000       0.084137             72         0.9993          683.2          0.270
         360000       0.084359             72         0.9993          685.0          0.274
         361000       0.084586             72         0.9993          686.8          0.271
         362000       0.084736             72         0.9993          688.6          0.276
         363000       0.084899             72         0.9993          690.5          0.269
         364000       0.085161             72         0.9993          692.2          0.271
         365000       0.085389             72         0.9993          694.0          0.260
         366000       0.085576             72         0.9993          695.8          0.267
         367000       0.085944             72         0.9993          697.6          0.273
         368000       0.086355             73         0.9993          699.4          0.283
         369000       0.086570             73         0.9993          701.2          0.278
         370000       0.086777             73         0.9993          703.0          0.286
         371000       0.086990             73         0.9993          704.9          0.334
         372000       0.087227             73         0.9993          706.7          0.280
         373000       0.087341             73         0.9993          708.6          0.278
         374000       0.087455             73         0.9993          710.5          0.283
         375000       0.087542             74         0.9993          712.3          0.281
         376000       0.087622             74         0.9993          714.2          0.282
         377000       0.087674             74         0.9993          716.1          0.285
         378000       0.087775             74         0.9993          717.9          0.283
         379000       0.087912             74         0.9993          719.8          0.280
         380000       0.088060             74         0.9993          721.7          0.276
         381000       0.088355             75         0.9993          723.5          0.270
         382000       0.088632             75         0.9993          725.3          0.280
         383000       0.088811             75         0.9993          727.2          0.263
         384000       0.088913             75         0.9993          729.1          0.273
         385000       0.089093             75         0.9993          730.9          0.291
         386000       0.089336             76         0.9993          732.7          0.288
         387000       0.089550             76         0.9993          734.5          0.294
         388000       0.089717             76         0.9993          736.5          0.272
         389000       0.090093             76         0.9993          738.1          0.288
         390000       0.090306             76         0.9993          740.0          0.287
         391000       0.090484             76         0.9993          741.9          0.287
         392000       0.090548             77         0.9993          743.9          0.287
         393000       0.090853             77         0.9993          745.6          0.293
         394000       0.091087             77         0.9993          747.4          0.290
         395000       0.091346             77         0.9993          749.2          0.293
         396000       0.091487             77         0.9993          751.1          0.295
         397000       0.091672             80         0.9993          753.0          0.297
         398000       0.091769             80         0.9993          754.9          0.299
         399000       0.091909             80         0.9993          756.7          0.285
         400000       0.092061             80         0.9993          758.6          0.289
         401000       0.092300             80         0.9993          760.4          0.303
         402000       0.092446             81         0.9993          762.2          0.298
         403000       0.092669             83         0.9993          764.0          0.300
         404000       0.092877             83         0.9993          765.8          0.293
         405000       0.093119             83         0.9993          767.5          0.301
         406000       0.093372             83         0.9993          769.3          0.311
         407000       0.093588             83         0.9993          771.2          0.310
         408000       0.093673             83         0.9993          773.1          0.314
         409000       0.093889             84         0.9993          774.8          0.309
         410000       0.094060             84         0.9993          776.6          0.307
         411000       0.094195             84         0.9993          778.5          0.308
         412000       0.094373             84         0.9993          780.2          0.307
         413000       0.094579             86         0.9993          782.1          0.304
         414000       0.094944             86         0.9993          783.8          0.306
         415000       0.095164             86         0.9993          785.6          0.305
         416000       0.095314             86         0.9993          787.4          0.296
         417000       0.095471             86         0.9993          789.2          0.305
         418000       0.095654             86         0.9993          791.0          0.307
         419000       0.095837             86         0.9993          792.7          0.301
         420000       0.095946             86         0.9993          794.6          0.301
         421000       0.096063             86         0.9993          796.5          0.305
         422000       0.096185             87         0.9993          798.3          0.305
         423000       0.096426             88         0.9993          800.1          0.307
         424000       0.096679             88         0.9993          801.9          0.302
         425000       0.096834             88         0.9993          803.8          0.299
         426000       0.097033             89         0.9993          805.5          0.299
         427000       0.097181             89         0.9993          807.4          0.307
         428000       0.097432             89         0.9993          809.2          0.304
         429000       0.097665             90         0.9993          811.0          0.294
         430000       0.097760             90         0.9993          812.9          0.297
         431000       0.098046             90         0.9993          814.6          0.296
         432000       0.098361             90         0.9993          816.3          0.296
         433000       0.098647             90         0.9993          818.1          0.295
         434000       0.098884             91         0.9993          820.0          0.291
         435000       0.099081             91         0.9993          821.8          0.287
         436000       0.099266             91         0.9993          823.5          0.280
         437000       0.099575             91         0.9993          825.2          0.287
         438000       0.099677             92         0.9993          827.0          0.282
         439000       0.099884             92         0.9993          828.7          0.288
         440000       0.100016             92         0.9993          830.5          0.275
         441000       0.100312             93         0.9993          832.2          0.342
         442000       0.100573             93         0.9993          834.0          0.274
         443000       0.100771             93         0.9993          835.6          0.275
         444000       0.101073             93         0.9993          837.4          0.278
         445000       0.101287             93         0.9993          839.1          0.277
         446000       0.101423             94         0.9993          841.7          0.280
         447000       0.101628             94         0.9993          843.5          0.281
         448000       0.101907             94         0.9992          845.2          0.294
         449000       0.102133             94         0.9992          847.0          0.274
         450000       0.102285             94         0.9993          848.8          0.281
         451000       0.102550             94         0.9993          850.5          0.275
         452000       0.102711             94         0.9992          852.3          0.272
         453000       0.103103             94         0.9992          854.0          0.273
         454000       0.103291             94         0.9992          855.8          0.290
         455000       0.103525             95         0.9992          857.6          0.295
         456000       0.103661             95         0.9992          859.5          0.293
         457000       0.103828             95         0.9992          861.3          0.297
         458000       0.104014             96         0.9992          863.1          0.297
         459000       0.104255             97         0.9992          864.9          0.292
         460000       0.104444             98         0.9992          866.7          0.286
         461000       0.104678             99         0.9992          868.5          0.276
         462000       0.104817             99         0.9992          870.3          0.270
         463000       0.105052             99         0.9992          872.1          0.268
         464000       0.105256             99         0.9992          873.9          0.270
         465000       0.105471            100         0.9992          875.7          0.285
         466000       0.105693            100         0.9992          877.4          0.257
         467000       0.105860            100         0.9992          879.2          0.257
         468000       0.106104            100         0.9992          881.0          0.283
         469000       0.106215            100         0.9992          882.8          0.291
         470000       0.106291            101         0.9992          884.7          0.290
         471000       0.106464            101         0.9992          886.8          0.292
         472000       0.106729            101         0.9992          888.5          0.303
         473000       0.106923            101         0.9992          890.3          0.296
         474000       0.107015            101         0.9992          892.1          0.297
         475000       0.107337            101         0.9992          893.8          0.295
         476000       0.107457            101         0.9992          895.6          0.294
         477000       0.107595            101         0.9992          897.4          0.295
         478000       0.107793            101         0.9992          899.1          0.294
         479000       0.108057            103         0.9992          900.9          0.293
         480000       0.108337            103         0.9992          902.6          0.297
         481000       0.108521            103         0.9992          904.3          0.294
         482000       0.108825            103         0.9992          906.0          0.292
         483000       0.109087            103         0.9992          907.7          0.288
         484000       0.109215            103         0.9992          909.5          0.286
         485000       0.109386            103         0.9992          911.3          0.283
         486000       0.109708            103         0.9992          913.0          0.283
         487000       0.109836            103         0.9992          914.7          0.277
         488000       0.110085            104         0.9992          916.6          0.275
         489000       0.110309            104         0.9992          918.3          0.280
         490000       0.110451            104         0.9992          920.1          0.276
         491000       0.110633            104         0.9992          921.9          0.274
         492000       0.110866            105         0.9992          923.6          0.279
         493000       0.111078            105         0.9992          925.3          0.282
         494000       0.111178            105         0.9992          927.1          0.281
         495000       0.111348            106         0.9992          928.8          0.279
         496000       0.111601            107         0.9992          930.5          0.281
         497000       0.111772            108         0.9992          932.3          0.278
         498000       0.112004            108         0.9992          934.1          0.275
         499000       0.112165            108         0.9992          935.9          0.274
         500000       0.112433            109         0.9992          937.6          0.272
         501000       0.112607            109         0.9992          939.4          0.276
         502000       0.112790            109         0.9992          941.2          0.283
         503000       0.112937            110         0.9992          942.9          0.287
         504000       0.113195            111         0.9992          944.7          0.286
         505000       0.113368            112         0.9992          946.5          0.282
         506000       0.113567            112         0.9992          948.2          0.282
         507000       0.113726            113         0.9992          950.0          0.283
         508000       0.113918            113         0.9992          951.8          0.286
         509000       0.114234            113         0.9992          953.5          0.313
         510000       0.114490            113         0.9992          955.2          0.323
         511000       0.114615            114         0.9992          957.0          0.296
         512000       0.114889            114         0.9992          958.6          0.364
         513000       0.115018            114         0.9992          960.4          0.364
         514000       0.115209            114         0.9992          962.1          0.372
         515000       0.115415            114         0.9992          963.8          0.368
         516000       0.115606            114         0.9992          965.6          0.298
         517000       0.115748            114         0.9992          967.4          0.330
         518000       0.115941            115         0.9992          969.2          0.285
         519000       0.116230            115         0.9992          970.9          0.307
         520000       0.116347            115         0.9992          972.8          0.283
         521000       0.116571            115         0.9992          974.6          0.322
         522000       0.116751            115         0.9992          976.4          0.320
         523000       0.116973            115         0.9992          978.2          0.342
         524000       0.117143            115         0.9992          979.9          0.331
         525000       0.117357            115         0.9992          981.7          0.390
         526000       0.117618            116         0.9992          983.4          0.413
         527000       0.117918            116         0.9992          985.1          0.420
         528000       0.118026            116         0.9992          986.9          0.358
         529000       0.118150            116         0.9992          988.7          0.342
         530000       0.118286            117         0.9992          990.6          0.337
         531000       0.118435            117         0.9992          992.4          0.372
         532000       0.118605            119         0.9992          994.1          0.336
         533000       0.118815            119         0.9992          995.9          0.372
         534000       0.119125            119         0.9992          997.6          0.361
         535000       0.119357            119         0.9992          999.3          0.344
         536000       0.119567            119         0.9992         1001.0          0.342
         537000       0.119730            119         0.9992         1002.9          0.345
         538000       0.120057            119         0.9992         1004.6          0.400
         539000       0.120191            119         0.9992         1006.4          0.408
         540000       0.120394            119         0.9992         1008.1          0.417
         541000       0.120649            119         0.9991         1009.8          0.412
         542000       0.120894            119         0.9991         1011.6          0.374
         543000       0.121106            119         0.9991         1013.3          0.454
         544000       0.121461            119         0.9991         1015.0          0.459
         545000       0.121600            119         0.9991         1016.8          0.384
         546000       0.121949            119         0.9991         1018.4          0.468
         547000       0.122271            119         0.9991         1020.1          0.468
         548000       0.122534            119         0.9991         1021.8          0.412
         549000       0.122845            119         0.9991         1023.5          0.406
         550000       0.123261            119         0.9991         1025.2          0.374
         551000       0.123544            119         0.9991         1026.9          0.370
         552000       0.123682            119         0.9991         1028.7          0.369
         553000       0.123824            120         0.9991         1030.6          0.358
         554000       0.124012            120         0.9991         1032.3          0.346
         555000       0.124264            120         0.9991         1034.0          0.349
         556000       0.124502            120         0.9991         1035.7          0.336
         557000       0.124758            120         0.9991         1037.4          0.357
         558000       0.124999            121         0.9991         1039.2          0.364
         559000       0.125210            121         0.9991         1040.9          0.328
         560000       0.125532            122         0.9991         1042.6          0.371
         561000       0.125714            123         0.9991         1044.3          0.341
         562000       0.125924            123         0.9991         1046.0          0.426
         563000       0.126066            123         0.9991         1047.8          0.376
         564000       0.126275            123         0.9991         1049.5          0.344
         565000       0.126527            123         0.9991         1051.2          0.346
         566000       0.126824            123         0.9991         1052.9          0.445
         567000       0.126955            123         0.9991         1054.6          0.350
         568000       0.127223            123         0.9991         1056.4          0.419
         569000       0.127604            123         0.9991         1058.1          0.333
         570000       0.127802            123         0.9991         1059.9          0.409
         571000       0.127983            123         0.9991         1061.6          0.423
         572000       0.128393            123         0.9991         1063.3          0.378
         573000       0.128736            123         0.9991         1065.0          0.310
         574000       0.128945            123         0.9991         1066.7          0.312
         575000       0.129177            123         0.9991         1068.4          0.329
         576000       0.129336            123         0.9991         1070.2          0.309
         577000       0.129649            124         0.9991         1071.9          0.325
         578000       0.129853            124         0.9991         1073.6          0.317
         579000       0.130149            124         0.9991         1075.3          0.318
         580000       0.130316            124         0.9991         1077.0          0.323
         581000       0.130545            124         0.9991         1079.2          0.320
         582000       0.130701            125         0.9991         1081.0          0.325
         583000       0.130953            125         0.9991         1082.8          0.324
         584000       0.131217            125         0.9991         1084.8          0.323
         585000       0.131378            126         0.9991         1086.6          0.319
         586000       0.131521            126         0.9991         1088.5          0.322
         587000       0.131740            126         0.9991         1090.6          0.316
         588000       0.131958            126         0.9991         1092.3          0.323
         589000       0.132273            127         0.9991         1094.0          0.320
         590000       0.132443            127         0.9991         1095.8          0.319
         591000       0.132564            127         0.9991         1097.5          0.321
         592000       0.132678            127         0.9991         1099.3          0.313
         593000       0.132891            128         0.9991         1101.1          0.319
         594000       0.133156            128         0.9991         1102.8          0.318
         595000       0.133521            128         0.9991         1104.5          0.305
         596000       0.133687            128         0.9991         1106.2          0.304
         597000       0.133842            128         0.9991         1108.0          0.303
         598000       0.133970            128         0.9991         1109.8          0.304
         599000       0.134155            128         0.9991         1111.5          0.342
         600000       0.134443            128         0.9991         1113.2          0.311
         601000       0.134719            129         0.9991         1114.9          0.318
         602000       0.134919            129         0.9991         1116.7          0.317
         603000       0.135116            129         0.9991         1118.4          0.317
         604000       0.135327            129         0.9991         1120.1          0.319
         605000       0.135562            129         0.9991         1121.9          0.334
         606000       0.135822            129         0.9991         1123.6          0.379
         607000       0.136066            129         0.9991         1125.3          0.332
         608000       0.136212            129         0.9991         1127.1          0.373
         609000       0.136474            129         0.9991         1128.8          0.344
         610000       0.136614            129         0.9991         1130.5          0.381
         611000       0.136952            129         0.9991         1132.2          0.325
         612000       0.137325            129         0.9991         1133.9          0.360
         613000       0.137518            129         0.9991         1135.6          0.340
         614000       0.137698            129         0.9991         1137.4          0.343
         615000       0.138016            129         0.9991         1139.1          0.337
         616000       0.138310            130         0.9991         1140.7          0.352
         617000       0.138596            130         0.9991         1142.4          0.315
         618000       0.138841            130         0.9991         1144.1          0.306
         619000       0.138920            130         0.9991         1145.9          0.309
         620000       0.139008            130         0.9991         1147.8          0.309
         621000       0.139278            130         0.9991         1149.5          0.306
         622000       0.139481            131         0.9991         1151.2          0.310
         623000       0.139632            131         0.9990         1153.1          0.314
         624000       0.139982            131         0.9990         1154.8          0.307
         625000       0.140205            131         0.9990         1156.4          0.306
         626000       0.140521            131         0.9990         1158.1          0.305
         627000       0.140827            131         0.9990         1159.9          0.330
         628000       0.141063            132         0.9990         1161.6          0.356
         629000       0.141336            132         0.9990         1163.3          0.343
         630000       0.141509            132         0.9990         1165.1          0.382
         631000       0.141742            132         0.9990         1166.8          0.369
         632000       0.141880            133         0.9990         1168.5          0.324
         633000       0.142092            134         0.9990         1170.2          0.377
         634000       0.142337            135         0.9990         1172.0          0.391
         635000       0.142612            135         0.9990         1173.6          0.387
         636000       0.142774            135         0.9990         1175.4          0.390
         637000       0.143081            136         0.9990         1177.2          0.332
         638000       0.143199            137         0.9990         1178.9          0.325
         639000       0.143500            137         0.9990         1180.7          0.367
         640000       0.143728            137         0.9990         1182.4          0.356
         641000       0.143989            137         0.9990         1184.1          0.320
         642000       0.144188            137         0.9990         1185.8          0.315
         643000       0.144428            137         0.9990         1187.6          0.398
         644000       0.144620            137         0.9990         1189.3          0.334
         645000       0.144857            137         0.9990         1191.0          0.330
         646000       0.145107            137         0.9990         1192.7          0.323
         647000       0.145197            137         0.9990         1194.5          0.357
         648000       0.145280            137         0.9990         1196.3          0.361
         649000       0.145482            137         0.9990         1198.0          0.317
         650000       0.145743            137         0.9990         1199.7          0.323
         651000       0.145908            137         0.9990         1201.5          0.370
         652000       0.146031            137         0.9990         1203.3          0.425
         653000       0.146222            137         0.9990         1205.0          0.368
         654000       0.146483            137         0.9990         1206.7          0.433
         655000       0.146688            137         0.9990         1208.5          0.371
         656000       0.147049            137         0.9990         1210.1          0.347
         657000       0.147150            137         0.9990         1211.9          0.348
         658000       0.147361            137         0.9990         1213.6          0.417
         659000       0.147557            137         0.9990         1215.2          0.413
         660000       0.147740            137         0.9990         1217.0          0.371
         661000       0.147975            137         0.9990         1218.8          0.414
         662000       0.148142            137         0.9990         1220.5          0.336
         663000       0.148376            137         0.9990         1222.3          0.332
         664000       0.148623            137         0.9990         1223.9          0.332
         665000       0.148833            137         0.9990         1225.7          0.323
         666000       0.149028            137         0.9990         1227.4          0.340
         667000       0.149297            137         0.9990         1229.1          0.430
         668000       0.149460            137         0.9990         1230.9          0.433
         669000       0.149782            137         0.9990         1232.6          0.432
         670000       0.150038            137         0.9990         1234.3          0.365
         671000       0.150219            137         0.9990         1236.0          0.346
         672000       0.150403            137         0.9990         1237.9          0.329
         673000       0.150631            137         0.9990         1239.6          0.329
         674000       0.150830            138         0.9990         1241.4          0.321
         675000       0.151036            139         0.9990         1243.0          0.333
         676000       0.151204            140         0.9990         1244.7          0.336
         677000       0.151351            140         0.9990         1246.5          0.351
         678000       0.151578            140         0.9990         1248.2          0.358
         679000       0.151744            140         0.9990         1250.0          0.402
         680000       0.151861            140         0.9990         1251.8          0.408
         681000       0.152034            140         0.9990         1253.5          0.379
         682000       0.152161            140         0.9990         1255.3          0.405
         683000       0.152375            140         0.9990         1257.1          0.406
         684000       0.152734            140         0.9990         1258.8          0.338
         685000       0.152934            142         0.9990         1260.4          0.316
         686000       0.153106            143         0.9990         1262.2          0.318
         687000       0.153251            144         0.9990         1263.9          0.294
         688000       0.153474            144         0.9990         1265.7          0.316
         689000       0.153686            144         0.9990         1267.4          0.319
         690000       0.153808            145         0.9990         1269.2          0.350
         691000       0.153990            146         0.9990         1270.9          0.320
         692000       0.154237            146         0.9990         1272.6          0.340
         693000       0.154525            146         0.9990         1274.3          0.320
         694000       0.154701            146         0.9990         1276.0          0.325
         695000       0.154898            146         0.9990         1277.8          0.361
         696000       0.155130            147         0.9990         1279.5          0.332
         697000       0.155386            147         0.9990         1281.2          0.354
         698000       0.155658            147         0.9990         1282.9          0.320
         699000       0.155874            147         0.9990         1284.6          0.319
         700000       0.156115            147         0.9990         1286.3          0.321
         701000       0.156246            147         0.9990         1288.0          0.325
         702000       0.156485            147         0.9990         1289.7          0.321
         703000       0.156678            147         0.9990         1291.4          0.320
         704000       0.156773            147         0.9990         1293.2          0.322
         705000       0.157019            148         0.9990         1294.9          0.320
         706000       0.157172            148         0.9990         1296.7          0.323
         707000       0.157389            148         0.9990         1299.3          0.319
         708000       0.157626            148         0.9990         1301.0          0.318
         709000       0.157805            148         0.9990         1302.7          0.318
         710000       0.158066            148         0.9990         1304.4          0.320
         711000       0.158330            148         0.9990         1306.0          0.321
         712000       0.158497            148         0.9990         1307.8          0.315
         713000       0.158728            148         0.9990         1309.5          0.318
         714000       0.158869            148         0.9990         1311.2          0.318
         715000       0.159082            148         0.9990         1312.9          0.319
         716000       0.159389            148         0.9990         1314.5          0.319
         717000       0.159679            148         0.9990         1316.2          0.319
         718000       0.159952            148         0.9990         1317.9          0.317
         719000       0.160210            148         0.9990         1319.6          0.317
         720000       0.160430            148         0.9990         1321.3          0.317
         721000       0.160595            148         0.9990         1323.0          0.320
         722000       0.160802            149         0.9990         1324.7          0.317
         723000       0.160990            149         0.9990         1326.4          0.314
         724000       0.161284            149         0.9990         1328.1          0.315
         725000       0.161452            149         0.9990         1329.8          0.316
         726000       0.161635            149         0.9990         1331.6          0.316
         727000       0.161926            149         0.9990         1333.2          0.323
         728000       0.162068            149         0.9990         1334.9          0.372
         729000       0.162279            149         0.9990         1336.7          0.314
         730000       0.162515            149         0.9990         1338.4          0.361
         731000       0.162714            149         0.9990         1340.1          0.341
         732000       0.162811            149         0.9990         1341.8          0.311
         733000       0.163072            149         0.9990         1343.4          0.318
         734000       0.163339            149         0.9989         1345.2          0.327
         735000       0.163505            150         0.9989         1346.9          0.318
         736000       0.163672            150         0.9989         1348.6          0.340
         737000       0.163924            150         0.9989         1350.3          0.314
         738000       0.164113            151         0.9989         1352.0          0.328
         739000       0.164338            152         0.9989         1353.7          0.313
         740000       0.164567            152         0.9989         1355.4          0.312
         741000       0.164766            152         0.9989         1357.1          0.310
         742000       0.165032            152         0.9989         1358.8          0.311
         743000       0.165250            152         0.9989         1360.5          0.297
         744000       0.165502            152         0.9989         1362.3          0.303
         745000       0.165659            153         0.9989         1363.9          0.305
         746000       0.165885            153         0.9989         1365.6          0.312
         747000       0.166136            154         0.9989         1367.3          0.313
         748000       0.166354            154         0.9989         1369.0          0.312
         749000       0.166599            154         0.9989         1370.7          0.315
         750000       0.166752            154         0.9989         1372.4          0.311
         751000       0.166954            154         0.9989         1374.1          0.312
         752000       0.167186            154         0.9989         1375.8          0.308
         753000       0.167376            154         0.9989         1377.5          0.306
         754000       0.167589            154         0.9989         1379.1          0.302
         755000       0.167756            154         0.9989         1380.9          0.295
         756000       0.167907            154         0.9989         1382.6          0.296
         757000       0.168121            154         0.9989         1384.3          0.295
         758000       0.168354            156         0.9989         1386.0          0.293
         759000       0.168552            156         0.9989         1387.7          0.291
         760000       0.168751            156         0.9989         1389.4          0.286
         761000       0.169005            156         0.9989         1391.1          0.288
         762000       0.169248            156         0.9989         1392.8          0.279
         763000       0.169469            156         0.9989         1394.5          0.287
         764000       0.169668            156         0.9989         1397.2          0.275
         765000       0.169888            157         0.9989         1398.9          0.271
         766000       0.170070            157         0.9989         1400.6          0.277
         767000       0.170306            157         0.9989         1402.3          0.283
         768000       0.170483            157         0.9989         1404.0          0.278
         769000       0.170719            157         0.9989         1405.6          0.286
         770000       0.170902            158         0.9989         1407.3          0.290
         771000       0.171168            159         0.9989         1409.0          0.302
         772000       0.171409            159         0.9989         1410.7          0.309
         773000       0.171665            159         0.9989         1412.4          0.345
         774000       0.171836            159         0.9989         1414.0          0.326
         775000       0.172060            159         0.9989         1415.7          0.335
         776000       0.172308            159         0.9989         1417.4          0.318
         777000       0.172495            159         0.9989         1419.1          0.303
         778000       0.172736            159         0.9989         1420.8          0.298
         779000       0.172974            159         0.9989         1422.5          0.302
         780000       0.173227            159         0.9989         1424.1          0.286
         781000       0.173541            160         0.9989         1425.8          0.281
         782000       0.173758            160         0.9989         1427.5          0.295
         783000       0.173936            160         0.9989         1429.1          0.293
         784000       0.174160            160         0.9989         1430.8          0.344
         785000       0.174381            160         0.9989         1432.5          0.369
         786000       0.174612            160         0.9989         1434.2          0.386
         787000       0.174756            160         0.9989         1435.9          0.350
         788000       0.174953            160         0.9989         1437.5          0.383
         789000       0.175119            160         0.9989         1439.2          0.410
         790000       0.175283            160         0.9989         1440.9          0.339
         791000       0.175503            161         0.9989         1442.6          0.340
         792000       0.175655            162         0.9989         1444.3          0.346
         793000       0.175819            162         0.9989         1446.0          0.423
         794000       0.175980            162         0.9989         1447.7          0.426
         795000       0.176196            162         0.9989         1449.3          0.342
         796000       0.176357            162         0.9989         1451.1          0.336
         797000       0.176538            163         0.9989         1452.8          0.357
         798000       0.176757            163         0.9989         1454.4          0.362
         799000       0.176949            163         0.9989         1456.1          0.385
         800000       0.177160            163         0.9989         1457.7          0.372
         801000       0.177353            163         0.9989         1459.4          0.406
         802000       0.177556            163         0.9989         1461.1          0.332
         803000       0.177766            165         0.9989         1463.0          0.422
         804000       0.177994            165         0.9989         1464.7          0.431
         805000       0.178252            165         0.9989         1466.3          0.323
         806000       0.178428            165         0.9989         1468.0          0.313
         807000       0.178654            165         0.9989         1469.7          0.315
         808000       0.178808            165         0.9989         1471.4          0.328
         809000       0.179015            165         0.9989         1473.1          0.340
         810000       0.179271            167         0.9989         1474.8          0.386
         811000       0.179479            167         0.9989         1476.5          0.331
         812000       0.179712            167         0.9989         1478.2          0.339
         813000       0.179849            167         0.9989         1479.8          0.358
         814000       0.180071            167         0.9989         1481.5          0.387
         815000       0.180319            168         0.9989         1483.2          0.371
         816000       0.180501            168         0.9989         1484.9          0.328
         817000       0.180738            168         0.9989         1486.5          0.329
         818000       0.180978            168         0.9989         1488.2          0.349
         819000       0.181250            168         0.9989         1489.8          0.380
         820000       0.181409            168         0.9989         1491.5          0.433
         821000       0.181598            168         0.9989         1493.2          0.334
         822000       0.181821            169         0.9989         1494.9          0.411
         823000       0.182128            169         0.9989         1496.6          0.427
         824000       0.182322            169         0.9989         1498.9          0.367
         825000       0.182601            169         0.9988         1500.6          0.418
         826000       0.182814            169         0.9988         1502.3          0.424
         827000       0.182987            169         0.9988         1504.0          0.331
         828000       0.183256            169         0.9988         1505.7          0.360
         829000       0.183471            169         0.9988         1507.3          0.336
         830000       0.183768            169         0.9988         1509.0          0.355
         831000       0.183974            169         0.9988         1510.7          0.356
         832000       0.184124            169         0.9988         1512.4          0.360
         833000       0.184361            169         0.9988         1514.1          0.345
         834000       0.184602            169         0.9988         1515.8          0.324
         835000       0.184858            171         0.9988         1517.4          0.462
         836000       0.185017            171         0.9988         1519.1          0.358
         837000       0.185204            171         0.9988         1520.8          0.383
         838000       0.185450            171         0.9988         1522.5          0.390
         839000       0.185693            171         0.9988         1524.1          0.363
         840000       0.185847            171         0.9988         1525.8          0.411
         841000       0.186058            171         0.9988         1527.5          0.417
         842000       0.186304            171         0.9988         1529.2          0.351
         843000       0.186521            171         0.9988         1530.9          0.329
         844000       0.186754            171         0.9988         1532.5          0.324
         845000       0.186858            171         0.9988         1534.3          0.322
         846000       0.187056            171         0.9988         1535.9          0.375
         847000       0.187243            171         0.9988         1537.6          0.323
         848000       0.187485            171         0.9988         1539.3          0.317
         849000       0.187626            171         0.9988         1541.0          0.306
         850000       0.187694            171         0.9988         1542.7          0.316
         851000       0.187904            171         0.9988         1544.4          0.333
         852000       0.188171            171         0.9988         1546.1          0.442
         853000       0.188404            171         0.9988         1547.7          0.346
         854000       0.188713            171         0.9988         1549.4          0.384
         855000       0.188954            171         0.9988         1551.1          0.352
         856000       0.189196            171         0.9988         1552.8          0.331
         857000       0.189424            171         0.9988         1554.4          0.326
         858000       0.189752            172         0.9988         1556.1          0.428
         859000       0.190016            172         0.9988         1557.7          0.487
         860000       0.190184            173         0.9988         1559.4          0.429
         861000       0.190349            173         0.9988         1561.2          0.438
         862000       0.190672            173         0.9988         1562.9          0.332
         863000       0.190913            173         0.9988         1564.5          0.362
         864000       0.191179            173         0.9988         1566.2          0.365
         865000       0.191321            173         0.9988         1567.9          0.357
         866000       0.191491            174         0.9988         1569.5          0.327
         867000       0.191640            174         0.9988         1571.2          0.349
         868000       0.191855            174         0.9988         1572.9          0.331
         869000       0.192048            175         0.9988         1574.6          0.446
         870000       0.192187            175         0.9988         1576.3          0.439
         871000       0.192350            175         0.9988         1578.0          0.393
         872000       0.192526            175         0.9988         1579.7          0.363
         873000       0.192787            175         0.9988         1581.3          0.337
         874000       0.192979            175         0.9988         1583.0          0.358
         875000       0.193240            175         0.9988         1584.6          0.445
         876000       0.193508            175         0.9988         1586.2          0.356
         877000       0.193819            175         0.9988         1587.9          0.344
         878000       0.194007            175         0.9988         1589.6          0.355
         879000       0.194148            175         0.9988         1591.3          0.323
         880000       0.194308            175         0.9988         1592.9          0.308
         881000       0.194490            176         0.9988         1594.6          0.307
         882000       0.194697            176         0.9988         1596.3          0.342
         883000       0.194800            176         0.9988         1598.0          0.403
         884000       0.194914            176         0.9988         1599.7          0.356
         885000       0.195159            177         0.9988         1601.4          0.332
         886000       0.195386            177         0.9988         1603.1          0.308
         887000       0.195609            177         0.9988         1604.7          0.300
         888000       0.195854            177         0.9988         1606.4          0.324
         889000       0.195985            177         0.9988         1608.1          0.370
         890000       0.196292            177         0.9988         1609.8          0.395
         891000       0.196413            177         0.9988         1611.6          0.384
         892000       0.196676            178         0.9988         1613.2          0.425
         893000       0.196815            178         0.9988         1615.0          0.388
         894000       0.196998            179         0.9988         1616.6          0.430
         895000       0.197215            179         0.9988         1618.3          0.389
         896000       0.197437            179         0.9988         1620.0          0.428
         897000       0.197596            179         0.9988         1621.6          0.349
         898000       0.197795            180         0.9988         1623.3          0.447
         899000       0.197997            180         0.9988         1625.0          0.348
         900000       0.198223            180         0.9988         1626.7          0.355
         901000       0.198479            180         0.9988         1628.3          0.372
         902000       0.198724            180         0.9988         1630.0          0.418
         903000       0.198936            180         0.9988         1631.7          0.373
         904000       0.199124            180         0.9988         1633.4          0.413
         905000       0.199379            180         0.9988         1635.0          0.364
         906000       0.199593            180         0.9988         1636.7          0.461
         907000       0.199787            180         0.9988         1638.4          0.357
         908000       0.200066            180         0.9988         1640.0          0.345
         909000       0.200313            180         0.9988         1641.7          0.319
         910000       0.200518            180         0.9988         1643.4          0.365
         911000       0.200751            180         0.9988         1645.0          0.353
         912000       0.200967            181         0.9988         1646.7          0.362
         913000       0.201120            181         0.9988         1648.3          0.350
         914000       0.201378            181         0.9988         1650.0          0.340
         915000       0.201606            181         0.9988         1651.6          0.346
         916000       0.201901            181         0.9988         1653.3          0.381
         917000       0.202139            182         0.9988         1654.9          0.373
         918000       0.202307            184         0.9988         1656.6          0.370
         919000       0.202537            184         0.9988         1658.3          0.378
         920000       0.202772            185         0.9988         1659.9          0.376
         921000       0.203043            185         0.9988         1661.6          0.392
         922000       0.203240            185         0.9988         1663.3          0.384
         923000       0.203450            185         0.9988         1664.9          0.344
         924000       0.203651            185         0.9987         1667.9          0.361
         925000       0.203811            186         0.9987         1669.6          0.358
         926000       0.203933            187         0.9987         1671.4          0.340
         927000       0.204125            187         0.9987         1673.0          0.357
         928000       0.204327            187         0.9987         1674.7          0.447
         929000       0.204632            187         0.9987         1676.3          0.349
         930000       0.204863            187         0.9987         1678.1          0.397
         931000       0.205132            187         0.9987         1679.7          0.359
         932000       0.205402            187         0.9987         1681.4          0.329
         933000       0.205660            187         0.9987         1683.0          0.363
         934000       0.205794            187         0.9987         1684.8          0.355
         935000       0.206069            188         0.9987         1686.5          0.365
         936000       0.206289            189         0.9987         1688.1          0.353
         937000       0.206567            189         0.9987         1689.8          0.369
         938000       0.206784            189         0.9987         1691.4          0.419
         939000       0.207016            189         0.9987         1693.1          0.417
         940000       0.207141            189         0.9987         1694.8          0.414
         941000       0.207510            189         0.9987         1696.4          0.374
         942000       0.207651            189         0.9987         1699.1          0.416
         943000       0.207897            189         0.9987         1700.8          0.425
         944000       0.208066            189         0.9987         1702.4          0.417
         945000       0.208296            189         0.9987         1704.1          0.410
         946000       0.208512            189         0.9987         1705.7          0.414
         947000       0.208748            189         0.9987         1707.4          0.433
         948000       0.208907            190         0.9987         1709.1          0.422
         949000       0.209159            190         0.9987         1710.7          0.376
         950000       0.209346            190         0.9987         1712.3          0.367
         951000       0.209510            190         0.9987         1714.0          0.407
         952000       0.209693            190         0.9987         1715.6          0.361
         953000       0.209888            190         0.9987         1717.3          0.343
         954000       0.210087            190         0.9987         1719.0          0.374
         955000       0.210275            190         0.9987         1720.7          0.391
         956000       0.210398            190         0.9987         1722.4          0.448
         957000       0.210566            191         0.9987         1724.1          0.354
         958000       0.210747            191         0.9987         1725.8          0.345
         959000       0.210928            191         0.9987         1727.5          0.364
         960000       0.211137            191         0.9987         1729.3          0.371
         961000       0.211350            191         0.9987         1730.9          0.367
         962000       0.211540            191         0.9987         1732.6          0.337
         963000       0.211788            191         0.9987         1734.3          0.356
         964000       0.211981            191         0.9987         1736.0          0.430
         965000       0.212214            191         0.9987         1737.7          0.342
         966000       0.212434            191         0.9987         1739.3          0.378
         967000       0.212594            191         0.9987         1741.0          0.323
         968000       0.212789            191         0.9987         1742.7          0.322
         969000       0.213017            191         0.9987         1744.3          0.317
         970000       0.213222            193         0.9987         1746.0          0.323
         971000       0.213421            194         0.9987         1747.7          0.336
         972000       0.213616            194         0.9987         1749.3          0.321
         973000       0.213802            194         0.9987         1751.0          0.322
         974000       0.214081            194         0.9987         1752.7          0.319
         975000       0.214280            194         0.9987         1754.3          0.328
         976000       0.214490            194         0.9987         1756.0          0.326
         977000       0.214721            195         0.9987         1757.6          0.324
         978000       0.214975            196         0.9987         1759.3          0.391
         979000       0.215235            196         0.9987         1761.0          0.342
         980000       0.215475            197         0.9987         1762.7          0.333
         981000       0.215635            197         0.9987         1764.4          0.333
         982000       0.215913            197         0.9987         1766.1          0.337
         983000       0.216118            197         0.9987         1767.8          0.335
         984000       0.216357            197         0.9987         1769.5          0.335
         985000       0.216597            197         0.9987         1771.1          0.420
         986000       0.216779            198         0.9987         1772.8          0.416
         987000       0.216982            198         0.9987         1774.4          0.338
         988000       0.217223            199         0.9987         1776.1          0.340
         989000       0.217433            199         0.9987         1777.8          0.343
         990000       0.217665            199         0.9987         1779.4          0.375
         991000       0.217880            199         0.9987         1781.1          0.362
         992000       0.218101            199         0.9987         1782.8          0.348
         993000       0.218339            199         0.9987         1784.4          0.334
         994000       0.218563            199         0.9987         1786.1          0.338
         995000       0.218743            199         0.9987         1787.8          0.349
         996000       0.218946            199         0.9987         1789.4          0.345
         997000       0.219211            199         0.9987         1791.0          0.366
         998000       0.219452            200         0.9987         1792.6          0.362
         999000       0.219606            200         0.9987         1794.4          0.364
        1000000       0.219880            200         0.9987         1796.0          0.435
        1001000       0.220040            200         0.9987         1797.7          0.410
        1002000       0.220243            200         0.9987         1799.3          0.333
        1003000       0.220461            200         0.9987         1801.0          0.389
        1004000       0.220589            200         0.9987         1802.8          0.329
        1005000       0.220783            200         0.9987         1804.4          0.330
        1006000       0.221021            200         0.9987         1806.0          0.328
        1007000       0.221255            200         0.9987         1807.7          0.339
        1008000       0.221455            200         0.9987         1809.4          0.363
        1009000       0.221573            200         0.9987         1811.1          0.345
        1010000       0.221764            201         0.9987         1812.8          0.351
        1011000       0.222043            202         0.9987         1814.4          0.343
        1012000       0.222219            202         0.9987         1816.1          0.435
        1013000       0.222447            202         0.9987         1817.7          0.401
        1014000       0.222667            202         0.9987         1819.4          0.399
        1015000       0.222927            202         0.9987         1821.1          0.349
        1016000       0.223152            202         0.9987         1822.8          0.370
        1017000       0.223297            202         0.9987         1824.4          0.381
        1018000       0.223504            202         0.9987         1826.1          0.380
        1019000       0.223784            202         0.9987         1827.7          0.386
        1020000       0.224053            203         0.9987         1829.4          0.444
        1021000       0.224258            204         0.9987         1831.1          0.410
        1022000       0.224523            204         0.9987         1832.8          0.374
        1023000       0.224751            205         0.9987         1834.5          0.402
        1024000       0.224984            205         0.9987         1836.1          0.383
        1025000       0.225195            205         0.9987         1837.8          0.398
        1026000       0.225510            205         0.9986         1839.5          0.455
        1027000       0.225734            205         0.9986         1841.2          0.483
        1028000       0.225950            205         0.9986         1842.8          0.390
        1029000       0.226210            205         0.9986         1844.4          0.407
        1030000       0.226422            205         0.9986         1846.1          0.495
        1031000       0.226622            205         0.9986         1847.7          0.444
        1032000       0.226923            205         0.9986         1849.4          0.490
        1033000       0.227119            206         0.9986         1851.1          0.395
        1034000       0.227335            206         0.9986         1852.8          0.439
        1035000       0.227562            206         0.9986         1854.4          0.449
        1036000       0.227735            206         0.9986         1856.1          0.397
        1037000       0.228024            207         0.9986         1857.7          0.365
        1038000       0.228290            207         0.9986         1859.4          0.351
        1039000       0.228551            207         0.9986         1861.1          0.366
        1040000       0.228758            207         0.9986         1862.7          0.484
        1041000       0.228966            208         0.9986         1864.4          0.405
        1042000       0.229205            208         0.9986         1866.0          0.371
        1043000       0.229439            208         0.9986         1867.7          0.473
        1044000       0.229635            208         0.9986         1869.4          0.478
        1045000       0.229902            209         0.9986         1871.0          0.481
        1046000       0.230111            209         0.9986         1872.6          0.485
        1047000       0.230300            210         0.9986         1874.4          0.490
        1048000       0.230505            210         0.9986         1876.1          0.494
        1049000       0.230675            212         0.9986         1877.8          0.497
        1050000       0.230917            212         0.9986         1880.3          0.403
        1051000       0.231186            212         0.9986         1881.9          0.464
        1052000       0.231379            212         0.9986         1883.5          0.401
        1053000       0.231605            212         0.9986         1885.2          0.401
        1054000       0.231762            212         0.9986         1886.8          0.431
        1055000       0.232022            212         0.9986         1888.4          0.432
        1056000       0.232288            212         0.9986         1890.0          0.414
        1057000       0.232559            212         0.9986         1891.7          0.461
        1058000       0.232848            212         0.9986         1893.3          0.439
        1059000       0.233047            212         0.9986         1895.0          0.408
        1060000       0.233245            212         0.9986         1896.6          0.427
        1061000       0.233450            212         0.9986         1898.3          0.392
        1062000       0.233702            212         0.9986         1900.0          0.432
        1063000       0.233904            212         0.9986         1901.6          0.454
        1064000       0.234147            212         0.9986         1903.3          0.421
        1065000       0.234350            212         0.9986         1904.9          0.364
        1066000       0.234570            213         0.9986         1906.6          0.453
        1067000       0.234722            213         0.9986         1908.4          0.449
        1068000       0.234906            213         0.9986         1910.0          0.401
        1069000       0.235057            213         0.9986         1912.0          0.383
        1070000       0.235247            213         0.9986         1913.8          0.383
        1071000       0.235441            213         0.9986         1915.4          0.370
        1072000       0.235684            213         0.9986         1917.1          0.375
        1073000       0.235892            213         0.9986         1918.8          0.413
        1074000       0.235978            213         0.9986         1920.6          0.481
        1075000       0.236113            214         0.9986         1922.3          0.419
        1076000       0.236349            214         0.9986         1923.9          0.455
        1077000       0.236466            214         0.9986         1925.6          0.470
        1078000       0.236700            215         0.9986         1927.4          0.396
        1079000       0.236939            216         0.9986         1929.0          0.390
        1080000       0.237109            216         0.9986         1930.8          0.429
        1081000       0.237373            217         0.9986         1932.4          0.401
        1082000       0.237576            217         0.9986         1934.1          0.393
        1083000       0.237742            218         0.9986         1935.7          0.448
        1084000       0.237894            218         0.9986         1937.4          0.490
        1085000       0.238132            219         0.9986         1939.1          0.492
        1086000       0.238343            219         0.9986         1940.7          0.509
        1087000       0.238563            219         0.9986         1942.4          0.510
        1088000       0.238709            219         0.9986         1944.2          0.509
        1089000       0.238947            220         0.9986         1945.8          0.392
        1090000       0.239198            220         0.9986         1947.5          0.369
        1091000       0.239327            220         0.9986         1949.2          0.404
        1092000       0.239624            221         0.9986         1950.8          0.492
        1093000       0.239813            221         0.9986         1952.5          0.418
        1094000       0.240041            221         0.9986         1954.2          0.451
        1095000       0.240277            222         0.9986         1955.9          0.460
        1096000       0.240440            222         0.9986         1957.6          0.495
        1097000       0.240669            222         0.9986         1959.2          0.461
        1098000       0.240956            222         0.9986         1960.9          0.481
        1099000       0.241145            222         0.9986         1962.6          0.482
        1100000       0.241371            222         0.9986         1964.2          0.418
        1101000       0.241670            222         0.9986         1965.8          0.379
        1102000       0.241855            223         0.9986         1967.5          0.462
        1103000       0.242003            223         0.9986         1969.2          0.470
        1104000       0.242241            223         0.9986         1970.9          0.512
        1105000       0.242454            223         0.9986         1972.5          0.451
        1106000       0.242694            223         0.9986         1974.2          0.392
        1107000       0.242906            224         0.9986         1975.8          0.402
        1108000       0.243107            224         0.9986         1977.5          0.449
        1109000       0.243312            225         0.9986         1979.2          0.468
        1110000       0.243493            225         0.9986         1980.9          0.462
        1111000       0.243689            225         0.9986         1982.5          0.460
        1112000       0.243841            225         0.9986         1984.1          0.457
        1113000       0.244071            225         0.9986         1985.8          0.505
        1114000       0.244251            225         0.9986         1987.5          0.462
        1115000       0.244417            225         0.9986         1989.1          0.431
        1116000       0.244630            225         0.9986         1990.7          0.461
        1117000       0.244900            225         0.9986         1992.3          0.511
        1118000       0.245045            225         0.9986         1994.0          0.399
        1119000       0.245217            225         0.9986         1995.7          0.468
        1120000       0.245417            225         0.9986         1997.4          0.487
        1121000       0.245564            225         0.9986         1999.1          0.391
        1122000       0.245800            225         0.9986         2000.8          0.500
        1123000       0.246008            225         0.9986         2002.5          0.443
        1124000       0.246274            225         0.9986         2004.1          0.464
        1125000       0.246469            225         0.9986         2005.8          0.470
        1126000       0.246682            226         0.9986         2007.5          0.405
        1127000       0.246901            226         0.9986         2009.1          0.515
        1128000       0.247246            227         0.9986         2010.8          0.436
        1129000       0.247463            227         0.9986         2012.5          0.467
        1130000       0.247742            227         0.9986         2014.1          0.457
        1131000       0.247975            227         0.9986         2015.7          0.409
        1132000       0.248186            227         0.9986         2017.3          0.431
        1133000       0.248446            227         0.9986         2018.9          0.475
        1134000       0.248644            227         0.9986         2020.6          0.411
        1135000       0.248817            227         0.9986         2022.3          0.494
        1136000       0.249077            228         0.9986         2024.0          0.531
        1137000       0.249327            228         0.9986         2025.6          0.449
        1138000       0.249499            228         0.9986         2027.3          0.445
        1139000       0.249742            228         0.9986         2029.0          0.421
        1140000       0.250041            228         0.9986         2030.6          0.430
        1141000       0.250264            228         0.9986         2032.3          0.463
        1142000       0.250484            228         0.9986         2033.9          0.573
        1143000       0.250662            228         0.9986         2035.5          0.480
        1144000       0.250909            229         0.9986         2037.2          0.569
        1145000       0.251201            229         0.9986         2038.8          0.542
        1146000       0.251375            229         0.9986         2040.4          0.431
        1147000       0.251638            229         0.9986         2042.0          0.521
        1148000       0.251866            229         0.9986         2043.7          0.470
        1149000       0.252089            229         0.9986         2045.3          0.516
        1150000       0.252248            229         0.9986         2047.0          0.521
        1151000       0.252447            229         0.9986         2048.7          0.522
        1152000       0.252651            229         0.9986         2050.4          0.417
        1153000       0.252852            229         0.9985         2052.0          0.522
        1154000       0.253063            229         0.9985         2053.6          0.556
        1155000       0.253246            229         0.9985         2055.3          0.561
        1156000       0.253506            229         0.9985         2056.9          0.477
        1157000       0.253797            229         0.9985         2058.5          0.449
        1158000       0.254030            229         0.9985         2060.2          0.596
        1159000       0.254249            230         0.9985         2061.9          0.531
        1160000       0.254463            230         0.9985         2063.6          0.608
        1161000       0.254743            230         0.9985         2065.2          0.459
        1162000       0.254943            230         0.9985         2066.9          0.481
        1163000       0.255126            230         0.9985         2068.5          0.581
        1164000       0.255294            230         0.9985         2070.2          0.494
        1165000       0.255510            230         0.9985         2071.8          0.512
        1166000       0.255777            230         0.9985         2073.5          0.508
        1167000       0.255973            230         0.9985         2075.1          0.490
        1168000       0.256238            230         0.9985         2076.8          0.553
        1169000       0.256443            230         0.9985         2078.5          0.610
        1170000       0.256601            230         0.9985         2080.1          0.604
        1171000       0.256825            231         0.9985         2081.8          0.642
        1172000       0.257085            231         0.9985         2083.5          0.586
        1173000       0.257198            231         0.9985         2085.2          0.473
        1174000       0.257431            232         0.9985         2086.9          0.460
        1175000       0.257619            232         0.9985         2088.5          0.431
        1176000       0.257821            233         0.9985         2090.2          0.409
        1177000       0.257990            233         0.9985         2091.8          0.418
        1178000       0.258151            233         0.9985         2093.4          0.408
        1179000       0.258280            233         0.9985         2095.1          0.434
        1180000       0.258497            233         0.9985         2096.8          0.419
        1181000       0.258641            233         0.9985         2098.4          0.388
        1182000       0.258813            234         0.9985         2100.1          0.391
        1183000       0.259022            235         0.9985         2101.7          0.425
        1184000       0.259276            236         0.9985         2103.4          0.462
        1185000       0.259519            236         0.9985         2105.1          0.513
        1186000       0.259675            236         0.9985         2106.7          0.411
        1187000       0.259903            236         0.9985         2108.3          0.419
        1188000       0.260131            236         0.9985         2110.0          0.369
        1189000       0.260311            236         0.9985         2111.7          0.429
        1190000       0.260504            236         0.9985         2113.3          0.468
        1191000       0.260768            236         0.9985         2114.9          0.446
        1192000       0.261061            236         0.9985         2116.6          0.386
        1193000       0.261273            236         0.9985         2118.2          0.411
        1194000       0.261529            236         0.9985         2119.9          0.565
        1195000       0.261739            236         0.9985         2121.5          0.480
        1196000       0.261946            236         0.9985         2123.2          0.385
        1197000       0.262235            237         0.9985         2124.8          0.398
        1198000       0.262424            237         0.9985         2126.5          0.383
        1199000       0.262597            237         0.9985         2128.2          0.411
        1200000       0.262768            237         0.9985         2129.8          0.448
        1201000       0.263021            237         0.9985         2131.4          0.452
        1202000       0.263226            237         0.9985         2133.1          0.467
        1203000       0.263461            238         0.9985         2134.7          0.474
        1204000       0.263646            240         0.9985         2136.4          0.440
        1205000       0.263777            240         0.9985         2138.1          0.441
        1206000       0.263959            240         0.9985         2139.7          0.546
        1207000       0.264211            240         0.9985         2141.4          0.557
        1208000       0.264379            240         0.9985         2143.0          0.536
        1209000       0.264534            241         0.9985         2144.8          0.432
        1210000       0.264678            241         0.9985         2146.5          0.430
        1211000       0.264918            241         0.9985         2148.2          0.484
        1212000       0.265157            241         0.9985         2149.9          0.404
        1213000       0.265396            241         0.9985         2151.5          0.427
        1214000       0.265578            241         0.9985         2153.2          0.470
        1215000       0.265772            242         0.9985         2154.8          0.569
        1216000       0.266030            242         0.9985         2156.4          0.563
        1217000       0.266211            243         0.9985         2158.1          0.561
        1218000       0.266376            243         0.9985         2159.8          0.566
        1219000       0.266592            243         0.9985         2161.5          0.502
        1220000       0.266824            243         0.9985         2163.1          0.474
        1221000       0.267091            243         0.9985         2164.8          0.395
        1222000       0.267340            243         0.9985         2166.4          0.381
        1223000       0.267517            243         0.9985         2168.1          0.395
        1224000       0.267800            243         0.9985         2169.7          0.485
        1225000       0.268005            243         0.9985         2171.3          0.493
        1226000       0.268221            243         0.9985         2173.1          0.351
        1227000       0.268536            243         0.9985         2174.7          0.402
        1228000       0.268699            243         0.9985         2176.4          0.444
        1229000       0.268909            243         0.9985         2178.1          0.415
        1230000       0.269063            243         0.9985         2179.7          0.405
        1231000       0.269205            243         0.9985         2181.4          0.370
        1232000       0.269430            244         0.9985         2183.1          0.353
        1233000       0.269565            244         0.9985         2184.7          0.359
        1234000       0.269786            244         0.9985         2186.4          0.373
        1235000       0.269922            244         0.9985         2188.0          0.406
        1236000       0.270109            244         0.9985         2189.7          0.421
        1237000       0.270265            245         0.9985         2191.4          0.420
        1238000       0.270461            246         0.9985         2193.1          0.465
        1239000       0.270598            246         0.9985         2194.8          0.512
        1240000       0.270834            246         0.9985         2196.4          0.505
        1241000       0.271116            248         0.9985         2198.1          0.418
        1242000       0.271246            248         0.9985         2199.8          0.462
        1243000       0.271477            248         0.9985         2201.5          0.476
        1244000       0.271676            248         0.9985         2203.1          0.534
        1245000       0.271901            249         0.9985         2204.8          0.582
        1246000       0.272154            249         0.9985         2206.4          0.451
        1247000       0.272337            250         0.9985         2208.1          0.577
        1248000       0.272560            250         0.9985         2209.7          0.570
        1249000       0.272803            250         0.9985         2211.3          0.570
        1250000       0.272971            250         0.9985         2213.0          0.502
        1251000       0.273191            250         0.9985         2214.6          0.460
        1252000       0.273353            250         0.9985         2216.3          0.503
        1253000       0.273571            250         0.9985         2218.1          0.468
        1254000       0.273788            250         0.9985         2219.7          0.427
        1255000       0.274110            250         0.9985         2221.3          0.449
        1256000       0.274315            250         0.9985         2222.9          0.501
        1257000       0.274595            250         0.9985         2224.5          0.469
        1258000       0.274829            250         0.9985         2226.1          0.439
        1259000       0.275077            250         0.9985         2227.8          0.383
        1260000       0.275357            252         0.9985         2229.5          0.367
        1261000       0.275543            253         0.9985         2231.2          0.377
        1262000       0.275650            253         0.9985         2232.9          0.390
        1263000       0.275830            253         0.9985         2234.5          0.357
        1264000       0.276067            253         0.9985         2236.1          0.425
        1265000       0.276271            254         0.9985         2237.8          0.356
        1266000       0.276546            254         0.9985         2239.4          0.374
        1267000       0.276696            255         0.9985         2241.1          0.375
        1268000       0.276843            256         0.9985         2242.8          0.352
        1269000       0.277050            257         0.9985         2244.4          0.344
        1270000       0.277274            257         0.9985         2246.0          0.353
        1271000       0.277415            257         0.9985         2247.7          0.353
        1272000       0.277597            257         0.9985         2249.3          0.450
        1273000       0.277836            257         0.9985         2251.0          0.396
        1274000       0.278041            257         0.9985         2252.6          0.391
        1275000       0.278309            257         0.9985         2254.2          0.343
        1276000       0.278413            257         0.9985         2256.1          0.348
        1277000       0.278508            257         0.9985         2257.8          0.351
        1278000       0.278716            257         0.9985         2259.5          0.361
        1279000       0.278916            258         0.9985         2261.1          0.392
        1280000       0.279145            258         0.9985         2262.7          0.367
        1281000       0.279553            259         0.9985         2264.4          0.444
        1282000       0.279757            259         0.9985         2266.0          0.441
        1283000       0.279921            259         0.9985         2267.7          0.529
        1284000       0.280131            259         0.9985         2269.3          0.424
        1285000       0.280277            259         0.9985         2270.9          0.392
        1286000       0.280488            259         0.9985         2272.5          0.410
        1287000       0.280736            259         0.9985         2274.1          0.374
        1288000       0.280924            259         0.9985         2275.8          0.395
        1289000       0.281124            259         0.9985         2277.4          0.400
        1290000       0.281326            259         0.9985         2279.0          0.447
        1291000       0.281464            259         0.9985         2280.6          0.517
        1292000       0.281697            260         0.9985         2282.3          0.517
        1293000       0.281855            260         0.9985         2283.8          0.426
        1294000       0.282076            260         0.9985         2285.4          0.501
        1295000       0.282291            260         0.9985         2287.1          0.421
        1296000       0.282536            260         0.9985         2288.7          0.381
        1297000       0.282738            260         0.9985         2290.3          0.386
        1298000       0.282926            260         0.9985         2292.0          0.425
        1299000       0.283140            260         0.9985         2293.6          0.432
        1300000       0.283330            260         0.9985         2295.3          0.482
        1301000       0.283524            260         0.9985         2296.9          0.537
        1302000       0.283805            261         0.9984         2298.6          0.453
        1303000       0.284030            261         0.9984         2300.3          0.536
        1304000       0.284296            262         0.9984         2301.9          0.423
        1305000       0.284580            262         0.9984         2303.5          0.443
        1306000       0.284809            262         0.9984         2305.1          0.456
        1307000       0.284977            262         0.9984         2306.8          0.536
        1308000       0.285125            262         0.9984         2308.5          0.522
        1309000       0.285286            262         0.9984         2310.1          0.469
        1310000       0.285557            262         0.9984         2311.7          0.450
        1311000       0.285864            263         0.9984         2313.4          0.527
        1312000       0.286007            263         0.9984         2315.0          0.526
        1313000       0.286132            263         0.9984         2316.8          0.537
        1314000       0.286303            264         0.9984         2318.4          0.638
        1315000       0.286531            264         0.9984         2320.0          0.533
        1316000       0.286747            264         0.9984         2321.6          0.451
        1317000       0.286861            264         0.9984         2323.3          0.530
        1318000       0.287043            264         0.9984         2324.9          0.523
        1319000       0.287369            264         0.9984         2326.5          0.450
        1320000       0.287614            264         0.9984         2328.1          0.514
        1321000       0.287800            264         0.9984         2329.8          0.445
        1322000       0.288059            264         0.9984         2331.5          0.529
        1323000       0.288255            264         0.9984         2333.1          0.472
        1324000       0.288470            264         0.9984         2334.7          0.527
        1325000       0.288647            264         0.9984         2336.3          0.434
        1326000       0.288790            265         0.9984         2338.0          0.436
        1327000       0.289053            266         0.9984         2339.7          0.413
        1328000       0.289218            266         0.9984         2341.4          0.518
        1329000       0.289427            266         0.9984         2343.0          0.463
        1330000       0.289654            266         0.9984         2344.6          0.514
        1331000       0.289828            266         0.9984         2346.3          0.511
        1332000       0.290045            266         0.9984         2347.9          0.513
        1333000       0.290261            266         0.9984         2349.5          0.512
        1334000       0.290444            266         0.9984         2351.1          0.514
        1335000       0.290675            266         0.9984         2352.7          0.465
        1336000       0.290844            268         0.9984         2354.3          0.445
        1337000       0.291044            268         0.9984         2356.1          0.426
        1338000       0.291276            268         0.9984         2357.7          0.519
        1339000       0.291460            269         0.9984         2359.3          0.512
        1340000       0.291699            269         0.9984         2361.0          0.413
        1341000       0.291895            269         0.9984         2362.6          0.518
        1342000       0.292161            269         0.9984         2364.2          0.469
        1343000       0.292318            269         0.9984         2365.8          0.505
        1344000       0.292524            269         0.9984         2367.5          0.449
        1345000       0.292705            269         0.9984         2369.1          0.429
        1346000       0.292920            269         0.9984         2370.7          0.394
        1347000       0.293134            269         0.9984         2372.4          0.467
        1348000       0.293307            269         0.9984         2374.0          0.428
        1349000       0.293500            269         0.9984         2375.6          0.512
        1350000       0.293764            269         0.9984         2377.2          0.410
        1351000       0.294037            269         0.9984         2378.8          0.460
        1352000       0.294330            269         0.9984         2380.4          0.420
        1353000       0.294495            269         0.9984         2382.1          0.373
        1354000       0.294637            269         0.9984         2383.8          0.388
        1355000       0.294825            269         0.9984         2385.4          0.416
        1356000       0.294947            269         0.9984         2387.1          0.428
        1357000       0.295039            269         0.9984         2388.9          0.419
        1358000       0.295167            269         0.9984         2390.5          0.476
        1359000       0.295342            270         0.9984         2392.2          0.491
        1360000       0.295563            271         0.9984         2393.8          0.522
        1361000       0.295801            271         0.9984         2395.4          0.489
        1362000       0.295964            271         0.9984         2397.1          0.570
        1363000       0.296268            271         0.9984         2398.7          0.512
        1364000       0.296542            271         0.9984         2400.3          0.516
        1365000       0.296764            271         0.9984         2401.9          0.515
        1366000       0.296979            272         0.9984         2403.5          0.534
        1367000       0.297187            273         0.9984         2405.1          0.521
        1368000       0.297354            273         0.9984         2406.8          0.537
        1369000       0.297641            273         0.9984         2408.4          0.465
        1370000       0.297799            274         0.9984         2410.0          0.497
        1371000       0.298029            274         0.9984         2411.6          0.498
        1372000       0.298172            274         0.9984         2413.2          0.584
        1373000       0.298311            274         0.9984         2414.8          0.602
        1374000       0.298431            274         0.9984         2416.5          0.619
        1375000       0.298585            274         0.9984         2418.2          0.606
        1376000       0.298777            274         0.9984         2419.8          0.550
        1377000       0.298966            274         0.9984         2421.5          0.606
        1378000       0.299198            274         0.9984         2423.1          0.485
        1379000       0.299455            274         0.9984         2424.7          0.488
        1380000       0.299710            274         0.9984         2426.3          0.440
        1381000       0.299983            274         0.9984         2428.0          0.449
        1382000       0.300247            274         0.9984         2429.6          0.493
        1383000       0.300496            274         0.9984         2431.1          0.486
        1384000       0.300664            274         0.9984         2432.8          0.485
        1385000       0.300949            274         0.9984         2434.3          0.460
        1386000       0.301059            274         0.9984         2436.0          0.452
        1387000       0.301296            275         0.9984         2437.6          0.464
        1388000       0.301553            275         0.9984         2439.3          0.600
        1389000       0.301785            275         0.9984         2440.9          0.541
        1390000       0.302007            275         0.9984         2442.5          0.445
        1391000       0.302194            275         0.9984         2444.1          0.418
        1392000       0.302331            275         0.9984         2445.8          0.397
        1393000       0.302613            276         0.9984         2447.4          0.430
        1394000       0.302838            276         0.9984         2449.0          0.449
        1395000       0.303072            276         0.9984         2450.6          0.402
        1396000       0.303318            276         0.9984         2452.2          0.383
        1397000       0.303544            276         0.9984         2453.8          0.518
        1398000       0.303762            276         0.9984         2455.4          0.487
        1399000       0.304014            276         0.9984         2457.0          0.531
        1400000       0.304185            276         0.9984         2458.6          0.501
        1401000       0.304362            276         0.9984         2460.2          0.495
        1402000       0.304521            277         0.9984         2461.8          0.477
        1403000       0.304739            278         0.9984         2463.5          0.521
        1404000       0.304974            278         0.9984         2465.1          0.534
        1405000       0.305202            278         0.9984         2466.7          0.549
        1406000       0.305392            278         0.9984         2468.3          0.596
        1407000       0.305644            278         0.9984         2470.0          0.627
        1408000       0.305799            278         0.9984         2471.6          0.627
        1409000       0.305879            278         0.9984         2473.3          0.588
        1410000       0.306087            279         0.9984         2474.9          0.594
        1411000       0.306350            279         0.9984         2476.4          0.606
        1412000       0.306485            279         0.9984         2478.2          0.540
        1413000       0.306587            279         0.9984         2479.9          0.518
        1414000       0.306779            279         0.9984         2481.6          0.503
        1415000       0.306958            279         0.9984         2483.2          0.472
        1416000       0.307205            280         0.9984         2484.8          0.535
        1417000       0.307456            280         0.9984         2486.5          0.588
        1418000       0.307756            281         0.9984         2488.1          0.626
        1419000       0.307951            281         0.9984         2489.7          0.598
        1420000       0.308185            281         0.9984         2491.2          0.501
        1421000       0.308437            281         0.9984         2492.9          0.610
        1422000       0.308645            281         0.9984         2494.5          0.552
        1423000       0.308893            282         0.9984         2496.2          0.553
        1424000       0.309073            284         0.9984         2497.8          0.605
        1425000       0.309282            284         0.9984         2499.5          0.571
        1426000       0.309525            285         0.9984         2501.1          0.461
        1427000       0.309725            285         0.9984         2502.7          0.435
        1428000       0.309945            286         0.9984         2504.3          0.468
        1429000       0.310082            286         0.9984         2506.0          0.469
        1430000       0.310244            286         0.9984         2507.7          0.482
        1431000       0.310462            286         0.9984         2509.3          0.409
        1432000       0.310675            287         0.9984         2510.8          0.469
        1433000       0.310878            287         0.9984         2512.4          0.508
        1434000       0.311084            288         0.9984         2514.1          0.467
        1435000       0.311187            289         0.9984         2515.8          0.447
        1436000       0.311477            289         0.9984         2517.4          0.527
        1437000       0.311721            290         0.9984         2519.1          0.532
        1438000       0.311887            290         0.9984         2520.7          0.565
        1439000       0.312172            290         0.9984         2522.3          0.567
        1440000       0.312409            290         0.9984         2523.9          0.554
        1441000       0.312685            290         0.9984         2525.5          0.534
        1442000       0.312891            290         0.9984         2527.2          0.483
        1443000       0.313105            290         0.9984         2528.8          0.456
        1444000       0.313254            290         0.9984         2530.5          0.451
        1445000       0.313417            290         0.9984         2532.1          0.456
        1446000       0.313658            290         0.9984         2533.7          0.486
        1447000       0.313851            290         0.9984         2535.3          0.458
        1448000       0.313991            292         0.9984         2537.0          0.502
        1449000       0.314285            292         0.9984         2538.6          0.439
        1450000       0.314431            292         0.9984         2540.3          0.498
        1451000       0.314617            292         0.9984         2541.9          0.441
        1452000       0.314765            292         0.9984         2543.6          0.450
        1453000       0.314930            292         0.9984         2545.3          0.501
        1454000       0.315123            294         0.9984         2546.9          0.455
        1455000       0.315389            294         0.9984         2548.5          0.463
        1456000       0.315551            296         0.9984         2550.2          0.445
        1457000       0.315742            296         0.9984         2551.8          0.442
        1458000       0.316007            297         0.9984         2553.4          0.451
        1459000       0.316249            297         0.9984         2555.0          0.470
        1460000       0.316513            298         0.9984         2556.6          0.462
        1461000       0.316716            298         0.9984         2558.3          0.496
        1462000       0.316851            299         0.9984         2560.0          0.494
        1463000       0.317007            300         0.9984         2561.8          0.525
        1464000       0.317234            300         0.9984         2563.4          0.518
        1465000       0.317506            300         0.9984         2565.0          0.568
        1466000       0.317741            300         0.9984         2566.6          0.570
        1467000       0.317939            300         0.9984         2568.2          0.557
        1468000       0.318141            300         0.9984         2569.8          0.523
        1469000       0.318387            300         0.9984         2571.4          0.554
        1470000       0.318572            300         0.9984         2573.0          0.531
        1471000       0.318748            300         0.9983         2574.6          0.555
        1472000       0.319015            300         0.9983         2576.2          0.529
        1473000       0.319237            300         0.9983         2577.9          0.513
        1474000       0.319441            300         0.9983         2579.5          0.539
        1475000       0.319666            300         0.9983         2581.1          0.499
        1476000       0.319874            301         0.9983         2582.7          0.572
        1477000       0.320017            301         0.9983         2584.5          0.486
        1478000       0.320140            301         0.9983         2586.2          0.515
        1479000       0.320273            301         0.9983         2587.9          0.516
        1480000       0.320495            301         0.9983         2589.5          0.541
        1481000       0.320716            301         0.9983         2591.1          0.565
        1482000       0.320867            302         0.9983         2592.8          0.502
        1483000       0.321055            302         0.9983         2594.5          0.489
        1484000       0.321350            302         0.9983         2596.1          0.516
        1485000       0.321563            302         0.9983         2597.7          0.526
        1486000       0.321680            303         0.9983         2599.5          0.524
        1487000       0.321909            303         0.9983         2601.1          0.470
        1488000       0.322051            303         0.9983         2602.7          0.434
        1489000       0.322298            303         0.9983         2604.3          0.493
        1490000       0.322486            303         0.9983         2605.9          0.513
        1491000       0.322711            303         0.9983         2607.5          0.481
        1492000       0.322898            306         0.9983         2609.0          0.478
        1493000       0.323158            306         0.9983         2610.6          0.529
        1494000       0.323410            306         0.9983         2612.2          0.529
        1495000       0.323700            306         0.9983         2613.8          0.433
        1496000       0.323883            306         0.9983         2615.4          0.407
        1497000       0.324126            306         0.9983         2617.0          0.373
        1498000       0.324287            306         0.9983         2618.6          0.451
        1499000       0.324448            306         0.9983         2620.3          0.445
        1500000       0.324583            307         0.9983         2622.0          0.401
        1501000       0.324840            307         0.9983         2623.6          0.450
        1502000       0.325075            307         0.9983         2625.2          0.458
        1503000       0.325263            308         0.9983         2626.8          0.481
        1504000       0.325540            308         0.9983         2628.4          0.490
        1505000       0.325735            308         0.9983         2630.0          0.556
        1506000       0.325906            308         0.9983         2631.7          0.556
        1507000       0.326118            308         0.9983         2633.2          0.481
        1508000       0.326306            308         0.9983         2634.9          0.560
        1509000       0.326559            308         0.9983         2636.5          0.616
        1510000       0.326798            308         0.9983         2638.0          0.592
        1511000       0.326940            308         0.9983         2639.6          0.565
        1512000       0.327086            308         0.9983         2641.2          0.567
        1513000       0.327328            308         0.9983         2642.8          0.518
        1514000       0.327529            308         0.9983         2644.4          0.571
        1515000       0.327719            308         0.9983         2646.0          0.548
        1516000       0.327983            308         0.9983         2647.6          0.584
        1517000       0.328140            308         0.9983         2649.2          0.579
        1518000       0.328340            309         0.9983         2650.8          0.619
        1519000       0.328559            310         0.9983         2652.3          0.674
        1520000       0.328822            311         0.9983         2653.9          0.490
        1521000       0.329044            311         0.9983         2655.5          0.557
        1522000       0.329273            311         0.9983         2657.1          0.451
        1523000       0.329458            311         0.9983         2658.8          0.475
        1524000       0.329665            311         0.9983         2660.4          0.469
        1525000       0.329860            311         0.9983         2662.0          0.455
        1526000       0.330038            312         0.9983         2663.6          0.489
        1527000       0.330243            312         0.9983         2665.3          0.611
        1528000       0.330468            313         0.9983         2666.9          0.509
        1529000       0.330628            313         0.9983         2668.5          0.542
        1530000       0.330808            313         0.9983         2670.1          0.486
        1531000       0.331049            313         0.9983         2671.7          0.409
        1532000       0.331201            313         0.9983         2673.3          0.426
        1533000       0.331414            314         0.9983         2674.9          0.460
        1534000       0.331624            314         0.9983         2676.5          0.516
        1535000       0.331804            315         0.9983         2678.1          0.467
        1536000       0.332033            316         0.9983         2679.7          0.464
        1537000       0.332248            316         0.9983         2681.3          0.400
        1538000       0.332440            316         0.9983         2682.9          0.503
        1539000       0.332634            316         0.9983         2684.4          0.439
        1540000       0.332820            316         0.9983         2686.1          0.421
        1541000       0.333067            317         0.9983         2687.7          0.499
        1542000       0.333256            318         0.9983         2689.3          0.490
        1543000       0.333471            318         0.9983         2690.9          0.493
        1544000       0.333676            319         0.9983         2692.5          0.462
        1545000       0.333904            319         0.9983         2694.0          0.487
        1546000       0.334092            319         0.9983         2695.7          0.503
        1547000       0.334289            319         0.9983         2697.2          0.484
        1548000       0.334525            320         0.9983         2698.8          0.514
        1549000       0.334701            320         0.9983         2700.4          0.476
        1550000       0.334883            320         0.9983         2702.0          0.461
        1551000       0.335086            320         0.9983         2703.6          0.471
        1552000       0.335308            320         0.9983         2705.2          0.490
        1553000       0.335528            320         0.9983         2706.8          0.506
        1554000       0.335702            320         0.9983         2708.4          0.465
        1555000       0.335942            320         0.9983         2710.0          0.502
        1556000       0.336143            320         0.9983         2711.6          0.460
        1557000       0.336358            320         0.9983         2713.2          0.463
        1558000       0.336526            320         0.9983         2714.8          0.478
        1559000       0.336778            320         0.9983         2716.3          0.431
        1560000       0.336981            320         0.9983         2717.9          0.434
        1561000       0.337174            320         0.9983         2719.6          0.430
        1562000       0.337452            321         0.9983         2721.2          0.455
        1563000       0.337687            321         0.9983         2722.7          0.500
        1564000       0.337924            321         0.9983         2724.3          0.507
        1565000       0.338116            321         0.9983         2725.9          0.471
        1566000       0.338281            322         0.9983         2727.5          0.466
        1567000       0.338441            323         0.9983         2729.1          0.413
        1568000       0.338682            323         0.9983         2730.7          0.465
        1569000       0.338877            323         0.9983         2732.3          0.482
        1570000       0.339122            323         0.9983         2733.9          0.482
        1571000       0.339358            323         0.9983         2735.5          0.428
        1572000       0.339580            323         0.9983         2737.2          0.409
        1573000       0.339800            323         0.9983         2738.8          0.450
        1574000       0.339982            323         0.9983         2740.4          0.467
        1575000       0.340217            323         0.9983         2742.0          0.469
        1576000       0.340405            323         0.9983         2743.6          0.477
        1577000       0.340601            325         0.9983         2745.2          0.474
        1578000       0.340821            325         0.9983         2746.8          0.468
        1579000       0.341000            325         0.9983         2748.4          0.455
        1580000       0.341189            325         0.9983         2750.0          0.446
        1581000       0.341369            325         0.9983         2751.6          0.382
        1582000       0.341555            325         0.9983         2753.2          0.473
        1583000       0.341778            325         0.9983         2754.8          0.429
        1584000       0.341997            325         0.9983         2756.4          0.445
        1585000       0.342214            325         0.9983         2758.0          0.475
        1586000       0.342465            325         0.9983         2759.6          0.438
        1587000       0.342713            325         0.9983         2761.2          0.396
        1588000       0.342961            325         0.9983         2762.8          0.383
        1589000       0.343094            326         0.9983         2764.4          0.410
        1590000       0.343357            326         0.9983         2766.0          0.406
        1591000       0.343548            326         0.9983         2767.6          0.453
        1592000       0.343823            326         0.9983         2769.2          0.483
        1593000       0.344077            326         0.9983         2770.8          0.441
        1594000       0.344244            326         0.9983         2772.4          0.568
        1595000       0.344473            326         0.9983         2774.0          0.409
        1596000       0.344678            326         0.9983         2775.6          0.397
        1597000       0.344867            326         0.9983         2777.2          0.442
        1598000       0.345044            326         0.9983         2778.7          0.404
        1599000       0.345315            326         0.9983         2780.3          0.442
        1600000       0.345519            326         0.9983         2781.9          0.394
        1601000       0.345704            326         0.9983         2783.5          0.374
        1602000       0.345867            326         0.9983         2785.1          0.426
        1603000       0.346022            326         0.9983         2786.7          0.403
        1604000       0.346195            327         0.9983         2788.3          0.415
        1605000       0.346372            327         0.9983         2789.9          0.425
        1606000       0.346588            327         0.9983         2791.5          0.401
        1607000       0.346788            327         0.9983         2793.1          0.507
        1608000       0.346962            327         0.9983         2794.7          0.476
        1609000       0.347157            328         0.9983         2796.3          0.436
        1610000       0.347353            329         0.9983         2797.9          0.447
        1611000       0.347541            329         0.9983         2799.5          0.451
        1612000       0.347723            329         0.9983         2801.1          0.439
        1613000       0.347942            329         0.9983         2802.7          0.441
        1614000       0.348161            329         0.9983         2804.4          0.429
        1615000       0.348328            329         0.9983         2806.0          0.462
        1616000       0.348559            329         0.9983         2807.6          0.421
        1617000       0.348765            330         0.9983         2809.2          0.508
        1618000       0.348949            330         0.9983         2810.8          0.501
        1619000       0.349161            330         0.9983         2812.4          0.509
        1620000       0.349313            331         0.9983         2814.0          0.450
        1621000       0.349525            331         0.9983         2815.6          0.409
        1622000       0.349742            331         0.9982         2817.2          0.400
        1623000       0.349888            331         0.9983         2818.9          0.367
        1624000       0.350075            331         0.9983         2820.5          0.392
        1625000       0.350311            331         0.9982         2822.1          0.375
        1626000       0.350525            332         0.9982         2823.7          0.370
        1627000       0.350687            333         0.9982         2825.3          0.356
        1628000       0.350895            333         0.9982         2826.9          0.359
        1629000       0.351111            333         0.9982         2828.5          0.391
        1630000       0.351285            333         0.9982         2830.1          0.380
        1631000       0.351498            333         0.9982         2831.7          0.439
        1632000       0.351779            333         0.9982         2833.3          0.467
        1633000       0.352011            333         0.9982         2834.9          0.468
        1634000       0.352228            333         0.9982         2836.5          0.461
        1635000       0.352376            333         0.9982         2838.2          0.425
        1636000       0.352543            333         0.9982         2839.8          0.468
        1637000       0.352744            334         0.9982         2841.4          0.521
        1638000       0.352976            334         0.9982         2843.0          0.527
        1639000       0.353161            334         0.9982         2844.6          0.535
        1640000       0.353350            334         0.9982         2846.2          0.522
        1641000       0.353530            334         0.9982         2847.8          0.532
        1642000       0.353683            334         0.9982         2849.4          0.495
        1643000       0.353859            334         0.9982         2851.1          0.435
        1644000       0.354093            334         0.9982         2852.7          0.428
        1645000       0.354280            334         0.9982         2854.3          0.451
        1646000       0.354434            334         0.9982         2855.9          0.382
        1647000       0.354633            334         0.9982         2857.5          0.490
        1648000       0.354900            335         0.9982         2859.2          0.389
        1649000       0.355155            336         0.9982         2860.8          0.354
        1650000       0.355354            337         0.9982         2862.4          0.417
        1651000       0.355561            337         0.9982         2864.0          0.416
        1652000       0.355800            337         0.9982         2865.6          0.438
        1653000       0.355960            337         0.9982         2867.3          0.472
        1654000       0.356210            338         0.9982         2868.9          0.546
        1655000       0.356426            338         0.9982         2870.5          0.491
        1656000       0.356618            338         0.9982         2872.1          0.572
        1657000       0.356845            338         0.9982         2873.7          0.479
        1658000       0.357073            338         0.9982         2875.4          0.402
        1659000       0.357281            338         0.9982         2877.0          0.418
        1660000       0.357487            338         0.9982         2878.6          0.445
        1661000       0.357716            338         0.9982         2880.2          0.443
        1662000       0.357975            338         0.9982         2881.8          0.436
        1663000       0.358166            338         0.9982         2883.5          0.398
        1664000       0.358432            338         0.9982         2885.1          0.383
        1665000       0.358625            339         0.9982         2886.7          0.495
        1666000       0.358863            339         0.9982         2888.3          0.534
        1667000       0.359109            340         0.9982         2890.0          0.567
        1668000       0.359260            340         0.9982         2891.6          0.548
        1669000       0.359443            341         0.9982         2893.2          0.457
        1670000       0.359566            341         0.9982         2894.9          0.463
        1671000       0.359695            342         0.9982         2896.5          0.568
        1672000       0.359859            342         0.9982         2898.1          0.441
        1673000       0.360056            342         0.9982         2899.7          0.540
        1674000       0.360294            342         0.9982         2901.3          0.441
        1675000       0.360520            342         0.9982         2902.9          0.435
        1676000       0.360781            342         0.9982         2904.5          0.528
        1677000       0.360970            342         0.9982         2906.1          0.527
        1678000       0.361253            342         0.9982         2907.7          0.436
        1679000       0.361429            342         0.9982         2909.3          0.410
        1680000       0.361631            344         0.9982         2911.0          0.420
        1681000       0.361841            344         0.9982         2912.6          0.503
        1682000       0.362016            344         0.9982         2914.2          0.401
        1683000       0.362233            344         0.9982         2915.8          0.446
        1684000       0.362448            344         0.9982         2917.4          0.448
        1685000       0.362688            344         0.9982         2919.0          0.379
        1686000       0.362954            344         0.9982         2920.6          0.360
        1687000       0.363139            345         0.9982         2922.2          0.378
        1688000       0.363349            345         0.9982         2923.8          0.356
        1689000       0.363536            345         0.9982         2925.4          0.369
        1690000       0.363782            345         0.9982         2927.1          0.333
        1691000       0.364025            346         0.9982         2928.7          0.370
        1692000       0.364176            347         0.9982         2930.3          0.383
        1693000       0.364366            348         0.9982         2931.9          0.440
        1694000       0.364546            349         0.9982         2933.5          0.395
        1695000       0.364740            349         0.9982         2935.1          0.475
        1696000       0.364925            349         0.9982         2936.7          0.474
        1697000       0.365105            349         0.9982         2938.3          0.474
        1698000       0.365298            350         0.9982         2939.9          0.495
        1699000       0.365496            350         0.9982         2941.5          0.431
        1700000       0.365672            350         0.9982         2943.1          0.489
        1701000       0.365822            350         0.9982         2944.7          0.444
        1702000       0.365930            350         0.9982         2946.3          0.447
        1703000       0.366111            350         0.9982         2948.0          0.452
        1704000       0.366310            350         0.9982         2949.6          0.444
        1705000       0.366485            350         0.9982         2951.2          0.483
        1706000       0.366648            350         0.9982         2952.8          0.423
        1707000       0.366870            350         0.9982         2954.4          0.467
        1708000       0.367073            351         0.9982         2956.0          0.459
        1709000       0.367278            351         0.9982         2957.7          0.368
        1710000       0.367532            351         0.9982         2959.3          0.338
        1711000       0.367735            351         0.9982         2961.0          0.328
        1712000       0.367966            352         0.9982         2962.6          0.359
        1713000       0.368182            353         0.9982         2964.2          0.394
        1714000       0.368396            354         0.9982         2965.8          0.370
        1715000       0.368547            354         0.9982         2967.5          0.358
        1716000       0.368758            354         0.9982         2969.1          0.366
        1717000       0.368947            355         0.9982         2970.7          0.341
        1718000       0.369164            355         0.9982         2972.3          0.342
        1719000       0.369360            355         0.9982         2973.9          0.346
        1720000       0.369528            355         0.9982         2975.5          0.414
        1721000       0.369821            355         0.9982         2977.2          0.476
        1722000       0.370015            355         0.9982         2978.8          0.430
        1723000       0.370172            355         0.9982         2980.4          0.443
        1724000       0.370388            355         0.9982         2982.0          0.403
        1725000       0.370596            355         0.9982         2983.6          0.417
        1726000       0.370816            355         0.9982         2985.2          0.394
        1727000       0.371000            355         0.9982         2986.8          0.390
        1728000       0.371242            356         0.9982         2988.4          0.406
        1729000       0.371445            356         0.9982         2990.1          0.503
        1730000       0.371633            356         0.9982         2991.7          0.447
        1731000       0.371909            357         0.9982         2993.3          0.501
        1732000       0.372094            357         0.9982         2994.9          0.504
        1733000       0.372306            357         0.9982         2996.5          0.505
        1734000       0.372485            357         0.9982         2998.1          0.499
        1735000       0.372703            357         0.9982         2999.7          0.436
        1736000       0.372873            357         0.9982         3001.3          0.414
        1737000       0.373043            357         0.9982         3002.9          0.487
        1738000       0.373253            357         0.9982         3004.5          0.400
        1739000       0.373442            357         0.9982         3006.1          0.484
        1740000       0.373680            357         0.9982         3007.7          0.450
        1741000       0.373853            357         0.9982         3009.3          0.395
        1742000       0.374099            357         0.9982         3010.9          0.492
        1743000       0.374263            357         0.9981         3012.5          0.421
        1744000       0.374463            357         0.9981         3014.1          0.445
        1745000       0.374662            357         0.9981         3015.6          0.470
        1746000       0.374876            357         0.9981         3017.2          0.408
        1747000       0.375180            357         0.9981         3018.8          0.405
        1748000       0.375354            357         0.9981         3020.5          0.442
        1749000       0.375546            357         0.9981         3022.0          0.518
        1750000       0.375686            357         0.9981         3023.6          0.484
        1751000       0.375895            357         0.9981         3025.2          0.509
        1752000       0.376076            357         0.9981         3026.8          0.478
        1753000       0.376374            357         0.9981         3028.4          0.481
        1754000       0.376561            358         0.9981         3029.9          0.447
        1755000       0.376764            358         0.9981         3031.5          0.461
        1756000       0.376948            358         0.9981         3033.1          0.470
        1757000       0.377127            358         0.9981         3034.7          0.423
        1758000       0.377339            358         0.9981         3036.3          0.465
        1759000       0.377570            358         0.9981         3037.9          0.367
        1760000       0.377729            358         0.9981         3039.5          0.389
        1761000       0.377922            359         0.9981         3041.1          0.448
        1762000       0.378156            359         0.9981         3042.7          0.483
        1763000       0.378343            359         0.9981         3044.3          0.507
        1764000       0.378610            359         0.9981         3045.9          0.469
        1765000       0.378827            361         0.9981         3047.5          0.424
        1766000       0.378975            361         0.9981         3049.1          0.423
        1767000       0.379097            361         0.9981         3050.7          0.429
        1768000       0.379282            361         0.9981         3052.2          0.399
        1769000       0.379519            362         0.9981         3053.9          0.424
        1770000       0.379712            362         0.9981         3055.5          0.469
        1771000       0.379898            362         0.9981         3057.1          0.462
        1772000       0.380093            362         0.9981         3058.7          0.496
        1773000       0.380310            362         0.9981         3060.3          0.470
        1774000       0.380492            362         0.9981         3061.9          0.481
        1775000       0.380660            363         0.9981         3063.5          0.487
        1776000       0.380918            364         0.9981         3065.1          0.478
        1777000       0.381127            364         0.9981         3066.7          0.470
        1778000       0.381278            364         0.9981         3068.3          0.387
        1779000       0.381494            365         0.9981         3069.9          0.491
        1780000       0.381659            365         0.9981         3071.6          0.405
        1781000       0.381865            365         0.9981         3073.2          0.494
        1782000       0.382095            365         0.9981         3074.8          0.475
        1783000       0.382323            365         0.9981         3076.4          0.559
        1784000       0.382529            365         0.9981         3078.0          0.553
        1785000       0.382749            365         0.9981         3079.6          0.543
        1786000       0.382966            365         0.9981         3081.2          0.460
        1787000       0.383158            365         0.9981         3082.8          0.493
        1788000       0.383345            365         0.9981         3084.4          0.444
        1789000       0.383553            365         0.9981         3086.0          0.476
        1790000       0.383752            365         0.9981         3087.6          0.349
        1791000       0.383973            365         0.9981         3089.3          0.355
        1792000       0.384208            366         0.9981         3090.9          0.379
        1793000       0.384422            367         0.9981         3092.5          0.378
        1794000       0.384634            367         0.9981         3094.1          0.429
        1795000       0.384809            367         0.9981         3095.7          0.346
        1796000       0.384997            367         0.9981         3097.3          0.392
        1797000       0.385210            367         0.9981         3098.9          0.467
        1798000       0.385374            367         0.9981         3100.5          0.464
        1799000       0.385624            368         0.9981         3102.1          0.375
        1800000       0.385755            368         0.9981         3103.8          0.345
        1801000       0.385969            368         0.9981         3105.4          0.394
        1802000       0.386154            369         0.9981         3107.0          0.382
        1803000       0.386334            369         0.9981         3108.6          0.382
        1804000       0.386489            369         0.9981         3110.2          0.343
        1805000       0.386702            370         0.9981         3111.8          0.400
        1806000       0.386889            370         0.9981         3113.5          0.441
        1807000       0.387100            370         0.9981         3115.1          0.393
        1808000       0.387276            370         0.9981         3116.7          0.391
        1809000       0.387512            370         0.9981         3118.3          0.358
        1810000       0.387724            370         0.9981         3119.9          0.408
        1811000       0.387873            371         0.9981         3121.6          0.374
        1812000       0.388007            371         0.9981         3123.2          0.386
        1813000       0.388189            371         0.9981         3124.8          0.379
        1814000       0.388444            371         0.9981         3126.4          0.355
        1815000       0.388735            371         0.9981         3128.0          0.380
        1816000       0.388935            371         0.9981         3129.7          0.333
        1817000       0.389151            371         0.9981         3131.3          0.346
        1818000       0.389334            371         0.9981         3132.9          0.354
        1819000       0.389540            371         0.9981         3134.5          0.433
        1820000       0.389797            372         0.9981         3136.2          0.419
        1821000       0.390037            373         0.9981         3137.8          0.442
        1822000       0.390198            373         0.9981         3139.4          0.455
        1823000       0.390410            373         0.9981         3141.0          0.352
        1824000       0.390628            373         0.9981         3142.6          0.381
        1825000       0.390850            373         0.9981         3144.3          0.442
        1826000       0.391084            373         0.9981         3145.9          0.462
        1827000       0.391264            373         0.9981         3147.5          0.387
        1828000       0.391476            373         0.9981         3149.1          0.406
        1829000       0.391675            373         0.9981         3150.7          0.343
        1830000       0.391887            373         0.9981         3152.4          0.444
        1831000       0.392083            373         0.9981         3154.0          0.457
        1832000       0.392310            374         0.9981         3155.6          0.407
        1833000       0.392519            374         0.9981         3157.2          0.372
        1834000       0.392768            374         0.9981         3158.8          0.461
        1835000       0.392951            374         0.9981         3160.4          0.467
        1836000       0.393135            374         0.9981         3162.0          0.413
        1837000       0.393321            374         0.9981         3163.6          0.468
        1838000       0.393546            374         0.9981         3165.3          0.428
        1839000       0.393728            374         0.9981         3166.9          0.424
        1840000       0.393910            374         0.9981         3168.5          0.359
        1841000       0.394133            375         0.9981         3170.1          0.355
        1842000       0.394322            375         0.9981         3171.7          0.360
        1843000       0.394527            375         0.9981         3173.3          0.340
        1844000       0.394647            375         0.9981         3175.0          0.344
        1845000       0.394885            376         0.9981         3176.6          0.378
        1846000       0.395083            376         0.9981         3178.2          0.389
        1847000       0.395304            376         0.9981         3179.8          0.401
        1848000       0.395506            376         0.9981         3181.4          0.373
        1849000       0.395716            376         0.9981         3183.0          0.368
        1850000       0.395921            377         0.9981         3184.6          0.475
        1851000       0.396145            377         0.9981         3186.3          0.474
        1852000       0.396319            377         0.9981         3187.9          0.501
        1853000       0.396534            377         0.9981         3189.5          0.492
        1854000       0.396765            378         0.9981         3191.1          0.490
        1855000       0.396976            378         0.9981         3192.7          0.444
        1856000       0.397179            378         0.9981         3194.3          0.426
        1857000       0.397384            378         0.9981         3196.0          0.439
        1858000       0.397580            378         0.9981         3197.6          0.496
        1859000       0.397843            378         0.9980         3199.2          0.487
        1860000       0.398053            378         0.9980         3200.8          0.455
        1861000       0.398278            378         0.9980         3202.4          0.495
        1862000       0.398504            378         0.9980         3204.0          0.498
        1863000       0.398718            378         0.9980         3205.6          0.505
        1864000       0.398851            378         0.9980         3207.2          0.450
        1865000       0.399029            378         0.9980         3208.8          0.413
        1866000       0.399221            378         0.9980         3210.4          0.413
        1867000       0.399469            378         0.9980         3212.0          0.512
        1868000       0.399592            378         0.9980         3213.6          0.397
        1869000       0.399804            378         0.9980         3215.2          0.419
        1870000       0.400089            378         0.9980         3216.8          0.479
        1871000       0.400301            378         0.9980         3218.4          0.471
        1872000       0.400512            378         0.9980         3220.0          0.425
        1873000       0.400731            378         0.9980         3221.6          0.391
        1874000       0.400878            378         0.9980         3223.2          0.426
        1875000       0.401059            378         0.9980         3224.8          0.463
        1876000       0.401351            378         0.9980         3226.4          0.481
        1877000       0.401565            378         0.9980         3228.1          0.452
        1878000       0.401757            379         0.9980         3229.6          0.506
        1879000       0.401994            379         0.9980         3231.3          0.406
        1880000       0.402188            379         0.9980         3232.9          0.458
        1881000       0.402430            380         0.9980         3234.5          0.464
        1882000       0.402647            380         0.9980         3236.1          0.504
        1883000       0.402826            381         0.9980         3237.7          0.491
        1884000       0.403054            381         0.9980         3239.4          0.517
        1885000       0.403293            381         0.9980         3241.0          0.498
        1886000       0.403484            382         0.9980         3242.6          0.459
        1887000       0.403771            383         0.9980         3244.2          0.516
        1888000       0.403914            383         0.9980         3245.8          0.511
        1889000       0.404125            383         0.9980         3247.4          0.517
        1890000       0.404355            383         0.9980         3249.0          0.502
        1891000       0.404522            383         0.9980         3250.6          0.445
        1892000       0.404745            383         0.9980         3252.2          0.501
        1893000       0.405000            384         0.9980         3253.8          0.454
        1894000       0.405270            384         0.9980         3255.4          0.511
        1895000       0.405481            384         0.9980         3257.0          0.447
        1896000       0.405747            384         0.9980         3258.6          0.471
        1897000       0.405997            384         0.9980         3260.2          0.533
        1898000       0.406225            384         0.9980         3261.8          0.508
        1899000       0.406384            384         0.9980         3263.4          0.497
        1900000       0.406578            384         0.9980         3265.0          0.578
        1901000       0.406778            384         0.9980         3266.5          0.527
        1902000       0.406979            384         0.9980         3268.2          0.613
        1903000       0.407167            384         0.9980         3269.8          0.519
        1904000       0.407431            384         0.9980         3271.4          0.513
        1905000       0.407638            384         0.9980         3273.0          0.576
        1906000       0.407844            384         0.9980         3274.6          0.561
        1907000       0.407995            384         0.9980         3276.2          0.533
        1908000       0.408179            384         0.9980         3277.8          0.574
        1909000       0.408351            384         0.9980         3279.4          0.520
        1910000       0.408575            384         0.9980         3281.0          0.533
        1911000       0.408839            385         0.9980         3282.6          0.533
        1912000       0.409034            385         0.9980         3284.2          0.604
        1913000       0.409223            386         0.9980         3285.8          0.552
        1914000       0.409375            386         0.9980         3287.4          0.612
        1915000       0.409563            387         0.9980         3289.0          0.560
        1916000       0.409784            387         0.9980         3290.6          0.569
        1917000       0.409971            388         0.9980         3292.2          0.492
        1918000       0.410211            388         0.9980         3293.8          0.475
        1919000       0.410425            388         0.9980         3295.5          0.520
        1920000       0.410617            388         0.9980         3297.1          0.516
        1921000       0.410813            388         0.9980         3298.6          0.584
        1922000       0.410982            388         0.9980         3300.2          0.456
        1923000       0.411177            389         0.9980         3301.8          0.443
        1924000       0.411391            389         0.9980         3303.4          0.428
        1925000       0.411654            389         0.9980         3305.0          0.578
        1926000       0.411793            389         0.9980         3306.7          0.559
        1927000       0.412033            389         0.9980         3308.3          0.557
        1928000       0.412229            389         0.9980         3309.9          0.497
        1929000       0.412398            389         0.9980         3311.5          0.490
        1930000       0.412644            390         0.9980         3313.1          0.466
        1931000       0.412884            390         0.9980         3314.7          0.444
        1932000       0.413043            390         0.9980         3316.3          0.484
        1933000       0.413251            390         0.9980         3318.0          0.544
        1934000       0.413483            391         0.9980         3319.6          0.549
        1935000       0.413737            391         0.9980         3321.2          0.402
        1936000       0.413920            391         0.9980         3322.8          0.484
        1937000       0.414122            391         0.9980         3324.4          0.487
        1938000       0.414331            392         0.9980         3326.0          0.437
        1939000       0.414497            392         0.9980         3327.6          0.442
        1940000       0.414665            392         0.9980         3329.2          0.416
        1941000       0.414848            392         0.9980         3330.8          0.508
        1942000       0.415054            392         0.9980         3332.4          0.544
        1943000       0.415196            392         0.9980         3334.0          0.501
        1944000       0.415413            392         0.9980         3335.6          0.498
        1945000       0.415564            392         0.9980         3337.2          0.523
        1946000       0.415729            392         0.9980         3338.8          0.521
        1947000       0.415943            392         0.9980         3340.4          0.473
        1948000       0.416104            392         0.9980         3342.0          0.454
        1949000       0.416313            392         0.9980         3343.6          0.436
        1950000       0.416493            392         0.9980         3345.2          0.448
        1951000       0.416674            393         0.9980         3346.8          0.513
        1952000       0.416896            393         0.9980         3348.4          0.488
        1953000       0.417069            393         0.9980         3350.0          0.585
        1954000       0.417300            393         0.9980         3351.7          0.512
        1955000       0.417516            393         0.9980         3353.3          0.529
        1956000       0.417723            393         0.9980         3354.9          0.513
        1957000       0.417934            393         0.9980         3356.5          0.504
        1958000       0.418154            394         0.9980         3358.1          0.445
        1959000       0.418377            394         0.9980         3359.7          0.435
        1960000       0.418559            394         0.9980         3361.3          0.398
        1961000       0.418814            394         0.9980         3362.9          0.458
        1962000       0.419074            394         0.9980         3364.5          0.440
        1963000       0.419275            394         0.9980         3366.1          0.451
        1964000       0.419463            394         0.9980         3367.7          0.465
        1965000       0.419653            394         0.9980         3369.3          0.549
        1966000       0.419855            396         0.9980         3370.9          0.592
        1967000       0.420048            396         0.9980         3372.5          0.606
        1968000       0.420252            396         0.9980         3374.1          0.549
        1969000       0.420461            396         0.9980         3375.7          0.582
        1970000       0.420672            396         0.9980         3377.2          0.548
        1971000       0.420904            396         0.9980         3378.9          0.616
        1972000       0.421111            396         0.9980         3380.4          0.554
        1973000       0.421310            396         0.9980         3382.0          0.545
        1974000       0.421543            396         0.9980         3383.6          0.581
        1975000       0.421748            396         0.9980         3385.2          0.617
        1976000       0.421942            397         0.9980         3386.8          0.603
        1977000       0.422174            397         0.9980         3388.4          0.635
        1978000       0.422372            397         0.9980         3389.9          0.637
        1979000       0.422477            397         0.9980         3391.5          0.598
        1980000       0.422696            397         0.9980         3393.1          0.569
        1981000       0.422857            397         0.9980         3394.7          0.512
        1982000       0.423026            397         0.9980         3396.2          0.527
        1983000       0.423232            397         0.9979         3397.8          0.523
        1984000       0.423444            397         0.9979         3399.4          0.567
        1985000       0.423702            397         0.9979         3401.0          0.530
        1986000       0.423856            397         0.9979         3402.5          0.534
        1987000       0.424066            397         0.9979         3404.1          0.584
        1988000       0.424311            398         0.9979         3405.7          0.603
        1989000       0.424510            398         0.9979         3407.3          0.587
        1990000       0.424693            398         0.9979         3408.9          0.634
        1991000       0.424902            398         0.9979         3410.4          0.642
        1992000       0.425102            398         0.9979         3412.0          0.588
        1993000       0.425285            398         0.9979         3413.6          0.562
        1994000       0.425442            398         0.9979         3415.2          0.553
        1995000       0.425637            398         0.9979         3416.8          0.601
        1996000       0.425786            398         0.9979         3418.4          0.487
        1997000       0.425978            399         0.9979         3419.9          0.560
        1998000       0.426165            400         0.9979         3421.5          0.541
        1999000       0.426353            401         0.9979         3423.1          0.508
        2000000       0.426567            402         0.9979         3424.7          0.524
        2001000       0.426805            402         0.9979         3426.3          0.604
        2002000       0.427041            403         0.9979         3427.9          0.563
        2003000       0.427251            403         0.9979         3429.5          0.631
        2004000       0.427488            403         0.9979         3431.0          0.602
        2005000       0.427701            403         0.9979         3432.6          0.480
        2006000       0.427796            403         0.9979         3434.2          0.545
        2007000       0.427986            403         0.9979         3435.8          0.541
        2008000       0.428223            404         0.9979         3437.4          0.539
        2009000       0.428383            404         0.9979         3439.0          0.497
        2010000       0.428560            404         0.9979         3440.6          0.509
        2011000       0.428801            404         0.9979         3442.2          0.468
        2012000       0.429008            404         0.9979         3443.8          0.561
        2013000       0.429174            405         0.9979         3445.4          0.513
        2014000       0.429418            405         0.9979         3447.0          0.621
        2015000       0.429602            405         0.9979         3448.6          0.626
        2016000       0.429833            406         0.9979         3450.2          0.651
        2017000       0.430053            406         0.9979         3451.8          0.564
        2018000       0.430321            406         0.9979         3453.4          0.552
        2019000       0.430502            407         0.9979         3454.9          0.578
        2020000       0.430711            407         0.9979         3456.5          0.565
        2021000       0.430905            408         0.9979         3458.1          0.585
        2022000       0.431136            409         0.9979         3459.7          0.529
        2023000       0.431319            409         0.9979         3461.4          0.514
        2024000       0.431516            409         0.9979         3463.0          0.511
        2025000       0.431702            410         0.9979         3464.6          0.499
        2026000       0.431899            411         0.9979         3466.2          0.580
        2027000       0.432116            411         0.9979         3467.8          0.470
        2028000       0.432301            411         0.9979         3469.4          0.518
        2029000       0.432493            411         0.9979         3471.0          0.493
        2030000       0.432744            412         0.9979         3472.6          0.546
        2031000       0.432924            412         0.9979         3474.2          0.490
        2032000       0.433158            412         0.9979         3475.8          0.538
        2033000       0.433366            412         0.9979         3477.4          0.492
        2034000       0.433550            412         0.9979         3479.0          0.556
        2035000       0.433705            412         0.9979         3480.6          0.532
        2036000       0.433959            412         0.9979         3482.2          0.544
        2037000       0.434151            412         0.9979         3483.8          0.524
        2038000       0.434393            412         0.9979         3485.4          0.493
        2039000       0.434568            412         0.9979         3487.1          0.619
        2040000       0.434768            412         0.9979         3488.7          0.619
        2041000       0.435026            412         0.9979         3490.3          0.558
        2042000       0.435213            412         0.9979         3491.9          0.666
        2043000       0.435417            412         0.9979         3493.6          0.641
        2044000       0.435634            412         0.9979         3495.2          0.633
        2045000       0.435856            412         0.9979         3496.8          0.658
        2046000       0.436082            412         0.9979         3498.4          0.618
        2047000       0.436246            412         0.9979         3500.0          0.634
        2048000       0.436459            412         0.9979         3501.6          0.533
        2049000       0.436636            412         0.9979         3503.2          0.607
        2050000       0.436805            413         0.9979         3504.9          0.659
        2051000       0.436961            413         0.9979         3506.5          0.686
        2052000       0.437216            413         0.9979         3508.1          0.682
        2053000       0.437437            413         0.9979         3509.8          0.618
        2054000       0.437676            413         0.9979         3511.4          0.620
        2055000       0.437892            413         0.9979         3513.0          0.557
        2056000       0.438066            414         0.9979         3514.6          0.615
        2057000       0.438211            414         0.9979         3516.3          0.673
        2058000       0.438379            414         0.9979         3517.9          0.679
        2059000       0.438580            414         0.9979         3519.6          0.677
        2060000       0.438771            414         0.9979         3521.2          0.621
        2061000       0.438964            414         0.9979         3522.8          0.586
        2062000       0.439145            414         0.9979         3524.4          0.573
        2063000       0.439379            414         0.9979         3526.0          0.605
        2064000       0.439527            415         0.9979         3527.6          0.598
        2065000       0.439670            415         0.9979         3529.1          0.614
        2066000       0.439819            415         0.9979         3530.7          0.552
        2067000       0.440035            415         0.9979         3532.3          0.568
        2068000       0.440263            415         0.9979         3534.0          0.560
        2069000       0.440473            415         0.9979         3535.6          0.641
        2070000       0.440686            415         0.9979         3537.2          0.588
        2071000       0.440913            415         0.9979         3538.8          0.542
        2072000       0.441165            415         0.9979         3540.4          0.582
        2073000       0.441423            415         0.9979         3542.0          0.535
        2074000       0.441612            415         0.9979         3543.6          0.532
        2075000       0.441774            415         0.9979         3545.2          0.566
        2076000       0.442017            415         0.9979         3546.8          0.507
        2077000       0.442160            415         0.9979         3548.4          0.563
        2078000       0.442340            415         0.9979         3550.0          0.513
        2079000       0.442507            416         0.9979         3551.7          0.506
        2080000       0.442695            416         0.9979         3553.2          0.632
        2081000       0.442897            416         0.9979         3554.8          0.646
        2082000       0.443031            416         0.9979         3556.4          0.600
        2083000       0.443230            416         0.9979         3558.0          0.530
        2084000       0.443363            416         0.9979         3559.7          0.600
        2085000       0.443531            416         0.9979         3561.3          0.610
        2086000       0.443730            416         0.9979         3562.8          0.596
        2087000       0.444071            416         0.9979         3564.4          0.459
        2088000       0.444316            417         0.9979         3566.0          0.473
        2089000       0.444493            417         0.9979         3567.6          0.488
        2090000       0.444713            417         0.9979         3569.2          0.510
        2091000       0.444964            417         0.9979         3570.7          0.471
        2092000       0.445207            418         0.9979         3572.3          0.470
        2093000       0.445384            419         0.9979         3573.9          0.500
        2094000       0.445639            419         0.9979         3575.5          0.547
        2095000       0.445933            419         0.9979         3577.1          0.513
        2096000       0.446169            420         0.9979         3578.6          0.490
        2097000       0.446355            421         0.9979         3580.2          0.424
        2098000       0.446609            421         0.9979         3581.9          0.494
        2099000       0.446818            421         0.9979         3583.5          0.510
        2100000       0.447042            422         0.9979         3585.1          0.568
        2101000       0.447312            422         0.9979         3586.7          0.608
        2102000       0.447473            422         0.9979         3588.3          0.546
        2103000       0.447682            422         0.9979         3590.0          0.496
        2104000       0.447916            422         0.9979         3591.6          0.481
        2105000       0.448142            422         0.9979         3593.2          0.581
        2106000       0.448350            423         0.9979         3594.8          0.549
        2107000       0.448479            423         0.9979         3596.4          0.583
        2108000       0.448673            423         0.9979         3598.0          0.592
        2109000       0.448866            423         0.9979         3599.5          0.569
        2110000       0.449082            423         0.9979         3601.1          0.465
        2111000       0.449324            423         0.9979         3602.7          0.487
        2112000       0.449518            423         0.9979         3604.3          0.506
        2113000       0.449659            423         0.9979         3606.0          0.430
        2114000       0.449972            423         0.9979         3607.6          0.434
        2115000       0.450152            423         0.9979         3609.2          0.492
        2116000       0.450391            424         0.9979         3610.8          0.479
        2117000       0.450686            424         0.9979         3612.4          0.463
        2118000       0.450928            424         0.9979         3614.0          0.467
        2119000       0.451126            425         0.9979         3615.7          0.430
        2120000       0.451351            425         0.9979         3617.3          0.465
        2121000       0.451550            425         0.9979         3618.9          0.460
        2122000       0.451762            425         0.9979         3620.5          0.447
        2123000       0.451943            425         0.9979         3622.2          0.386
        2124000       0.452083            425         0.9979         3623.9          0.434
        2125000       0.452265            425         0.9979         3625.5          0.445
        2126000       0.452478            426         0.9979         3627.1          0.440
        2127000       0.452710            426         0.9979         3628.8          0.421
        2128000       0.452844            426         0.9979         3630.4          0.445
        2129000       0.452990            426         0.9979         3632.1          0.421
        2130000       0.453209            426         0.9979         3633.8          0.404
        2131000       0.453383            426         0.9979         3635.4          0.516
        2132000       0.453640            427         0.9979         3637.1          0.464
        2133000       0.453765            427         0.9979         3638.7          0.427
        2134000       0.453962            427         0.9979         3640.4          0.389
        2135000       0.454132            427         0.9979         3642.0          0.417
        2136000       0.454352            427         0.9979         3643.7          0.418
        2137000       0.454496            427         0.9979         3645.3          0.409
        2138000       0.454749            427         0.9979         3647.0          0.498
        2139000       0.454929            427         0.9979         3648.6          0.416
        2140000       0.455138            428         0.9979         3650.2          0.512
        2141000       0.455307            428         0.9979         3651.9          0.518
        2142000       0.455527            428         0.9979         3653.5          0.523
        2143000       0.455762            428         0.9979         3655.1          0.477
        2144000       0.456041            428         0.9979         3656.7          0.481
        2145000       0.456306            428         0.9978         3658.3          0.532
        2146000       0.456521            428         0.9978         3660.0          0.453
        2147000       0.456676            428         0.9978         3661.6          0.436
        2148000       0.456887            428         0.9978         3663.2          0.416
        2149000       0.457097            428         0.9978         3664.8          0.432
        2150000       0.457326            428         0.9978         3666.4          0.546
        2151000       0.457570            428         0.9978         3668.0          0.493
        2152000       0.457724            429         0.9978         3669.7          0.495
        2153000       0.457950            430         0.9978         3671.3          0.456
        2154000       0.458157            430         0.9978         3672.9          0.495
        2155000       0.458364            430         0.9978         3674.5          0.495
        2156000       0.458571            430         0.9978         3676.1          0.470
        2157000       0.458756            430         0.9978         3677.7          0.491
        2158000       0.458939            430         0.9978         3679.3          0.494
        2159000       0.459097            430         0.9978         3681.0          0.463
        2160000       0.459331            430         0.9978         3682.6          0.498
        2161000       0.459565            430         0.9978         3684.2          0.496
        2162000       0.459750            430         0.9978         3685.8          0.463
        2163000       0.459919            430         0.9978         3687.4          0.387
        2164000       0.460110            430         0.9978         3689.0          0.367
        2165000       0.460210            430         0.9978         3690.7          0.387
        2166000       0.460411            431         0.9978         3692.3          0.371
        2167000       0.460613            431         0.9978         3693.9          0.356
        2168000       0.460792            431         0.9978         3695.5          0.428
        2169000       0.460979            431         0.9978         3697.2          0.390
        2170000       0.461178            431         0.9978         3698.8          0.487
        2171000       0.461383            431         0.9978         3700.4          0.546
        2172000       0.461612            431         0.9978         3702.0          0.461
        2173000       0.461782            431         0.9978         3703.6          0.532
        2174000       0.462025            431         0.9978         3705.2          0.388
        2175000       0.462257            431         0.9978         3706.8          0.416
        2176000       0.462475            432         0.9978         3708.5          0.525
        2177000       0.462698            433         0.9978         3710.1          0.394
        2178000       0.462817            433         0.9978         3711.7          0.455
        2179000       0.463061            433         0.9978         3713.4          0.429
        2180000       0.463277            433         0.9978         3715.0          0.383
        2181000       0.463432            434         0.9978         3716.6          0.361
        2182000       0.463552            434         0.9978         3718.3          0.403
        2183000       0.463750            434         0.9978         3719.9          0.380
        2184000       0.463945            434         0.9978         3721.5          0.451
        2185000       0.464203            434         0.9978         3723.1          0.465
        2186000       0.464416            434         0.9978         3724.7          0.400
        2187000       0.464648            434         0.9978         3726.4          0.383
        2188000       0.464819            435         0.9978         3728.0          0.393
        2189000       0.464971            435         0.9978         3729.7          0.450
        2190000       0.465209            435         0.9978         3731.3          0.455
        2191000       0.465399            435         0.9978         3733.0          0.453
        2192000       0.465548            435         0.9978         3734.6          0.400
        2193000       0.465677            435         0.9978         3736.3          0.381
        2194000       0.465857            436         0.9978         3737.9          0.398
        2195000       0.466023            436         0.9978         3739.6          0.411
        2196000       0.466199            436         0.9978         3741.2          0.375
        2197000       0.466353            438         0.9978         3742.9          0.352
        2198000       0.466575            438         0.9978         3744.6          0.352
        2199000       0.466781            439         0.9978         3746.2          0.350
        2200000       0.466930            440         0.9978         3747.9          0.358
        2201000       0.467120            440         0.9978         3749.5          0.390
        2202000       0.467326            440         0.9978         3751.1          0.447
        2203000       0.467510            440         0.9978         3752.8          0.341
        2204000       0.467729            441         0.9978         3754.4          0.344
        2205000       0.467921            442         0.9978         3756.0          0.351
        2206000       0.468085            442         0.9978         3757.6          0.335
        2207000       0.468284            442         0.9978         3759.2          0.334
        2208000       0.468502            442         0.9978         3760.8          0.332
        2209000       0.468711            442         0.9978         3762.5          0.330
        2210000       0.468885            442         0.9978         3764.1          0.337
        2211000       0.469106            442         0.9978         3765.7          0.336
        2212000       0.469347            442         0.9978         3767.3          0.336
        2213000       0.469539            443         0.9978         3769.0          0.403
        2214000       0.469667            444         0.9978         3770.6          0.348
        2215000       0.469865            444         0.9978         3772.3          0.361
        2216000       0.470123            444         0.9978         3773.9          0.334
        2217000       0.470368            444         0.9978         3775.6          0.345
        2218000       0.470570            444         0.9978         3777.2          0.396
        2219000       0.470803            444         0.9978         3778.8          0.393
        2220000       0.470960            444         0.9978         3780.4          0.409
        2221000       0.471178            444         0.9978         3782.1          0.434
        2222000       0.471368            444         0.9978         3783.7          0.444
        2223000       0.471586            444         0.9978         3785.3          0.486
        2224000       0.471790            446         0.9978         3787.0          0.423
        2225000       0.472015            446         0.9978         3788.6          0.457
        2226000       0.472212            446         0.9978         3790.2          0.404
        2227000       0.472400            446         0.9978         3791.9          0.405
        2228000       0.472610            447         0.9978         3793.5          0.468
        2229000       0.472870            447         0.9978         3795.1          0.395
        2230000       0.473055            447         0.9978         3796.8          0.410
        2231000       0.473254            447         0.9978         3798.4          0.469
        2232000       0.473477            447         0.9978         3800.0          0.463
        2233000       0.473696            447         0.9978         3801.7          0.436
        2234000       0.473918            447         0.9978         3803.3          0.466
        2235000       0.474125            448         0.9978         3804.9          0.546
        2236000       0.474303            448         0.9978         3806.6          0.464
        2237000       0.474510            448         0.9978         3808.2          0.487
        2238000       0.474678            448         0.9978         3809.8          0.409
        2239000       0.474872            448         0.9978         3811.4          0.413
        2240000       0.475097            448         0.9978         3813.1          0.472
        2241000       0.475266            448         0.9978         3814.7          0.565
        2242000       0.475471            448         0.9978         3816.3          0.503
        2243000       0.475657            448         0.9978         3817.9          0.517
        2244000       0.475832            448         0.9978         3819.6          0.529
        2245000       0.476036            448         0.9978         3821.2          0.552
        2246000       0.476213            448         0.9978         3822.8          0.498
        2247000       0.476473            449         0.9978         3824.5          0.546
        2248000       0.476645            449         0.9978         3826.1          0.536
        2249000       0.476850            449         0.9978         3827.7          0.542
        2250000       0.477074            449         0.9978         3829.3          0.467
        2251000       0.477269            450         0.9978         3830.9          0.471
        2252000       0.477440            450         0.9978         3832.5          0.522
        2253000       0.477643            451         0.9978         3834.2          0.424
        2254000       0.477808            451         0.9978         3835.8          0.439
        2255000       0.478016            451         0.9978         3837.4          0.462
        2256000       0.478189            451         0.9978         3839.0          0.500
        2257000       0.478351            451         0.9978         3840.6          0.450
        2258000       0.478567            451         0.9978         3842.2          0.506
        2259000       0.478806            452         0.9978         3843.8          0.418
        2260000       0.479019            452         0.9978         3845.4          0.509
        2261000       0.479202            452         0.9978         3847.0          0.522
        2262000       0.479440            452         0.9978         3848.6          0.450
        2263000       0.479655            452         0.9978         3850.3          0.440
        2264000       0.479873            452         0.9978         3851.9          0.432
        2265000       0.480046            452         0.9978         3853.5          0.425
        2266000       0.480205            452         0.9978         3855.1          0.454
        2267000       0.480430            452         0.9978         3856.7          0.481
        2268000       0.480620            452         0.9978         3858.3          0.486
        2269000       0.480796            453         0.9978         3859.9          0.570
        2270000       0.480956            453         0.9978         3861.5          0.582
        2271000       0.481109            453         0.9978         3863.1          0.520
        2272000       0.481381            453         0.9978         3864.7          0.553
        2273000       0.481519            453         0.9978         3866.2          0.508
        2274000       0.481832            453         0.9978         3867.8          0.472
        2275000       0.481967            453         0.9978         3869.5          0.532
        2276000       0.482073            453         0.9978         3871.1          0.535
        2277000       0.482290            453         0.9978         3872.7          0.463
        2278000       0.482560            453         0.9978         3874.3          0.430
        2279000       0.482757            453         0.9978         3875.9          0.489
        2280000       0.482936            453         0.9978         3877.5          0.495
        2281000       0.483120            454         0.9978         3879.0          0.559
        2282000       0.483346            454         0.9978         3880.6          0.554
        2283000       0.483639            454         0.9978         3882.2          0.583
        2284000       0.483909            456         0.9978         3883.7          0.551
        2285000       0.484079            456         0.9978         3885.3          0.578
        2286000       0.484261            457         0.9978         3886.9          0.497
        2287000       0.484386            457         0.9978         3888.4          0.508
        2288000       0.484553            457         0.9978         3890.0          0.518
        2289000       0.484719            457         0.9978         3891.6          0.452
        2290000       0.484921            457         0.9978         3893.2          0.406
        2291000       0.485160            457         0.9978         3894.9          0.427
        2292000       0.485348            458         0.9978         3896.5          0.464
        2293000       0.485491            458         0.9978         3898.1          0.472
        2294000       0.485711            459         0.9978         3899.7          0.467
        2295000       0.485957            462         0.9978         3901.3          0.494
        2296000       0.486178            462         0.9978         3902.9          0.495
        2297000       0.486387            462         0.9978         3904.5          0.513
        2298000       0.486668            462         0.9978         3906.0          0.484
        2299000       0.486888            462         0.9978         3907.6          0.475
        2300000       0.487042            463         0.9978         3909.2          0.450
        2301000       0.487307            463         0.9978         3910.8          0.535
        2302000       0.487479            463         0.9978         3912.3          0.460
        2303000       0.487621            463         0.9978         3914.0          0.458
        2304000       0.487867            463         0.9978         3915.5          0.448
        2305000       0.488084            463         0.9978         3917.1          0.429
        2306000       0.488282            463         0.9978         3918.7          0.554
        2307000       0.488473            463         0.9978         3920.3          0.524
        2308000       0.488687            463         0.9978         3921.9          0.607
        2309000       0.488830            463         0.9978         3923.6          0.616
        2310000       0.489059            464         0.9978         3925.1          0.628
        2311000       0.489278            464         0.9978         3926.7          0.604
        2312000       0.489476            464         0.9977         3928.3          0.541
        2313000       0.489686            464         0.9977         3929.9          0.592
        2314000       0.489900            464         0.9977         3931.5          0.514
        2315000       0.490099            464         0.9977         3933.1          0.517
        2316000       0.490321            464         0.9977         3934.7          0.597
        2317000       0.490558            464         0.9977         3936.3          0.567
        2318000       0.490770            464         0.9977         3937.9          0.541
        2319000       0.490966            464         0.9977         3939.5          0.538
        2320000       0.491167            465         0.9977         3941.1          0.531
        2321000       0.491371            465         0.9977         3942.7          0.591
        2322000       0.491597            466         0.9977         3944.3          0.575
        2323000       0.491857            466         0.9977         3945.9          0.424
        2324000       0.492050            468         0.9977         3947.5          0.525
        2325000       0.492287            468         0.9977         3949.1          0.439
        2326000       0.492535            470         0.9977         3950.7          0.478
        2327000       0.492731            470         0.9977         3952.3          0.430
        2328000       0.492896            470         0.9977         3953.9          0.513
        2329000       0.493181            470         0.9977         3955.5          0.445
        2330000       0.493375            471         0.9977         3957.1          0.490
        2331000       0.493619            471         0.9977         3958.7          0.497
        2332000       0.493836            471         0.9977         3960.3          0.447
        2333000       0.494015            471         0.9977         3961.9          0.461
        2334000       0.494254            471         0.9977         3963.5          0.494
        2335000       0.494435            471         0.9977         3965.1          0.574
        2336000       0.494645            471         0.9977         3966.6          0.556
        2337000       0.494836            471         0.9977         3968.2          0.534
        2338000       0.495062            472         0.9977         3969.8          0.559
        2339000       0.495252            472         0.9977         3971.4          0.507
        2340000       0.495484            472         0.9977         3973.0          0.529
        2341000       0.495715            472         0.9977         3974.6          0.551
        2342000       0.495906            472         0.9977         3976.2          0.546
        2343000       0.496093            472         0.9977         3977.8          0.515
        2344000       0.496265            472         0.9977         3979.4          0.552
        2345000       0.496453            472         0.9977         3980.9          0.549
        2346000       0.496663            472         0.9977         3982.5          0.539
        2347000       0.496850            472         0.9977         3984.1          0.494
        2348000       0.497094            472         0.9977         3985.7          0.574
        2349000       0.497284            472         0.9977         3987.3          0.571
        2350000       0.497565            472         0.9977         3988.8          0.559
        2351000       0.497756            472         0.9977         3990.4          0.488
        2352000       0.497992            472         0.9977         3992.0          0.507
        2353000       0.498214            472         0.9977         3993.6          0.465
        2354000       0.498435            472         0.9977         3995.2          0.558
        2355000       0.498573            472         0.9977         3996.8          0.523
        2356000       0.498775            472         0.9977         3998.3          0.482
        2357000       0.498938            472         0.9977         4000.0          0.447
        2358000       0.499152            472         0.9977         4001.6          0.450
        2359000       0.499348            472         0.9977         4003.2          0.426
        2360000       0.499574            472         0.9977         4004.8          0.446
        2361000       0.499829            472         0.9977         4006.4          0.443
        2362000       0.500036            472         0.9977         4008.0          0.454
        2363000       0.500222            472         0.9977         4009.6          0.473
        2364000       0.500401            472         0.9977         4011.2          0.513
        2365000       0.500569            473         0.9977         4012.8          0.467
        2366000       0.500757            474         0.9977         4014.3          0.485
        2367000       0.500955            474         0.9977         4015.9          0.543
        2368000       0.501189            477         0.9977         4017.5          0.520
        2369000       0.501382            477         0.9977         4019.1          0.497
        2370000       0.501561            477         0.9977         4020.7          0.517
        2371000       0.501757            478         0.9977         4022.3          0.537
        2372000       0.501979            480         0.9977         4023.9          0.543
        2373000       0.502177            480         0.9977         4025.5          0.483
        2374000       0.502325            480         0.9977         4027.1          0.485
        2375000       0.502511            481         0.9977         4028.6          0.575
        2376000       0.502717            481         0.9977         4030.2          0.463
        2377000       0.502953            481         0.9977         4031.8          0.474
        2378000       0.503140            481         0.9977         4033.4          0.537
        2379000       0.503336            481         0.9977         4035.0          0.535
        2380000       0.503609            483         0.9977         4036.6          0.449
        2381000       0.503823            483         0.9977         4038.2          0.457
        2382000       0.504043            483         0.9977         4039.8          0.454
        2383000       0.504205            483         0.9977         4041.4          0.473
        2384000       0.504443            483         0.9977         4042.9          0.523
        2385000       0.504686            483         0.9977         4044.5          0.545
        2386000       0.504855            483         0.9977         4046.1          0.556
        2387000       0.505006            483         0.9977         4047.7          0.582
        2388000       0.505243            484         0.9977         4049.3          0.508
        2389000       0.505460            484         0.9977         4050.8          0.485
        2390000       0.505651            484         0.9977         4052.4          0.488
        2391000       0.505848            484         0.9977         4054.0          0.491
        2392000       0.506039            485         0.9977         4055.6          0.562
        2393000       0.506238            485         0.9977         4057.2          0.548
        2394000       0.506413            485         0.9977         4058.7          0.559
        2395000       0.506649            486         0.9977         4060.3          0.574
        2396000       0.506847            486         0.9977         4061.9          0.564
        2397000       0.507029            487         0.9977         4063.5          0.562
        2398000       0.507233            487         0.9977         4065.1          0.445
        2399000       0.507421            487         0.9977         4066.7          0.524
        2400000       0.507595            487         0.9977         4068.2          0.519
        2401000       0.507798            488         0.9977         4069.8          0.558
        2402000       0.508068            488         0.9977         4071.4          0.479
        2403000       0.508249            488         0.9977         4073.0          0.521
        2404000       0.508547            489         0.9977         4074.5          0.486
        2405000       0.508770            489         0.9977         4076.1          0.526
        2406000       0.508986            489         0.9977         4077.7          0.535
        2407000       0.509201            490         0.9977         4079.3          0.577
        2408000       0.509377            490         0.9977         4080.9          0.566
        2409000       0.509582            490         0.9977         4082.4          0.540
        2410000       0.509788            490         0.9977         4084.0          0.566
        2411000       0.509953            490         0.9977         4085.6          0.625
        2412000       0.510136            490         0.9977         4087.1          0.583
        2413000       0.510355            490         0.9977         4088.7          0.528
        2414000       0.510541            490         0.9977         4090.3          0.593
        2415000       0.510747            490         0.9977         4091.8          0.613
        2416000       0.510901            490         0.9977         4093.4          0.650
        2417000       0.511109            490         0.9977         4094.9          0.619
        2418000       0.511360            490         0.9977         4096.5          0.596
        2419000       0.511550            490         0.9977         4098.1          0.612
        2420000       0.511779            490         0.9977         4099.6          0.626
        2421000       0.511964            490         0.9977         4101.2          0.658
        2422000       0.512151            490         0.9977         4102.7          0.684
        2423000       0.512337            490         0.9977         4104.2          0.692
        2424000       0.512534            491         0.9977         4105.8          0.625
        2425000       0.512759            491         0.9977         4107.3          0.705
        2426000       0.512957            491         0.9977         4108.9          0.660
        2427000       0.513153            491         0.9977         4110.4          0.676
        2428000       0.513362            491         0.9977         4112.0          0.618
        2429000       0.513554            491         0.9977         4113.6          0.660
        2430000       0.513760            491         0.9977         4115.1          0.700
        2431000       0.513993            491         0.9977         4116.7          0.652
        2432000       0.514180            492         0.9977         4118.2          0.645
        2433000       0.514416            492         0.9977         4119.8          0.626
        2434000       0.514586            492         0.9977         4121.3          0.583
        2435000       0.514799            492         0.9977         4122.9          0.684
        2436000       0.514960            492         0.9977         4124.5          0.610
        2437000       0.515173            492         0.9977         4126.0          0.616
        2438000       0.515394            492         0.9977         4127.6          0.643
        2439000       0.515574            492         0.9977         4129.1          0.665
        2440000       0.515788            493         0.9977         4130.7          0.688
        2441000       0.515998            493         0.9977         4132.3          0.689
        2442000       0.516192            493         0.9977         4133.8          0.694
        2443000       0.516406            493         0.9977         4135.4          0.639
        2444000       0.516566            493         0.9977         4137.0          0.654
        2445000       0.516750            493         0.9977         4138.5          0.618
        2446000       0.516956            493         0.9977         4140.1          0.643
        2447000       0.517195            493         0.9977         4141.6          0.619
        2448000       0.517443            494         0.9977         4143.2          0.624
        2449000       0.517645            494         0.9977         4144.7          0.608
        2450000       0.517872            496         0.9977         4146.3          0.623
        2451000       0.518041            497         0.9977         4147.8          0.584
        2452000       0.518305            498         0.9977         4149.4          0.605
        2453000       0.518487            498         0.9977         4151.0          0.566
        2454000       0.518701            498         0.9977         4152.6          0.638
        2455000       0.518885            498         0.9977         4154.2          0.559
        2456000       0.519093            498         0.9977         4156.0          0.653
        2457000       0.519345            498         0.9977         4157.6          0.648
        2458000       0.519517            498         0.9977         4159.2          0.637
        2459000       0.519712            499         0.9977         4160.7          0.593
        2460000       0.519878            500         0.9977         4162.3          0.595
        2461000       0.520048            500         0.9977         4163.9          0.577
        2462000       0.520244            500         0.9976         4165.4          0.491
        2463000       0.520390            500         0.9976         4167.0          0.543
        2464000       0.520570            500         0.9976         4168.6          0.530
        2465000       0.520784            500         0.9976         4170.2          0.548
        2466000       0.520992            500         0.9976         4171.7          0.586
        2467000       0.521212            500         0.9976         4173.3          0.543
        2468000       0.521419            502         0.9976         4174.8          0.544
        2469000       0.521623            503         0.9976         4176.4          0.585
        2470000       0.521820            503         0.9976         4177.9          0.571
        2471000       0.521994            503         0.9976         4179.5          0.545
        2472000       0.522135            503         0.9976         4181.1          0.528
        2473000       0.522365            503         0.9976         4182.6          0.570
        2474000       0.522573            504         0.9976         4184.2          0.516
        2475000       0.522784            504         0.9976         4185.8          0.599
        2476000       0.522992            504         0.9976         4187.4          0.602
        2477000       0.523179            504         0.9976         4189.0          0.552
        2478000       0.523374            504         0.9976         4190.5          0.521
        2479000       0.523507            504         0.9976         4192.1          0.514
        2480000       0.523702            504         0.9976         4193.6          0.542
        2481000       0.523880            504         0.9976         4195.2          0.585
        2482000       0.524092            505         0.9976         4196.8          0.635
        2483000       0.524304            505         0.9976         4198.4          0.634
        2484000       0.524539            505         0.9976         4199.9          0.591
        2485000       0.524694            505         0.9976         4201.5          0.587
        2486000       0.524914            505         0.9976         4203.1          0.619
        2487000       0.525153            506         0.9976         4204.6          0.564
        2488000       0.525352            506         0.9976         4206.2          0.591
        2489000       0.525582            506         0.9976         4207.8          0.588
        2490000       0.525743            506         0.9976         4209.3          0.612
        2491000       0.525975            506         0.9976         4210.9          0.626
        2492000       0.526080            506         0.9976         4212.5          0.633
        2493000       0.526312            506         0.9976         4214.0          0.596
        2494000       0.526537            507         0.9976         4215.6          0.545
        2495000       0.526763            507         0.9976         4217.2          0.563
        2496000       0.526945            507         0.9976         4218.8          0.520
        2497000       0.527150            507         0.9976         4220.4          0.630
        2498000       0.527385            507         0.9976         4221.9          0.568
        2499000       0.527544            507         0.9976         4223.5          0.580
        2500000       0.527808            507         0.9976         4225.1          0.578
        2501000       0.528035            507         0.9976         4226.6          0.535
        2502000       0.528220            508         0.9976         4228.2          0.576
        2503000       0.528428            508         0.9976         4229.8          0.604
        2504000       0.528548            508         0.9976         4231.3          0.607
        2505000       0.528758            508         0.9976         4232.9          0.601
        2506000       0.528987            509         0.9976         4234.5          0.594
        2507000       0.529264            509         0.9976         4236.1          0.608
        2508000       0.529407            509         0.9976         4237.6          0.632
        2509000       0.529637            509         0.9976         4239.2          0.634
        2510000       0.529839            509         0.9976         4240.8          0.599
        2511000       0.530025            509         0.9976         4242.4          0.558
        2512000       0.530279            509         0.9976         4244.0          0.578
        2513000       0.530495            509         0.9976         4245.6          0.574
        2514000       0.530712            509         0.9976         4247.1          0.498
        2515000       0.530842            509         0.9976         4248.7          0.526
        2516000       0.531060            510         0.9976         4250.3          0.614
        2517000       0.531273            512         0.9976         4251.8          0.563
        2518000       0.531459            512         0.9976         4253.4          0.596
        2519000       0.531691            512         0.9976         4255.0          0.559
        2520000       0.531881            512         0.9976         4256.6          0.602
        2521000       0.532070            512         0.9976         4258.1          0.532
        2522000       0.532271            513         0.9976         4259.7          0.522
        2523000       0.532456            513         0.9976         4261.2          0.561
        2524000       0.532682            514         0.9976         4262.8          0.502
        2525000       0.532886            515         0.9976         4264.4          0.535
        2526000       0.533063            515         0.9976         4266.0          0.492
        2527000       0.533279            515         0.9976         4267.5          0.574
        2528000       0.533427            515         0.9976         4269.1          0.567
        2529000       0.533598            515         0.9976         4270.7          0.536
        2530000       0.533782            515         0.9976         4272.2          0.589
        2531000       0.533949            516         0.9976         4273.8          0.493
        2532000       0.534154            517         0.9976         4275.3          0.604
        2533000       0.534330            517         0.9976         4276.9          0.595
        2534000       0.534525            518         0.9976         4278.5          0.549
        2535000       0.534720            518         0.9976         4280.1          0.528
        2536000       0.534869            518         0.9976         4281.7          0.628
        2537000       0.535082            518         0.9976         4283.2          0.620
        2538000       0.535271            518         0.9976         4284.8          0.524
        2539000       0.535491            518         0.9976         4286.4          0.571
        2540000       0.535650            518         0.9976         4287.9          0.494
        2541000       0.535884            518         0.9976         4289.5          0.561
        2542000       0.536098            518         0.9976         4291.1          0.558
        2543000       0.536239            519         0.9976         4292.7          0.560
        2544000       0.536403            519         0.9976         4294.3          0.591
        2545000       0.536588            520         0.9976         4295.8          0.527
        2546000       0.536811            520         0.9976         4297.4          0.542
        2547000       0.537029            520         0.9976         4299.0          0.640
        2548000       0.537207            520         0.9976         4300.5          0.646
        2549000       0.537406            520         0.9976         4302.1          0.505
        2550000       0.537606            520         0.9976         4303.7          0.498
        2551000       0.537792            520         0.9976         4305.3          0.551
        2552000       0.537992            520         0.9976         4306.8          0.608
        2553000       0.538155            520         0.9976         4308.4          0.576
        2554000       0.538356            520         0.9976         4309.9          0.557
        2555000       0.538517            520         0.9976         4311.5          0.458
        2556000       0.538758            521         0.9976         4313.1          0.499
        2557000       0.538932            521         0.9976         4314.7          0.577
        2558000       0.539137            522         0.9976         4316.3          0.483
        2559000       0.539329            522         0.9976         4317.8          0.589
        2560000       0.539560            522         0.9976         4319.4          0.492
        2561000       0.539780            522         0.9976         4321.0          0.420
        2562000       0.539965            522         0.9976         4322.6          0.465
        2563000       0.540179            522         0.9976         4324.2          0.485
        2564000       0.540397            522         0.9976         4325.8          0.430
        2565000       0.540540            522         0.9976         4327.4          0.458
        2566000       0.540764            522         0.9976         4329.0          0.405
        2567000       0.540985            522         0.9976         4330.6          0.484
        2568000       0.541152            522         0.9976         4332.1          0.488
        2569000       0.541351            522         0.9976         4333.7          0.483
        2570000       0.541551            523         0.9976         4335.3          0.399
        2571000       0.541755            523         0.9976         4336.9          0.443
        2572000       0.541947            523         0.9976         4338.5          0.473
        2573000       0.542241            524         0.9976         4340.1          0.466
        2574000       0.542439            525         0.9976         4341.7          0.488
        2575000       0.542601            526         0.9976         4343.2          0.474
        2576000       0.542793            526         0.9976         4344.8          0.521
        2577000       0.543011            526         0.9976         4346.4          0.532
        2578000       0.543209            526         0.9976         4347.9          0.502
        2579000       0.543407            526         0.9976         4349.5          0.517
        2580000       0.543646            526         0.9976         4351.1          0.518
        2581000       0.543888            526         0.9976         4352.6          0.467
        2582000       0.544065            526         0.9976         4354.2          0.463
        2583000       0.544269            526         0.9976         4355.8          0.451
        2584000       0.544488            526         0.9976         4357.4          0.434
        2585000       0.544756            527         0.9976         4359.0          0.521
        2586000       0.545028            527         0.9976         4360.5          0.550
        2587000       0.545242            527         0.9976         4362.1          0.553
        2588000       0.545413            527         0.9976         4363.7          0.481
        2589000       0.545630            527         0.9976         4365.3          0.536
        2590000       0.545793            527         0.9976         4366.9          0.454
        2591000       0.546015            528         0.9976         4368.4          0.564
        2592000       0.546254            528         0.9976         4370.0          0.581
        2593000       0.546435            528         0.9976         4371.6          0.547
        2594000       0.546614            530         0.9976         4373.2          0.592
        2595000       0.546788            530         0.9976         4374.7          0.543
        2596000       0.547008            530         0.9976         4376.3          0.567
        2597000       0.547240            530         0.9976         4377.9          0.565
        2598000       0.547425            530         0.9976         4379.5          0.491
        2599000       0.547664            531         0.9976         4381.0          0.560
        2600000       0.547871            531         0.9976         4382.6          0.555
        2601000       0.548031            531         0.9976         4384.1          0.492
        2602000       0.548223            531         0.9976         4385.7          0.529
        2603000       0.548474            533         0.9976         4387.2          0.529
        2604000       0.548651            533         0.9976         4388.8          0.507
        2605000       0.548875            533         0.9976         4390.4          0.543
        2606000       0.549099            533         0.9976         4391.9          0.438
        2607000       0.549300            533         0.9976         4393.6          0.478
        2608000       0.549454            533         0.9976         4395.2          0.489
        2609000       0.549674            533         0.9976         4396.7          0.469
        2610000       0.549875            533         0.9976         4398.3          0.525
        2611000       0.550077            533         0.9976         4399.9          0.553
        2612000       0.550302            533         0.9976         4401.5          0.585
        2613000       0.550525            533         0.9976         4403.0          0.545
        2614000       0.550756            533         0.9976         4404.6          0.532
        2615000       0.550979            533         0.9976         4406.2          0.589
        2616000       0.551183            533         0.9976         4407.7          0.518
        2617000       0.551363            533         0.9976         4409.3          0.586
        2618000       0.551553            533         0.9976         4410.9          0.552
        2619000       0.551761            533         0.9976         4412.4          0.554
        2620000       0.551996            534         0.9976         4414.0          0.550
        2621000       0.552156            534         0.9976         4415.6          0.553
        2622000       0.552361            535         0.9976         4417.1          0.550
        2623000       0.552581            535         0.9976         4418.7          0.549
        2624000       0.552814            535         0.9975         4420.3          0.494
        2625000       0.552967            536         0.9975         4421.8          0.546
        2626000       0.553174            536         0.9975         4423.4          0.430
        2627000       0.553352            536         0.9975         4425.0          0.461
        2628000       0.553506            537         0.9975         4426.5          0.548
        2629000       0.553725            537         0.9975         4428.1          0.540
        2630000       0.553931            537         0.9975         4429.6          0.477
        2631000       0.554099            538         0.9975         4431.2          0.535
        2632000       0.554238            538         0.9975         4432.7          0.551
        2633000       0.554424            538         0.9975         4434.3          0.501
        2634000       0.554634            539         0.9975         4435.9          0.520
        2635000       0.554771            539         0.9975         4437.4          0.529
        2636000       0.554933            539         0.9975         4439.0          0.540
        2637000       0.555125            539         0.9975         4440.6          0.554
        2638000       0.555317            539         0.9975         4442.1          0.582
        2639000       0.555543            539         0.9975         4443.7          0.499
        2640000       0.555809            539         0.9975         4445.3          0.531
        2641000       0.556012            540         0.9975         4446.8          0.490
        2642000       0.556201            540         0.9975         4448.4          0.528
        2643000       0.556388            540         0.9975         4449.9          0.623
        2644000       0.556561            540         0.9975         4451.5          0.525
        2645000       0.556731            540         0.9975         4453.0          0.496
        2646000       0.556867            540         0.9975         4454.6          0.517
        2647000       0.557115            540         0.9975         4456.2          0.612
        2648000       0.557292            540         0.9975         4457.7          0.617
        2649000       0.557465            540         0.9975         4459.3          0.625
        2650000       0.557617            540         0.9975         4460.8          0.605
        2651000       0.557814            540         0.9975         4462.4          0.658
        2652000       0.557995            540         0.9975         4464.0          0.661
        2653000       0.558239            540         0.9975         4465.6          0.642
        2654000       0.558431            540         0.9975         4467.1          0.666
        2655000       0.558620            540         0.9975         4468.7          0.620
        2656000       0.558796            540         0.9975         4470.3          0.609
        2657000       0.558971            540         0.9975         4471.8          0.597
        2658000       0.559155            540         0.9975         4473.4          0.611
        2659000       0.559314            540         0.9975         4474.9          0.585
        2660000       0.559498            541         0.9975         4476.5          0.631
        2661000       0.559723            541         0.9975         4478.1          0.612
        2662000       0.559947            542         0.9975         4479.6          0.545
        2663000       0.560145            542         0.9975         4481.2          0.565
        2664000       0.560314            543         0.9975         4482.7          0.584
        2665000       0.560501            543         0.9975         4484.3          0.544
        2666000       0.560700            543         0.9975         4485.9          0.512
        2667000       0.560909            543         0.9975         4487.4          0.608
        2668000       0.561104            543         0.9975         4489.0          0.536
        2669000       0.561318            544         0.9975         4490.6          0.608
        2670000       0.561521            544         0.9975         4492.1          0.592
        2671000       0.561729            544         0.9975         4493.7          0.567
        2672000       0.561904            544         0.9975         4495.2          0.533
        2673000       0.562153            544         0.9975         4496.8          0.569
        2674000       0.562350            544         0.9975         4498.4          0.587
        2675000       0.562596            544         0.9975         4499.9          0.637
        2676000       0.562815            544         0.9975         4501.5          0.661
        2677000       0.563000            544         0.9975         4503.0          0.683
        2678000       0.563289            544         0.9975         4504.6          0.693
        2679000       0.563497            544         0.9975         4506.1          0.716
        2680000       0.563673            544         0.9975         4507.7          0.696
        2681000       0.563864            544         0.9975         4509.3          0.627
        2682000       0.564082            544         0.9975         4510.9          0.632
        2683000       0.564290            545         0.9975         4512.4          0.704
        2684000       0.564522            545         0.9975         4513.9          0.729
        2685000       0.564692            545         0.9975         4515.5          0.730
        2686000       0.564864            545         0.9975         4517.1          0.646
        2687000       0.565144            545         0.9975         4518.6          0.527
        2688000       0.565308            545         0.9975         4520.2          0.600
        2689000       0.565485            545         0.9975         4521.8          0.695
        2690000       0.565653            545         0.9975         4523.3          0.708
        2691000       0.565867            545         0.9975         4524.9          0.584
        2692000       0.566087            545         0.9975         4526.4          0.609
        2693000       0.566303            545         0.9975         4528.0          0.572
        2694000       0.566495            546         0.9975         4529.6          0.583
        2695000       0.566672            546         0.9975         4531.1          0.610
        2696000       0.566877            546         0.9975         4532.7          0.650
        2697000       0.566997            546         0.9975         4534.3          0.568
        2698000       0.567187            546         0.9975         4535.8          0.658
        2699000       0.567364            546         0.9975         4537.4          0.572
        2700000       0.567525            546         0.9975         4539.0          0.576
        2701000       0.567757            547         0.9975         4540.5          0.576
        2702000       0.567945            547         0.9975         4542.1          0.591
        2703000       0.568200            547         0.9975         4543.7          0.585
        2704000       0.568412            547         0.9975         4545.3          0.600
        2705000       0.568635            547         0.9975         4546.8          0.631
        2706000       0.568865            548         0.9975         4548.4          0.627
        2707000       0.569048            548         0.9975         4549.9          0.697
        2708000       0.569234            549         0.9975         4551.5          0.584
        2709000       0.569391            549         0.9975         4553.1          0.614
        2710000       0.569583            549         0.9975         4554.6          0.581
        2711000       0.569729            550         0.9975         4556.2          0.570
        2712000       0.569933            551         0.9975         4557.8          0.661
        2713000       0.570170            551         0.9975         4559.3          0.539
        2714000       0.570387            551         0.9975         4560.9          0.549
        2715000       0.570683            552         0.9975         4562.5          0.548
        2716000       0.570889            552         0.9975         4564.1          0.547
        2717000       0.571129            553         0.9975         4565.7          0.554
        2718000       0.571335            554         0.9975         4567.2          0.533
        2719000       0.571449            554         0.9975         4568.8          0.637
        2720000       0.571556            554         0.9975         4570.4          0.606
        2721000       0.571719            556         0.9975         4572.0          0.628
        2722000       0.571949            556         0.9975         4573.6          0.589
        2723000       0.572109            557         0.9975         4575.1          0.567
        2724000       0.572289            557         0.9975         4576.7          0.659
        2725000       0.572434            557         0.9975         4578.3          0.610
        2726000       0.572697            557         0.9975         4579.9          0.632
        2727000       0.572910            557         0.9975         4581.5          0.612
        2728000       0.573148            557         0.9975         4583.0          0.784
        2729000       0.573336            557         0.9975         4584.6          0.675
        2730000       0.573554            557         0.9975         4586.2          0.678
        2731000       0.573728            557         0.9975         4587.8          0.644
        2732000       0.573873            557         0.9975         4589.4          0.641
        2733000       0.574065            558         0.9975         4591.0          0.629
        2734000       0.574325            558         0.9975         4592.5          0.677
        2735000       0.574516            558         0.9975         4594.1          0.538
        2736000       0.574724            559         0.9975         4595.7          0.571
        2737000       0.574907            559         0.9975         4597.2          0.503
        2738000       0.575099            560         0.9975         4598.8          0.552
        2739000       0.575317            561         0.9975         4600.4          0.642
        2740000       0.575497            561         0.9975         4602.0          0.625
        2741000       0.575717            561         0.9975         4603.5          0.626
        2742000       0.575924            561         0.9975         4605.1          0.555
        2743000       0.576177            561         0.9975         4606.7          0.532
        2744000       0.576454            561         0.9975         4608.2          0.552
        2745000       0.576640            561         0.9975         4609.8          0.519
        2746000       0.576878            562         0.9975         4611.4          0.543
        2747000       0.577072            562         0.9975         4612.9          0.617
        2748000       0.577349            562         0.9975         4614.5          0.562
        2749000       0.577565            562         0.9975         4616.1          0.552
        2750000       0.577757            563         0.9975         4617.6          0.669
        2751000       0.578002            563         0.9975         4619.2          0.693
        2752000       0.578266            563         0.9975         4620.8          0.710
        2753000       0.578518            563         0.9975         4622.3          0.715
        2754000       0.578683            563         0.9975         4623.9          0.635
        2755000       0.578821            563         0.9975         4625.5          0.635
        2756000       0.579104            563         0.9975         4627.0          0.623
        2757000       0.579316            563         0.9975         4628.6          0.625
        2758000       0.579476            563         0.9975         4630.1          0.650
        2759000       0.579681            563         0.9975         4631.7          0.645
        2760000       0.579935            563         0.9975         4633.3          0.544
        2761000       0.580147            563         0.9975         4634.9          0.539
        2762000       0.580315            563         0.9975         4636.4          0.545
        2763000       0.580504            563         0.9975         4638.0          0.494
        2764000       0.580735            563         0.9975         4639.6          0.503
        2765000       0.580918            563         0.9975         4641.1          0.491
        2766000       0.581099            564         0.9975         4642.7          0.533
        2767000       0.581275            564         0.9975         4644.3          0.543
        2768000       0.581464            564         0.9975         4645.8          0.523
        2769000       0.581653            564         0.9975         4647.4          0.497
        2770000       0.581874            564         0.9975         4648.9          0.532
        2771000       0.582035            564         0.9975         4650.5          0.556
        2772000       0.582246            564         0.9975         4652.1          0.560
        2773000       0.582450            564         0.9975         4653.7          0.519
        2774000       0.582673            564         0.9975         4655.3          0.491
        2775000       0.582881            564         0.9975         4656.8          0.557
        2776000       0.583089            564         0.9975         4658.4          0.494
        2777000       0.583301            564         0.9975         4660.0          0.494
        2778000       0.583508            564         0.9975         4661.5          0.499
        2779000       0.583728            564         0.9975         4663.1          0.618
        2780000       0.583883            564         0.9975         4664.7          0.641
        2781000       0.584083            564         0.9975         4666.2          0.588
        2782000       0.584336            566         0.9975         4667.8          0.544
        2783000       0.584543            566         0.9975         4669.3          0.614
        2784000       0.584752            566         0.9975         4670.9          0.618
        2785000       0.584955            566         0.9975         4672.5          0.629
        2786000       0.585134            566         0.9975         4674.1          0.642
        2787000       0.585391            566         0.9975         4675.6          0.628
        2788000       0.585621            567         0.9975         4677.2          0.655
        2789000       0.585828            568         0.9975         4678.7          0.658
        2790000       0.586012            568         0.9975         4680.3          0.640
        2791000       0.586244            568         0.9975         4681.8          0.640
        2792000       0.586429            569         0.9975         4683.4          0.647
        2793000       0.586592            569         0.9975         4684.9          0.641
        2794000       0.586796            569         0.9975         4686.5          0.548
        2795000       0.586960            569         0.9975         4688.0          0.562
        2796000       0.587137            569         0.9975         4689.6          0.694
        2797000       0.587307            569         0.9975         4691.2          0.668
        2798000       0.587520            569         0.9975         4692.7          0.608
        2799000       0.587756            569         0.9975         4694.3          0.632
        2800000       0.588016            569         0.9975         4695.8          0.635
        2801000       0.588196            569         0.9975         4697.4          0.646
        2802000       0.588454            570         0.9975         4698.9          0.635
        2803000       0.588663            570         0.9975         4700.5          0.659
        2804000       0.588898            570         0.9975         4702.0          0.664
        2805000       0.589100            570         0.9975         4703.6          0.699
        2806000       0.589313            571         0.9975         4705.2          0.665
        2807000       0.589503            571         0.9975         4706.8          0.645
        2808000       0.589669            571         0.9975         4708.3          0.548
        2809000       0.589871            571         0.9975         4709.9          0.518
        2810000       0.590145            571         0.9975         4711.5          0.583
        2811000       0.590327            571         0.9975         4713.0          0.567
        2812000       0.590526            571         0.9975         4714.6          0.675
        2813000       0.590703            571         0.9975         4716.2          0.691
        2814000       0.590924            571         0.9975         4717.7          0.692
        2815000       0.591108            571         0.9975         4719.3          0.700
        2816000       0.591279            571         0.9975         4720.8          0.666
        2817000       0.591488            571         0.9975         4722.4          0.668
        2818000       0.591719            571         0.9975         4723.9          0.733
        2819000       0.591944            571         0.9975         4725.5          0.674
        2820000       0.592141            571         0.9975         4727.0          0.607
        2821000       0.592308            571         0.9975         4728.6          0.621
        2822000       0.592586            571         0.9974         4730.2          0.704
        2823000       0.592806            571         0.9974         4731.8          0.680
        2824000       0.593006            571         0.9974         4733.3          0.684
        2825000       0.593221            571         0.9974         4734.9          0.665
        2826000       0.593414            571         0.9974         4736.5          0.624
        2827000       0.593592            571         0.9974         4738.0          0.665
        2828000       0.593778            571         0.9974         4739.6          0.672
        2829000       0.593968            571         0.9974         4741.2          0.623
        2830000       0.594144            572         0.9974         4742.7          0.634
        2831000       0.594331            572         0.9974         4744.3          0.569
        2832000       0.594538            573         0.9974         4745.9          0.519
        2833000       0.594715            573         0.9974         4747.4          0.523
        2834000       0.594927            574         0.9974         4749.0          0.484
        2835000       0.595144            574         0.9974         4750.5          0.483
        2836000       0.595385            574         0.9974         4752.1          0.542
        2837000       0.595634            575         0.9974         4753.6          0.613
        2838000       0.595865            575         0.9974         4755.2          0.601
        2839000       0.596079            575         0.9974         4756.8          0.597
        2840000       0.596279            575         0.9974         4758.4          0.562
        2841000       0.596507            575         0.9974         4759.9          0.629
        2842000       0.596713            575         0.9974         4761.5          0.649
        2843000       0.596887            575         0.9974         4763.0          0.550
        2844000       0.597077            576         0.9974         4764.6          0.633
        2845000       0.597235            576         0.9974         4766.1          0.555
        2846000       0.597439            576         0.9974         4767.7          0.599
        2847000       0.597659            576         0.9974         4769.2          0.629
        2848000       0.597875            576         0.9974         4770.8          0.630
        2849000       0.598095            576         0.9974         4772.3          0.572
        2850000       0.598310            576         0.9974         4773.9          0.598
        2851000       0.598496            577         0.9974         4775.6          0.670
        2852000       0.598686            577         0.9974         4777.1          0.599
        2853000       0.598870            577         0.9974         4778.7          0.612
        2854000       0.599037            577         0.9974         4780.3          0.612
        2855000       0.599232            577         0.9974         4781.8          0.618
        2856000       0.599425            577         0.9974         4783.4          0.568
        2857000       0.599601            577         0.9974         4785.0          0.682
        2858000       0.599802            577         0.9974         4786.5          0.647
        2859000       0.599967            577         0.9974         4788.1          0.628
        2860000       0.600171            578         0.9974         4789.6          0.545
        2861000       0.600396            578         0.9974         4791.2          0.572
        2862000       0.600593            578         0.9974         4792.7          0.648
        2863000       0.600794            578         0.9974         4794.3          0.650
        2864000       0.601014            578         0.9974         4795.8          0.605
        2865000       0.601162            578         0.9974         4797.4          0.586
        2866000       0.601392            578         0.9974         4798.9          0.614
        2867000       0.601531            578         0.9974         4800.5          0.599
        2868000       0.601744            578         0.9974         4802.0          0.608
        2869000       0.601920            580         0.9974         4803.6          0.586
        2870000       0.602153            580         0.9974         4805.2          0.544
        2871000       0.602344            580         0.9974         4806.7          0.584
        2872000       0.602524            580         0.9974         4808.2          0.533
        2873000       0.602703            581         0.9974         4809.8          0.589
        2874000       0.602887            581         0.9974         4811.3          0.578
        2875000       0.603044            581         0.9974         4812.9          0.587
        2876000       0.603255            582         0.9974         4814.4          0.563
        2877000       0.603478            582         0.9974         4816.0          0.562
        2878000       0.603605            582         0.9974         4817.6          0.587
        2879000       0.603793            582         0.9974         4819.1          0.591
        2880000       0.604001            582         0.9974         4820.7          0.548
        2881000       0.604191            582         0.9974         4822.2          0.584
        2882000       0.604436            582         0.9974         4823.8          0.663
        2883000       0.604628            582         0.9974         4825.3          0.619
        2884000       0.604800            583         0.9974         4826.9          0.619
        2885000       0.605059            583         0.9974         4828.4          0.649
        2886000       0.605235            583         0.9974         4829.9          0.599
        2887000       0.605395            584         0.9974         4831.5          0.583
        2888000       0.605575            585         0.9974         4833.0          0.647
        2889000       0.605795            585         0.9974         4834.6          0.689
        2890000       0.606027            585         0.9974         4836.1          0.579
        2891000       0.606253            586         0.9974         4837.6          0.643
        2892000       0.606464            586         0.9974         4839.2          0.651
        2893000       0.606700            586         0.9974         4840.7          0.694
        2894000       0.606910            587         0.9974         4842.2          0.752
        2895000       0.607073            587         0.9974         4843.8          0.616
        2896000       0.607250            587         0.9974         4845.3          0.624
        2897000       0.607528            587         0.9974         4846.9          0.721
        2898000       0.607741            588         0.9974         4848.4          0.781
        2899000       0.607966            589         0.9974         4849.9          0.765
        2900000       0.608177            589         0.9974         4851.5          0.675
        2901000       0.608338            589         0.9974         4853.0          0.617
        2902000       0.608565            589         0.9974         4854.6          0.619
        2903000       0.608738            589         0.9974         4856.1          0.603
        2904000       0.608943            589         0.9974         4857.7          0.578
        2905000       0.609166            590         0.9974         4859.2          0.577
        2906000       0.609327            591         0.9974         4860.8          0.528
        2907000       0.609545            591         0.9974         4862.3          0.515
        2908000       0.609727            592         0.9974         4863.9          0.567
        2909000       0.609919            592         0.9974         4865.4          0.590
        2910000       0.610135            592         0.9974         4867.0          0.566
        2911000       0.610280            592         0.9974         4868.5          0.573
        2912000       0.610510            592         0.9974         4870.1          0.580
        2913000       0.610653            592         0.9974         4871.7          0.570
        2914000       0.610866            592         0.9974         4873.2          0.619
        2915000       0.611041            592         0.9974         4874.8          0.592
        2916000       0.611204            592         0.9974         4876.3          0.611
        2917000       0.611352            592         0.9974         4877.9          0.668
        2918000       0.611597            592         0.9974         4879.5          0.679
        2919000       0.611780            592         0.9974         4881.1          0.630
        2920000       0.611941            592         0.9974         4882.6          0.738
        2921000       0.612093            592         0.9974         4884.1          0.770
        2922000       0.612249            592         0.9974         4885.7          0.693
        2923000       0.612424            592         0.9974         4887.2          0.641
        2924000       0.612597            592         0.9974         4888.8          0.608
        2925000       0.612815            592         0.9974         4890.4          0.574
        2926000       0.612989            592         0.9974         4891.9          0.611
        2927000       0.613187            592         0.9974         4893.5          0.591
        2928000       0.613366            592         0.9974         4895.0          0.522
        2929000       0.613637            593         0.9974         4896.6          0.528
        2930000       0.613782            593         0.9974         4898.1          0.558
        2931000       0.614023            596         0.9974         4899.7          0.550
        2932000       0.614203            597         0.9974         4901.3          0.619
        2933000       0.614380            598         0.9974         4902.9          0.538
        2934000       0.614612            599         0.9974         4904.4          0.549
        2935000       0.614821            599         0.9974         4906.0          0.503
        2936000       0.615111            600         0.9974         4907.5          0.580
        2937000       0.615303            600         0.9974         4909.1          0.570
        2938000       0.615483            600         0.9974         4910.6          0.507
        2939000       0.615623            600         0.9974         4912.3          0.555
        2940000       0.615770            600         0.9974         4913.8          0.511
        2941000       0.615968            600         0.9974         4915.4          0.467
        2942000       0.616206            600         0.9974         4916.9          0.506
        2943000       0.616408            601         0.9974         4918.4          0.568
        2944000       0.616586            601         0.9974         4920.0          0.580
        2945000       0.616805            601         0.9974         4921.6          0.523
        2946000       0.617035            601         0.9974         4923.1          0.545
        2947000       0.617223            603         0.9974         4924.7          0.592
        2948000       0.617444            604         0.9974         4926.3          0.543
        2949000       0.617640            604         0.9974         4927.8          0.511
        2950000       0.617845            604         0.9974         4929.4          0.605
        2951000       0.618073            605         0.9974         4930.9          0.576
        2952000       0.618256            605         0.9974         4932.5          0.522
        2953000       0.618476            605         0.9974         4934.0          0.517
        2954000       0.618655            605         0.9974         4935.6          0.534
        2955000       0.618822            605         0.9974         4937.1          0.485
        2956000       0.619035            607         0.9974         4938.7          0.482
        2957000       0.619227            607         0.9974         4940.3          0.551
        2958000       0.619401            608         0.9974         4941.8          0.575
        2959000       0.619632            608         0.9974         4943.4          0.677
        2960000       0.619794            609         0.9974         4944.9          0.678
        2961000       0.619951            609         0.9974         4946.5          0.566
        2962000       0.620156            609         0.9974         4948.1          0.577
        2963000       0.620390            609         0.9974         4949.7          0.569
        2964000       0.620573            610         0.9974         4951.2          0.616
        2965000       0.620817            610         0.9974         4952.8          0.631
        2966000       0.621003            610         0.9974         4954.3          0.586
        2967000       0.621169            610         0.9974         4955.9          0.618
        2968000       0.621361            610         0.9974         4957.4          0.658
        2969000       0.621581            610         0.9974         4959.0          0.607
        2970000       0.621802            610         0.9974         4960.6          0.616
        2971000       0.622054            610         0.9974         4962.2          0.628
        2972000       0.622289            611         0.9974         4963.7          0.646
        2973000       0.622472            612         0.9974         4965.3          0.649
        2974000       0.622654            612         0.9974         4966.8          0.634
        2975000       0.622845            612         0.9974         4968.4          0.594
        2976000       0.622972            612         0.9974         4969.9          0.570
        2977000       0.623177            612         0.9974         4971.4          0.611
        2978000       0.623352            612         0.9974         4973.0          0.639
        2979000       0.623549            612         0.9974         4974.5          0.657
        2980000       0.623760            612         0.9974         4976.1          0.652
        2981000       0.623972            613         0.9974         4977.6          0.602
        2982000       0.624206            615         0.9974         4979.1          0.616
        2983000       0.624431            615         0.9974         4980.7          0.635
        2984000       0.624662            615         0.9974         4982.2          0.665
        2985000       0.624873            615         0.9974         4983.7          0.674
        2986000       0.625050            615         0.9974         4985.2          0.614
        2987000       0.625247            615         0.9974         4986.8          0.680
        2988000       0.625482            616         0.9974         4988.3          0.676
        2989000       0.625676            616         0.9974         4989.8          0.711
        2990000       0.625838            616         0.9974         4991.3          0.631
        2991000       0.626093            616         0.9974         4992.9          0.701
        2992000       0.626291            616         0.9974         4994.4          0.588
        2993000       0.626477            617         0.9974         4995.9          0.572
        2994000       0.626693            617         0.9974         4997.5          0.638
        2995000       0.626838            617         0.9974         4999.0          0.612
        2996000       0.627050            617         0.9974         5000.5          0.601
        2997000       0.627247            617         0.9974         5002.0          0.657
        2998000       0.627421            617         0.9974         5003.5          0.702
        2999000       0.627602            617         0.9974         5005.1          0.711
        3000000       0.627832            617         0.9974         5006.6          0.709
        3001000       0.628063            617         0.9974         5008.1          0.678
        3002000       0.628227            617         0.9974         5009.6          0.667
        3003000       0.628452            617         0.9974         5011.1          0.632
        3004000       0.628634            617         0.9974         5012.7          0.673
        3005000       0.628826            618         0.9974         5014.2          0.595
        3006000       0.629012            618         0.9974         5015.7          0.619
        3007000       0.629218            618         0.9974         5017.3          0.708
        3008000       0.629480            618         0.9974         5018.8          0.623
        3009000       0.629740            618         0.9974         5020.4          0.594
        3010000       0.629970            618         0.9974         5021.9          0.591
        3011000       0.630149            618         0.9974         5023.4          0.565
        3012000       0.630357            618         0.9974         5025.0          0.587
        3013000       0.630611            618         0.9974         5026.5          0.607
        3014000       0.630808            618         0.9974         5028.1          0.613
        3015000       0.630945            618         0.9974         5029.6          0.608
        3016000       0.631119            618         0.9974         5031.2          0.585
        3017000       0.631333            618         0.9974         5032.7          0.566
        3018000       0.631571            618         0.9974         5034.2          0.648
        3019000       0.631760            619         0.9974         5035.8          0.619
        3020000       0.631963            620         0.9974         5037.3          0.522
        3021000       0.632147            621         0.9974         5038.9          0.576
        3022000       0.632366            621         0.9974         5040.4          0.615
        3023000       0.632521            621         0.9974         5041.9          0.639
        3024000       0.632742            621         0.9974         5043.5          0.625
        3025000       0.632901            621         0.9974         5045.0          0.555
        3026000       0.633120            621         0.9974         5046.6          0.632
        3027000       0.633244            621         0.9974         5048.1          0.560
        3028000       0.633412            621         0.9974         5049.6          0.527
        3029000       0.633605            621         0.9974         5051.1          0.595
        3030000       0.633792            621         0.9974         5053.3          0.601
        3031000       0.634027            623         0.9974         5054.9          0.603
        3032000       0.634242            623         0.9974         5056.4          0.583
        3033000       0.634445            624         0.9974         5058.0          0.647
        3034000       0.634644            624         0.9974         5059.5          0.702
        3035000       0.634851            624         0.9974         5061.1          0.603
        3036000       0.635052            624         0.9974         5062.6          0.603
        3037000       0.635265            624         0.9974         5064.2          0.602
        3038000       0.635460            624         0.9974         5065.7          0.615
        3039000       0.635663            624         0.9974         5067.3          0.646
        3040000       0.635807            624         0.9974         5068.8          0.712
        3041000       0.636000            625         0.9974         5070.4          0.642
        3042000       0.636197            626         0.9974         5071.9          0.568
        3043000       0.636412            626         0.9974         5073.5          0.709
        3044000       0.636623            627         0.9974         5075.0          0.566
        3045000       0.636822            627         0.9974         5076.6          0.615
        3046000       0.637025            627         0.9974         5078.1          0.771
        3047000       0.637217            627         0.9974         5079.7          0.675
        3048000       0.637415            627         0.9974         5081.2          0.616
        3049000       0.637659            627         0.9974         5082.8          0.607
        3050000       0.637820            627         0.9974         5084.3          0.620
        3051000       0.638032            628         0.9974         5085.9          0.677
        3052000       0.638247            628         0.9974         5087.5          0.656
        3053000       0.638414            628         0.9973         5089.0          0.641
        3054000       0.638651            628         0.9973         5090.6          0.662
        3055000       0.638841            630         0.9973         5092.2          0.720
        3056000       0.639073            630         0.9973         5093.7          0.616
        3057000       0.639246            630         0.9973         5095.3          0.704
        3058000       0.639459            630         0.9973         5096.8          0.711
        3059000       0.639615            630         0.9973         5098.4          0.665
        3060000       0.639850            630         0.9973         5100.0          0.584
        3061000       0.640033            630         0.9973         5101.5          0.649
        3062000       0.640204            630         0.9973         5103.1          0.593
        3063000       0.640499            631         0.9973         5104.6          0.639
        3064000       0.640725            632         0.9973         5106.2          0.575
        3065000       0.640887            632         0.9973         5107.8          0.516
        3066000       0.641108            632         0.9973         5109.3          0.589
        3067000       0.641334            632         0.9973         5110.9          0.594
        3068000       0.641558            632         0.9973         5112.5          0.610
        3069000       0.641763            633         0.9973         5114.0          0.634
        3070000       0.641939            633         0.9973         5115.6          0.679
        3071000       0.642129            634         0.9973         5117.2          0.570
        3072000       0.642303            634         0.9973         5118.8          0.612
        3073000       0.642487            636         0.9973         5120.4          0.577
        3074000       0.642715            637         0.9973         5121.9          0.590
        3075000       0.642902            637         0.9973         5123.5          0.667
        3076000       0.643109            638         0.9973         5125.1          0.624
        3077000       0.643284            638         0.9973         5126.7          0.665
        3078000       0.643501            638         0.9973         5128.2          0.652
        3079000       0.643730            638         0.9973         5129.8          0.575
        3080000       0.643940            638         0.9973         5131.4          0.560
        3081000       0.644118            638         0.9973         5133.0          0.593
        3082000       0.644333            638         0.9973         5134.6          0.558
        3083000       0.644523            638         0.9973         5136.1          0.517
        3084000       0.644704            638         0.9973         5137.7          0.543
        3085000       0.644940            638         0.9973         5139.4          0.596
        3086000       0.645144            638         0.9973         5141.0          0.531
        3087000       0.645325            639         0.9973         5142.6          0.588
        3088000       0.645505            639         0.9973         5144.3          0.575
        3089000       0.645705            639         0.9973         5145.9          0.470
        3090000       0.645920            640         0.9973         5147.5          0.476
        3091000       0.646126            641         0.9973         5149.1          0.503
        3092000       0.646338            641         0.9973         5150.7          0.546
        3093000       0.646553            641         0.9973         5152.3          0.545
        3094000       0.646760            641         0.9973         5153.9          0.505
        3095000       0.646961            641         0.9973         5155.5          0.629
        3096000       0.647171            641         0.9973         5157.1          0.506
        3097000       0.647405            641         0.9973         5158.7          0.567
        3098000       0.647572            641         0.9973         5160.3          0.563
        3099000       0.647780            641         0.9973         5161.9          0.491
        3100000       0.647957            641         0.9973         5163.6          0.533
        3101000       0.648204            641         0.9973         5165.2          0.526
        3102000       0.648363            641         0.9973         5166.8          0.565
        3103000       0.648623            641         0.9973         5168.4          0.586
        3104000       0.648849            641         0.9973         5170.0          0.594
        3105000       0.649035            641         0.9973         5171.6          0.519
        3106000       0.649233            641         0.9973         5173.3          0.538
        3107000       0.649400            642         0.9973         5174.8          0.545
        3108000       0.649554            642         0.9973         5176.5          0.537
        3109000       0.649728            643         0.9973         5178.1          0.586
        3110000       0.649878            643         0.9973         5179.7          0.570
        3111000       0.650071            643         0.9973         5181.3          0.507
        3112000       0.650223            643         0.9973         5182.9          0.536
        3113000       0.650453            643         0.9973         5184.5          0.576
        3114000       0.650626            643         0.9973         5186.1          0.591
        3115000       0.650853            643         0.9973         5187.7          0.569
        3116000       0.651052            643         0.9973         5189.3          0.549
        3117000       0.651241            644         0.9973         5190.9          0.579
        3118000       0.651427            644         0.9973         5192.5          0.573
        3119000       0.651582            644         0.9973         5194.1          0.597
        3120000       0.651817            644         0.9973         5195.7          0.680
        3121000       0.652012            644         0.9973         5197.3          0.613
        3122000       0.652200            644         0.9973         5198.9          0.589
        3123000       0.652404            644         0.9973         5200.4          0.618
        3124000       0.652595            644         0.9973         5202.0          0.549
        3125000       0.652804            644         0.9973         5203.6          0.564
        3126000       0.652929            644         0.9973         5205.2          0.635
        3127000       0.653115            644         0.9973         5206.8          0.554
        3128000       0.653252            644         0.9973         5208.3          0.635
        3129000       0.653502            644         0.9973         5209.9          0.553
        3130000       0.653717            644         0.9973         5211.5          0.599
        3131000       0.653943            644         0.9973         5213.1          0.608
        3132000       0.654097            644         0.9973         5214.7          0.625
        3133000       0.654313            645         0.9973         5216.3          0.636
        3134000       0.654522            645         0.9973         5217.9          0.610
        3135000       0.654738            645         0.9973         5219.4          0.633
        3136000       0.654991            645         0.9973         5221.0          0.662
        3137000       0.655200            645         0.9973         5222.6          0.623
        3138000       0.655426            645         0.9973         5224.2          0.626
        3139000       0.655597            645         0.9973         5225.9          0.601
        3140000       0.655815            645         0.9973         5227.5          0.620
        3141000       0.656008            645         0.9973         5229.0          0.694
        3142000       0.656176            646         0.9973         5230.7          0.697
        3143000       0.656356            646         0.9973         5232.3          0.694
        3144000       0.656580            647         0.9973         5233.9          0.732
        3145000       0.656786            647         0.9973         5235.5          0.659
        3146000       0.656950            647         0.9973         5237.1          0.634
        3147000       0.657185            647         0.9973         5238.6          0.686
        3148000       0.657394            647         0.9973         5240.2          0.734
        3149000       0.657628            647         0.9973         5241.8          0.661
        3150000       0.657787            647         0.9973         5243.4          0.678
        3151000       0.657929            648         0.9973         5244.9          0.659
        3152000       0.658138            649         0.9973         5246.5          0.676
        3153000       0.658350            649         0.9973         5248.1          0.680
        3154000       0.658549            649         0.9973         5249.7          0.623
        3155000       0.658753            649         0.9973         5251.3          0.716
        3156000       0.658967            649         0.9973         5252.9          0.633
        3157000       0.659109            649         0.9973         5254.5          0.640
        3158000       0.659299            649         0.9973         5256.0          0.624
        3159000       0.659498            649         0.9973         5257.6          0.646
        3160000       0.659755            650         0.9973         5259.2          0.652
        3161000       0.659949            650         0.9973         5260.8          0.640
        3162000       0.660147            651         0.9973         5262.4          0.640
        3163000       0.660322            651         0.9973         5264.0          0.689
        3164000       0.660509            651         0.9973         5265.5          0.683
        3165000       0.660689            653         0.9973         5267.1          0.781
        3166000       0.660905            654         0.9973         5268.7          0.785
        3167000       0.661147            654         0.9973         5270.3          0.751
        3168000       0.661312            654         0.9973         5271.8          0.705
        3169000       0.661474            654         0.9973         5273.4          0.768
        3170000       0.661709            654         0.9973         5275.0          0.769
        3171000       0.661884            654         0.9973         5276.5          0.747
        3172000       0.662077            654         0.9973         5278.1          0.674
        3173000       0.662289            654         0.9973         5279.7          0.721
        3174000       0.662475            654         0.9973         5281.3          0.723
        3175000       0.662660            654         0.9973         5282.8          0.725
        3176000       0.662841            654         0.9973         5284.4          0.644
        3177000       0.663024            654         0.9973         5285.9          0.700
        3178000       0.663149            654         0.9973         5287.5          0.585
        3179000       0.663357            655         0.9973         5289.0          0.621
        3180000       0.663537            656         0.9973         5290.6          0.675
        3181000       0.663790            656         0.9973         5292.2          0.666
        3182000       0.663998            656         0.9973         5293.7          0.645
        3183000       0.664210            656         0.9973         5295.3          0.632
        3184000       0.664387            657         0.9973         5296.8          0.644
        3185000       0.664614            657         0.9973         5298.4          0.613
        3186000       0.664837            658         0.9973         5300.0          0.651
        3187000       0.665048            658         0.9973         5301.6          0.664
        3188000       0.665234            658         0.9973         5303.1          0.685
        3189000       0.665413            658         0.9973         5304.7          0.700
        3190000       0.665630            658         0.9973         5306.2          0.665
        3191000       0.665854            658         0.9973         5307.8          0.636
        3192000       0.666033            658         0.9973         5309.4          0.602
        3193000       0.666211            658         0.9973         5311.0          0.567
        3194000       0.666413            658         0.9973         5312.6          0.546
        3195000       0.666603            658         0.9973         5314.2          0.546
        3196000       0.666784            658         0.9973         5315.7          0.550
        3197000       0.666956            658         0.9973         5317.3          0.536
        3198000       0.667149            659         0.9973         5318.9          0.535
        3199000       0.667370            659         0.9972         5320.4          0.564
        3200000       0.667572            659         0.9972         5322.0          0.655
        3201000       0.667791            659         0.9972         5323.6          0.623
        3202000       0.667996            659         0.9972         5325.2          0.604
        3203000       0.668213            659         0.9972         5326.7          0.647
        3204000       0.668443            659         0.9972         5328.3          0.548
        3205000       0.668642            659         0.9972         5329.9          0.578
        3206000       0.668825            659         0.9972         5331.5          0.574
        3207000       0.669022            660         0.9972         5333.1          0.515
        3208000       0.669239            660         0.9972         5334.6          0.503
        3209000       0.669376            660         0.9972         5336.2          0.555
        3210000       0.669527            660         0.9972         5337.8          0.578
        3211000       0.669757            660         0.9972         5339.4          0.575
        3212000       0.669957            660         0.9972         5341.0          0.557
        3213000       0.670158            661         0.9972         5342.5          0.546
        3214000       0.670375            661         0.9972         5344.1          0.555
        3215000       0.670569            661         0.9972         5345.7          0.621
        3216000       0.670854            661         0.9972         5347.3          0.484
        3217000       0.671071            661         0.9972         5348.9          0.478
        3218000       0.671277            661         0.9972         5350.4          0.561
        3219000       0.671508            661         0.9972         5352.0          0.509
        3220000       0.671744            662         0.9972         5353.6          0.561
        3221000       0.671957            663         0.9972         5355.1          0.566
        3222000       0.672204            663         0.9972         5356.7          0.514
        3223000       0.672390            664         0.9972         5358.3          0.516
        3224000       0.672579            664         0.9972         5359.8          0.467
        3225000       0.672755            664         0.9972         5361.3          0.491
        3226000       0.672987            664         0.9972         5362.9          0.548
        3227000       0.673181            664         0.9972         5364.5          0.449
        3228000       0.673325            664         0.9972         5366.0          0.468
        3229000       0.673560            665         0.9972         5367.6          0.558
        3230000       0.673791            666         0.9972         5369.2          0.521
        3231000       0.674005            667         0.9972         5370.7          0.519
        3232000       0.674222            667         0.9972         5372.3          0.553
        3233000       0.674389            667         0.9972         5373.8          0.455
        3234000       0.674565            667         0.9972         5375.4          0.499
        3235000       0.674754            667         0.9972         5377.0          0.551
        3236000       0.674926            667         0.9972         5378.5          0.552
        3237000       0.675116            668         0.9972         5380.1          0.557
        3238000       0.675289            668         0.9972         5381.7          0.553
        3239000       0.675497            668         0.9972         5383.2          0.522
        3240000       0.675709            668         0.9972         5384.8          0.517
        3241000       0.675930            668         0.9972         5386.3          0.534
        3242000       0.676130            669         0.9972         5387.9          0.531
        3243000       0.676292            669         0.9972         5389.5          0.546
        3244000       0.676510            670         0.9972         5391.0          0.580
        3245000       0.676712            670         0.9972         5392.6          0.594
        3246000       0.676866            670         0.9972         5394.1          0.562
        3247000       0.677047            670         0.9972         5395.7          0.559
        3248000       0.677194            670         0.9972         5397.3          0.560
        3249000       0.677426            670         0.9972         5398.9          0.560
        3250000       0.677624            671         0.9972         5400.4          0.568
        3251000       0.677788            671         0.9972         5402.0          0.531
        3252000       0.677996            671         0.9972         5403.6          0.552
        3253000       0.678214            671         0.9972         5405.2          0.553
        3254000       0.678411            671         0.9972         5406.7          0.512
        3255000       0.678585            671         0.9972         5408.3          0.525
        3256000       0.678815            671         0.9972         5409.9          0.583
        3257000       0.678984            672         0.9972         5411.5          0.497
        3258000       0.679208            672         0.9972         5413.0          0.497
        3259000       0.679392            672         0.9972         5414.6          0.613
        3260000       0.679583            672         0.9972         5416.2          0.528
        3261000       0.679724            672         0.9972         5417.7          0.529
        3262000       0.679924            672         0.9972         5419.3          0.525
        3263000       0.680092            672         0.9972         5420.9          0.474
        3264000       0.680304            672         0.9972         5422.4          0.535
        3265000       0.680501            672         0.9972         5424.0          0.490
        3266000       0.680696            673         0.9972         5425.6          0.553
        3267000       0.680931            673         0.9972         5427.2          0.519
        3268000       0.681099            673         0.9972         5428.7          0.514
        3269000       0.681313            674         0.9972         5430.3          0.511
        3270000       0.681458            674         0.9972         5431.9          0.530
        3271000       0.681668            674         0.9972         5433.5          0.454
        3272000       0.681891            674         0.9972         5435.0          0.539
        3273000       0.682113            674         0.9972         5436.6          0.466
        3274000       0.682312            674         0.9972         5438.2          0.442
        3275000       0.682506            674         0.9972         5439.8          0.468
        3276000       0.682660            674         0.9972         5441.5          0.445
        3277000       0.682822            674         0.9972         5443.1          0.456
        3278000       0.683025            674         0.9972         5444.7          0.485
        3279000       0.683173            675         0.9972         5446.3          0.474
        3280000       0.683415            675         0.9972         5447.9          0.440
        3281000       0.683598            675         0.9972         5449.6          0.452
        3282000       0.683798            675         0.9972         5451.2          0.584
        3283000       0.684017            675         0.9972         5452.9          0.477
        3284000       0.684197            675         0.9972         5454.5          0.442
        3285000       0.684333            675         0.9972         5456.1          0.482
        3286000       0.684506            675         0.9972         5457.8          0.484
        3287000       0.684671            675         0.9972         5459.5          0.479
        3288000       0.684843            675         0.9972         5461.1          0.535
        3289000       0.685018            678         0.9972         5462.7          0.479
        3290000       0.685202            678         0.9972         5464.4          0.415
        3291000       0.685365            678         0.9972         5466.0          0.476
        3292000       0.685603            678         0.9972         5467.6          0.477
        3293000       0.685788            678         0.9972         5469.2          0.506
        3294000       0.685976            678         0.9972         5470.8          0.634
        3295000       0.686180            678         0.9972         5472.4          0.634
        3296000       0.686421            678         0.9972         5474.0          0.627
        3297000       0.686623            678         0.9972         5475.7          0.616
        3298000       0.686835            679         0.9972         5477.3          0.615
        3299000       0.687027            679         0.9972         5478.9          0.553
        3300000       0.687257            679         0.9972         5480.5          0.559
        3301000       0.687462            680         0.9972         5482.1          0.523
        3302000       0.687651            680         0.9972         5483.7          0.508
        3303000       0.687829            681         0.9972         5485.3          0.501
        3304000       0.688025            681         0.9972         5486.9          0.492
        3305000       0.688224            681         0.9972         5488.5          0.541
        3306000       0.688434            681         0.9972         5490.1          0.508
        3307000       0.688606            682         0.9972         5491.7          0.592
        3308000       0.688786            683         0.9972         5493.3          0.515
        3309000       0.688963            684         0.9972         5494.9          0.519
        3310000       0.689177            684         0.9972         5496.5          0.503
        3311000       0.689380            684         0.9972         5498.0          0.573
        3312000       0.689558            684         0.9972         5499.6          0.560
        3313000       0.689749            684         0.9972         5501.2          0.605
        3314000       0.690028            684         0.9972         5502.8          0.527
        3315000       0.690268            685         0.9972         5504.3          0.651
        3316000       0.690475            685         0.9972         5505.9          0.662
        3317000       0.690737            685         0.9972         5507.5          0.638
        3318000       0.690898            685         0.9972         5509.0          0.617
        3319000       0.691097            687         0.9972         5510.6          0.570
        3320000       0.691221            687         0.9972         5512.2          0.610
        3321000       0.691430            687         0.9972         5513.7          0.664
        3322000       0.691577            687         0.9972         5515.3          0.546
        3323000       0.691765            688         0.9972         5516.8          0.630
        3324000       0.691982            688         0.9972         5518.4          0.654
        3325000       0.692159            689         0.9972         5519.9          0.601
        3326000       0.692346            689         0.9972         5521.5          0.575
        3327000       0.692515            689         0.9972         5523.1          0.582
        3328000       0.692733            689         0.9972         5524.7          0.578
        3329000       0.692918            690         0.9972         5526.2          0.566
        3330000       0.693087            690         0.9972         5527.8          0.523
        3331000       0.693263            690         0.9972         5529.4          0.556
        3332000       0.693492            691         0.9972         5531.0          0.514
        3333000       0.693632            691         0.9972         5532.6          0.618
        3334000       0.693806            691         0.9972         5534.1          0.540
        3335000       0.693979            691         0.9972         5535.7          0.611
        3336000       0.694217            692         0.9972         5537.3          0.558
        3337000       0.694441            692         0.9972         5538.9          0.593
        3338000       0.694676            693         0.9972         5540.4          0.641
        3339000       0.694923            693         0.9972         5542.0          0.616
        3340000       0.695121            693         0.9972         5543.6          0.523
        3341000       0.695272            693         0.9972         5545.2          0.531
        3342000       0.695449            693         0.9972         5546.8          0.655
        3343000       0.695689            693         0.9972         5548.3          0.610
        3344000       0.695885            694         0.9972         5549.9          0.611
        3345000       0.696019            694         0.9972         5551.4          0.582
        3346000       0.696222            694         0.9972         5553.0          0.677
        3347000       0.696373            694         0.9972         5554.6          0.627
        3348000       0.696528            694         0.9972         5556.2          0.494
        3349000       0.696748            695         0.9972         5557.8          0.704
        3350000       0.696937            695         0.9972         5559.4          0.745
        3351000       0.697092            695         0.9972         5560.9          0.696
        3352000       0.697272            696         0.9972         5562.5          0.699
        3353000       0.697473            696         0.9972         5564.1          0.674
        3354000       0.697621            697         0.9972         5565.7          0.543
        3355000       0.697849            697         0.9972         5567.3          0.567
        3356000       0.698060            697         0.9972         5568.9          0.570
        3357000       0.698278            697         0.9972         5570.5          0.589
        3358000       0.698437            698         0.9972         5572.1          0.567
        3359000       0.698601            698         0.9972         5573.7          0.556
        3360000       0.698850            698         0.9972         5575.3          0.651
        3361000       0.699056            698         0.9972         5576.9          0.607
        3362000       0.699266            700         0.9972         5578.4          0.646
        3363000       0.699531            700         0.9972         5580.0          0.647
        3364000       0.699757            700         0.9972         5581.5          0.639
        3365000       0.699993            701         0.9972         5583.1          0.651
        3366000       0.700214            701         0.9971         5584.6          0.640
        3367000       0.700462            701         0.9971         5586.2          0.642
        3368000       0.700675            701         0.9971         5587.7          0.628
        3369000       0.700853            701         0.9971         5589.3          0.625
        3370000       0.701049            702         0.9971         5590.9          0.715
        3371000       0.701243            703         0.9971         5592.5          0.693
        3372000       0.701411            703         0.9971         5594.1          0.598
        3373000       0.701605            703         0.9971         5595.7          0.614
        3374000       0.701794            703         0.9971         5597.3          0.591
        3375000       0.701989            704         0.9971         5598.9          0.590
        3376000       0.702191            704         0.9971         5600.4          0.593
        3377000       0.702423            705         0.9971         5602.0          0.665
        3378000       0.702587            705         0.9971         5603.5          0.656
        3379000       0.702841            705         0.9971         5605.1          0.642
        3380000       0.703080            705         0.9971         5606.7          0.700
        3381000       0.703279            706         0.9971         5608.2          0.714
        3382000       0.703486            706         0.9971         5609.8          0.755
        3383000       0.703733            707         0.9971         5611.3          0.719
        3384000       0.703908            708         0.9971         5612.9          0.733
        3385000       0.704075            708         0.9971         5614.4          0.702
        3386000       0.704251            708         0.9971         5615.9          0.776
        3387000       0.704428            708         0.9971         5617.5          0.718
        3388000       0.704633            708         0.9971         5619.0          0.747
        3389000       0.704853            708         0.9971         5620.6          0.677
        3390000       0.705046            708         0.9971         5622.1          0.679
        3391000       0.705220            708         0.9971         5623.7          0.663
        3392000       0.705419            708         0.9971         5625.2          0.699
        3393000       0.705624            708         0.9971         5626.7          0.665
        3394000       0.705810            709         0.9971         5628.3          0.617
        3395000       0.706021            709         0.9971         5629.9          0.642
        3396000       0.706208            709         0.9971         5631.4          0.683
        3397000       0.706431            709         0.9971         5633.0          0.557
        3398000       0.706655            709         0.9971         5634.5          0.610
        3399000       0.706897            710         0.9971         5636.1          0.612
        3400000       0.707045            710         0.9971         5637.7          0.659
        3401000       0.707258            710         0.9971         5639.2          0.657
        3402000       0.707456            710         0.9971         5640.8          0.616
        3403000       0.707654            710         0.9971         5642.3          0.749
        3404000       0.707859            710         0.9971         5643.9          0.674
        3405000       0.708089            710         0.9971         5645.5          0.718
        3406000       0.708267            710         0.9971         5647.0          0.664
        3407000       0.708461            710         0.9971         5648.6          0.627
        3408000       0.708663            710         0.9971         5650.1          0.673
        3409000       0.708874            710         0.9971         5651.7          0.654
        3410000       0.709114            710         0.9971         5653.2          0.675
        3411000       0.709316            710         0.9971         5654.8          0.792
        3412000       0.709533            710         0.9971         5656.4          0.728
        3413000       0.709736            710         0.9971         5657.9          0.667
        3414000       0.709943            712         0.9971         5659.5          0.596
        3415000       0.710151            712         0.9971         5661.1          0.715
        3416000       0.710349            715         0.9971         5662.7          0.802
        3417000       0.710532            715         0.9971         5664.2          0.759
        3418000       0.710710            715         0.9971         5665.8          0.628
        3419000       0.710953            716         0.9971         5667.3          0.758
        3420000       0.711179            716         0.9971         5668.9          0.772
        3421000       0.711371            716         0.9971         5670.5          0.722
        3422000       0.711573            717         0.9971         5672.1          0.583
        3423000       0.711774            718         0.9971         5673.6          0.698
        3424000       0.711966            718         0.9971         5675.1          0.579
        3425000       0.712208            718         0.9971         5676.7          0.703
        3426000       0.712430            719         0.9971         5678.3          0.698
        3427000       0.712638            719         0.9971         5679.9          0.834
        3428000       0.712801            719         0.9971         5681.4          0.689
        3429000       0.712964            719         0.9971         5683.0          0.592
        3430000       0.713147            719         0.9971         5684.5          0.593
        3431000       0.713351            719         0.9971         5686.1          0.668
        3432000       0.713548            719         0.9971         5687.6          0.674
        3433000       0.713715            719         0.9971         5689.2          0.675
        3434000       0.713931            719         0.9971         5690.7          0.707
        3435000       0.714110            720         0.9971         5692.3          0.717
        3436000       0.714301            720         0.9971         5693.8          0.706
        3437000       0.714490            721         0.9971         5695.3          0.666
        3438000       0.714673            721         0.9971         5696.8          0.746
        3439000       0.714904            722         0.9971         5698.4          0.713
        3440000       0.715109            722         0.9971         5699.9          0.680
        3441000       0.715310            722         0.9971         5701.4          0.670
        3442000       0.715446            723         0.9971         5702.9          0.677
        3443000       0.715606            723         0.9971         5704.5          0.667
        3444000       0.715796            723         0.9971         5706.0          0.649
        3445000       0.715962            723         0.9971         5707.5          0.665
        3446000       0.716166            723         0.9971         5709.1          0.683
        3447000       0.716364            723         0.9971         5710.6          0.663
        3448000       0.716562            723         0.9971         5712.2          0.661
        3449000       0.716730            723         0.9971         5713.7          0.610
        3450000       0.716951            723         0.9971         5715.3          0.589
        3451000       0.717165            724         0.9971         5716.8          0.559
        3452000       0.717377            724         0.9971         5718.4          0.577
        3453000       0.717554            724         0.9971         5719.9          0.570
        3454000       0.717736            724         0.9971         5721.5          0.566
        3455000       0.717926            725         0.9971         5723.0          0.575
        3456000       0.718152            725         0.9971         5724.6          0.575
        3457000       0.718322            725         0.9971         5726.1          0.577
        3458000       0.718511            725         0.9971         5727.7          0.595
        3459000       0.718678            725         0.9971         5729.2          0.654
        3460000       0.718867            725         0.9971         5730.7          0.565
        3461000       0.719090            725         0.9971         5732.3          0.573
        3462000       0.719343            725         0.9971         5733.8          0.516
        3463000       0.719534            725         0.9971         5735.4          0.650
        3464000       0.719758            726         0.9971         5737.0          0.578
        3465000       0.719929            726         0.9971         5738.5          0.617
        3466000       0.720137            726         0.9971         5740.1          0.562
        3467000       0.720365            726         0.9971         5741.6          0.626
        3468000       0.720592            726         0.9971         5743.2          0.739
        3469000       0.720805            726         0.9971         5744.7          0.649
        3470000       0.720985            726         0.9971         5746.3          0.765
        3471000       0.721180            726         0.9971         5747.8          0.666
        3472000       0.721339            726         0.9971         5749.4          0.779
        3473000       0.721533            726         0.9971         5750.9          0.717
        3474000       0.721665            727         0.9971         5752.5          0.740
        3475000       0.721869            727         0.9971         5754.0          0.701
        3476000       0.722088            727         0.9971         5755.6          0.695
        3477000       0.722294            728         0.9971         5757.1          0.721
        3478000       0.722454            728         0.9971         5758.7          0.684
        3479000       0.722678            728         0.9971         5760.2          0.692
        3480000       0.722837            728         0.9971         5761.7          0.700
        3481000       0.723101            729         0.9971         5763.3          0.593
        3482000       0.723340            729         0.9971         5764.8          0.655
        3483000       0.723550            729         0.9971         5766.4          0.705
        3484000       0.723718            729         0.9971         5768.0          0.673
        3485000       0.723985            729         0.9971         5769.5          0.603
        3486000       0.724159            730         0.9971         5771.1          0.638
        3487000       0.724398            731         0.9971         5772.6          0.643
        3488000       0.724589            731         0.9971         5774.2          0.591
        3489000       0.724804            732         0.9971         5775.7          0.538
        3490000       0.725024            732         0.9971         5777.3          0.573
        3491000       0.725206            732         0.9971         5778.8          0.619
        3492000       0.725397            732         0.9971         5780.3          0.598
        3493000       0.725581            732         0.9971         5781.8          0.596
        3494000       0.725787            732         0.9971         5783.4          0.727
        3495000       0.726007            732         0.9971         5784.9          0.770
        3496000       0.726246            733         0.9971         5786.4          0.759
        3497000       0.726424            733         0.9971         5787.9          0.796
        3498000       0.726609            734         0.9971         5789.4          0.830
        3499000       0.726817            734         0.9971         5791.0          0.778
        3500000       0.727010            734         0.9971         5792.5          0.765
        3501000       0.727181            734         0.9971         5794.0          0.745
        3502000       0.727405            734         0.9971         5795.5          0.725
        3503000       0.727583            734         0.9971         5797.0          0.678
        3504000       0.727782            734         0.9971         5798.5          0.657
        3505000       0.728020            734         0.9971         5800.1          0.715
        3506000       0.728200            734         0.9971         5801.6          0.708
        3507000       0.728332            734         0.9971         5803.2          0.663
        3508000       0.728520            734         0.9971         5804.7          0.671
        3509000       0.728759            734         0.9971         5806.2          0.726
        3510000       0.728980            734         0.9971         5807.8          0.624
        3511000       0.729232            734         0.9971         5809.3          0.673
        3512000       0.729496            734         0.9971         5810.8          0.589
        3513000       0.729685            734         0.9971         5812.3          0.686
        3514000       0.729899            734         0.9971         5813.9          0.660
        3515000       0.730083            734         0.9971         5815.4          0.689
        3516000       0.730270            734         0.9971         5816.9          0.679
        3517000       0.730495            734         0.9971         5818.4          0.666
        3518000       0.730715            735         0.9971         5820.0          0.718
        3519000       0.730896            736         0.9971         5821.5          0.617
        3520000       0.731098            737         0.9971         5823.1          0.693
        3521000       0.731259            737         0.9971         5824.6          0.669
        3522000       0.731456            738         0.9971         5826.1          0.689
        3523000       0.731657            738         0.9971         5827.7          0.661
        3524000       0.731865            738         0.9971         5829.2          0.661
        3525000       0.732067            738         0.9971         5830.7          0.667
        3526000       0.732306            738         0.9971         5832.2          0.696
        3527000       0.732515            738         0.9971         5833.7          0.714
        3528000       0.732679            738         0.9971         5835.4          0.734
        3529000       0.732930            738         0.9970         5836.9          0.736
        3530000       0.733128            738         0.9971         5838.4          0.657
        3531000       0.733315            738         0.9970         5840.0          0.662
        3532000       0.733503            739         0.9970         5841.5          0.723
        3533000       0.733706            739         0.9970         5843.0          0.625
        3534000       0.733834            740         0.9970         5844.6          0.601
        3535000       0.734049            740         0.9970         5846.1          0.668
        3536000       0.734231            740         0.9970         5847.6          0.603
        3537000       0.734469            743         0.9970         5849.2          0.566
        3538000       0.734639            744         0.9970         5850.7          0.569
        3539000       0.734870            745         0.9970         5852.2          0.609
        3540000       0.735096            745         0.9970         5853.8          0.636
        3541000       0.735265            745         0.9970         5855.3          0.597
        3542000       0.735514            746         0.9970         5856.8          0.607
        3543000       0.735726            746         0.9970         5858.4          0.656
        3544000       0.735939            746         0.9970         5859.9          0.698
        3545000       0.736117            747         0.9970         5861.4          0.714
        3546000       0.736271            748         0.9970         5862.9          0.643
        3547000       0.736520            748         0.9970         5864.4          0.620
        3548000       0.736717            748         0.9970         5866.0          0.623
        3549000       0.736919            749         0.9970         5867.5          0.679
        3550000       0.737095            749         0.9970         5869.0          0.671
        3551000       0.737277            749         0.9970         5871.4          0.682
        3552000       0.737540            749         0.9970         5873.0          0.666
        3553000       0.737699            750         0.9970         5874.5          0.564
        3554000       0.737876            750         0.9970         5876.0          0.605
        3555000       0.738045            750         0.9970         5877.6          0.670
        3556000       0.738253            751         0.9970         5879.1          0.705
        3557000       0.738471            751         0.9970         5880.7          0.774
        3558000       0.738645            751         0.9970         5882.2          0.722
        3559000       0.738846            751         0.9970         5883.7          0.653
        3560000       0.739018            751         0.9970         5885.2          0.677
        3561000       0.739220            752         0.9970         5886.8          0.662
        3562000       0.739436            752         0.9970         5888.3          0.684
        3563000       0.739669            752         0.9970         5889.8          0.655
        3564000       0.739879            752         0.9970         5891.4          0.677
        3565000       0.740113            752         0.9970         5893.0          0.634
        3566000       0.740357            752         0.9970         5894.8          0.688
        3567000       0.740566            752         0.9970         5896.3          0.632
        3568000       0.740749            753         0.9970         5897.8          0.681
        3569000       0.740939            753         0.9970         5899.3          0.653
        3570000       0.741105            753         0.9970         5900.8          0.760
        3571000       0.741292            753         0.9970         5902.4          0.809
        3572000       0.741478            754         0.9970         5903.9          0.751
        3573000       0.741715            754         0.9970         5905.4          0.745
        3574000       0.741948            754         0.9970         5906.9          0.787
        3575000       0.742175            754         0.9970         5908.5          0.638
        3576000       0.742429            754         0.9970         5910.0          0.632
        3577000       0.742644            755         0.9970         5911.5          0.681
        3578000       0.742856            755         0.9970         5913.0          0.726
        3579000       0.743020            755         0.9970         5914.5          0.709
        3580000       0.743217            755         0.9970         5916.0          0.639
        3581000       0.743432            755         0.9970         5917.6          0.628
        3582000       0.743651            755         0.9970         5919.1          0.651
        3583000       0.743875            755         0.9970         5920.6          0.616
        3584000       0.744046            756         0.9970         5922.1          0.542
        3585000       0.744206            756         0.9970         5923.6          0.578
        3586000       0.744386            756         0.9970         5925.2          0.600
        3587000       0.744614            756         0.9970         5926.7          0.629
        3588000       0.744821            756         0.9970         5928.2          0.609
        3589000       0.744987            756         0.9970         5929.7          0.623
        3590000       0.745142            757         0.9970         5931.2          0.681
        3591000       0.745327            757         0.9970         5932.7          0.637
        3592000       0.745574            757         0.9970         5934.2          0.643
        3593000       0.745755            757         0.9970         5935.7          0.625
        3594000       0.746009            758         0.9970         5938.3          0.582
        3595000       0.746159            758         0.9970         5939.8          0.677
        3596000       0.746403            758         0.9970         5941.3          0.771
        3597000       0.746606            759         0.9970         5942.9          0.778
        3598000       0.746786            760         0.9970         5944.4          0.780
        3599000       0.746985            761         0.9970         5945.9          0.763
        3600000       0.747156            761         0.9970         5947.5          0.724
        3601000       0.747345            762         0.9970         5949.0          0.758
        3602000       0.747527            762         0.9970         5950.5          0.731
        3603000       0.747733            763         0.9970         5952.0          0.706
        3604000       0.747910            763         0.9970         5953.6          0.678
        3605000       0.748108            764         0.9970         5955.1          0.814
        3606000       0.748296            764         0.9970         5956.6          0.771
        3607000       0.748497            764         0.9970         5958.1          0.749
        3608000       0.748707            764         0.9970         5959.6          0.794
        3609000       0.748873            764         0.9970         5961.1          0.776
        3610000       0.749032            765         0.9970         5962.6          0.715
        3611000       0.749226            765         0.9970         5964.1          0.749
        3612000       0.749461            765         0.9970         5965.7          0.742
        3613000       0.749659            765         0.9970         5967.2          0.761
        3614000       0.749831            765         0.9970         5968.7          0.875
        3615000       0.750026            765         0.9970         5970.2          0.882
        3616000       0.750234            766         0.9970         5971.7          0.764
        3617000       0.750396            767         0.9970         5973.2          0.761
        3618000       0.750612            768         0.9970         5974.7          0.776
        3619000       0.750824            768         0.9970         5976.2          0.750
        3620000       0.751047            768         0.9970         5977.7          0.783
        3621000       0.751263            768         0.9970         5979.2          0.797
        3622000       0.751470            768         0.9970         5980.8          0.779
        3623000       0.751656            768         0.9970         5982.3          0.705
        3624000       0.751850            769         0.9970         5983.8          0.718
        3625000       0.752082            769         0.9970         5985.3          0.755
        3626000       0.752330            770         0.9970         5986.8          0.758
        3627000       0.752524            770         0.9970         5988.4          0.665
        3628000       0.752703            770         0.9970         5989.9          0.704
        3629000       0.752895            770         0.9970         5991.4          0.622
        3630000       0.753056            771         0.9970         5992.9          0.699
        3631000       0.753286            771         0.9970         5994.4          0.675
        3632000       0.753520            771         0.9970         5996.0          0.663
        3633000       0.753716            771         0.9970         5997.5          0.749
        3634000       0.753909            772         0.9970         5999.0          0.683
        3635000       0.754070            772         0.9970         6000.5          0.717
        3636000       0.754254            772         0.9970         6002.0          0.622
        3637000       0.754469            773         0.9970         6003.6          0.657
        3638000       0.754648            773         0.9970         6005.1          0.602
        3639000       0.754848            773         0.9970         6006.6          0.648
        3640000       0.755052            773         0.9970         6008.1          0.702
        3641000       0.755253            773         0.9970         6009.6          0.687
        3642000       0.755406            774         0.9970         6011.1          0.634
        3643000       0.755609            774         0.9970         6012.6          0.569
        3644000       0.755841            774         0.9970         6014.1          0.590
        3645000       0.756029            774         0.9970         6015.6          0.682
        3646000       0.756227            774         0.9970         6017.1          0.800
        3647000       0.756428            774         0.9970         6018.7          0.710
        3648000       0.756650            774         0.9970         6020.2          0.743
        3649000       0.756885            774         0.9970         6021.7          0.831
        3650000       0.757093            774         0.9970         6023.2          0.798
        3651000       0.757239            774         0.9970         6024.7          0.717
        3652000       0.757456            774         0.9970         6026.2          0.738
        3653000       0.757623            774         0.9970         6027.7          0.802
        3654000       0.757838            774         0.9970         6029.2          0.825
        3655000       0.758004            774         0.9970         6030.7          0.849
        3656000       0.758205            774         0.9970         6032.2          0.843
        3657000       0.758429            774         0.9970         6033.7          0.828
        3658000       0.758613            774         0.9970         6035.2          0.839
        3659000       0.758789            774         0.9970         6036.7          0.893
        3660000       0.759033            775         0.9970         6038.2          0.898
        3661000       0.759225            775         0.9970         6039.7          0.910
        3662000       0.759438            775         0.9970         6041.2          0.894
        3663000       0.759635            775         0.9970         6042.7          0.869
        3664000       0.759786            776         0.9970         6044.2          0.876
        3665000       0.760068            776         0.9970         6045.7          0.928
        3666000       0.760289            776         0.9970         6047.1          0.950
        3667000       0.760502            776         0.9970         6048.6          0.925
        3668000       0.760760            777         0.9970         6050.1          0.808
        3669000       0.760958            778         0.9970         6051.7          0.779
        3670000       0.761138            778         0.9970         6053.1          0.732
        3671000       0.761356            778         0.9970         6054.6          0.850
        3672000       0.761579            778         0.9970         6056.1          0.852
        3673000       0.761797            778         0.9970         6057.6          0.732
        3674000       0.761987            778         0.9970         6059.1          0.798
        3675000       0.762167            779         0.9970         6060.6          0.765
        3676000       0.762312            779         0.9970         6062.1          0.701
        3677000       0.762535            780         0.9970         6063.6          0.811
        3678000       0.762740            780         0.9970         6065.1          0.778
        3679000       0.762922            781         0.9970         6066.6          0.772
        3680000       0.763114            782         0.9970         6068.1          0.653
        3681000       0.763353            782         0.9970         6069.7          0.708
        3682000       0.763589            784         0.9970         6071.2          0.694
        3683000       0.763755            784         0.9970         6072.7          0.727
        3684000       0.763952            784         0.9970         6074.2          0.733
        3685000       0.764106            784         0.9970         6075.7          0.767
        3686000       0.764368            784         0.9970         6077.2          0.768
        3687000       0.764585            784         0.9970         6078.8          0.737
        3688000       0.764766            784         0.9970         6080.3          0.859
        3689000       0.765012            785         0.9970         6081.8          0.884
        3690000       0.765238            785         0.9970         6083.2          0.867
        3691000       0.765410            785         0.9970         6084.7          0.933
        3692000       0.765558            786         0.9970         6086.3          0.897
        3693000       0.765792            786         0.9970         6087.7          0.931
        3694000       0.765999            786         0.9970         6089.2          0.924
        3695000       0.766222            786         0.9970         6090.7          0.911
        3696000       0.766423            786         0.9970         6092.2          0.845
        3697000       0.766635            786         0.9970         6093.7          0.910
        3698000       0.766800            786         0.9970         6095.2          0.842
        3699000       0.766957            786         0.9970         6096.7          0.803
        3700000       0.767154            787         0.9970         6098.3          0.758
        3701000       0.767393            787         0.9970         6099.8          0.796
        3702000       0.767652            787         0.9970         6101.3          0.806
        3703000       0.767822            787         0.9970         6102.8          0.890
        3704000       0.768021            787         0.9970         6104.3          0.775
        3705000       0.768198            787         0.9970         6105.8          0.787
        3706000       0.768411            787         0.9970         6107.3          0.786
        3707000       0.768569            787         0.9970         6108.8          0.817
        3708000       0.768807            787         0.9970         6110.3          0.827
        3709000       0.769019            787         0.9970         6111.8          0.755
        3710000       0.769192            787         0.9970         6113.3          0.709
        3711000       0.769375            787         0.9970         6114.8          0.728
        3712000       0.769550            787         0.9970         6116.2          0.775
        3713000       0.769721            788         0.9970         6117.7          0.778
        3714000       0.769879            788         0.9970         6119.2          0.873
        3715000       0.770069            788         0.9970         6120.7          0.819
        3716000       0.770285            789         0.9970         6122.2          0.772
        3717000       0.770488            790         0.9970         6123.7          0.771
        3718000       0.770683            790         0.9970         6125.2          0.708
        3719000       0.770904            790         0.9970         6126.6          0.718
        3720000       0.771048            792         0.9970         6128.1          0.724
        3721000       0.771249            792         0.9970         6129.6          0.776
        3722000       0.771419            792         0.9970         6131.1          0.780
        3723000       0.771635            792         0.9970         6132.6          0.790
        3724000       0.771800            793         0.9970         6134.1          0.843
        3725000       0.771999            793         0.9970         6135.6          0.864
        3726000       0.772227            793         0.9970         6137.1          0.858
        3727000       0.772475            793         0.9970         6138.6          0.802
        3728000       0.772682            793         0.9970         6140.1          0.747
        3729000       0.772840            793         0.9970         6141.6          0.751
        3730000       0.773045            793         0.9970         6143.1          0.780
        3731000       0.773213            794         0.9970         6144.6          0.714
        3732000       0.773447            795         0.9970         6146.1          0.734
        3733000       0.773655            795         0.9969         6147.6          0.757
        3734000       0.773797            795         0.9970         6149.1          0.764
        3735000       0.773993            795         0.9969         6150.6          0.858
        3736000       0.774204            795         0.9969         6152.1          0.756
        3737000       0.774431            795         0.9969         6153.6          0.791
        3738000       0.774607            796         0.9969         6155.1          0.715
        3739000       0.774806            796         0.9969         6156.6          0.785
        3740000       0.774984            796         0.9969         6158.1          0.788
        3741000       0.775160            796         0.9969         6159.6          0.830
        3742000       0.775302            796         0.9969         6161.1          0.902
        3743000       0.775518            796         0.9969         6162.6          0.952
        3744000       0.775695            797         0.9969         6164.1          0.924
        3745000       0.775881            797         0.9969         6165.6          0.957
        3746000       0.776105            797         0.9969         6167.1          0.937
        3747000       0.776290            797         0.9969         6168.6          0.939
        3748000       0.776494            797         0.9969         6170.1          0.882
        3749000       0.776743            798         0.9969         6171.7          0.851
        3750000       0.776955            798         0.9969         6173.2          0.771
        3751000       0.777134            798         0.9969         6174.7          0.879
        3752000       0.777316            798         0.9969         6176.2          0.920
        3753000       0.777546            799         0.9969         6177.7          0.862
        3754000       0.777727            799         0.9969         6179.2          0.796
        3755000       0.777947            799         0.9969         6180.7          0.889
        3756000       0.778129            799         0.9969         6182.2          0.873
        3757000       0.778318            799         0.9969         6183.7          0.941
        3758000       0.778548            799         0.9969         6185.2          0.893
        3759000       0.778745            800         0.9969         6186.7          0.852
        3760000       0.778924            800         0.9969         6188.2          0.820
        3761000       0.779134            800         0.9969         6189.7          0.780
        3762000       0.779347            800         0.9969         6191.2          0.864
        3763000       0.779576            801         0.9969         6192.7          0.816
        3764000       0.779787            802         0.9969         6194.3          0.865
        3765000       0.780002            802         0.9969         6195.8          0.847
        3766000       0.780179            802         0.9969         6197.3          0.833
        3767000       0.780407            803         0.9969         6198.8          0.732
        3768000       0.780600            803         0.9969         6200.3          0.790
        3769000       0.780784            804         0.9969         6201.8          0.864
        3770000       0.781006            804         0.9969         6203.3          0.766
        3771000       0.781193            805         0.9969         6204.8          0.835
        3772000       0.781356            805         0.9969         6206.3          0.811
        3773000       0.781610            806         0.9969         6208.2          0.868
        3774000       0.781809            807         0.9969         6209.7          0.946
        3775000       0.782007            807         0.9969         6211.2          0.938
        3776000       0.782171            807         0.9969         6212.7          0.822
        3777000       0.782377            807         0.9969         6214.1          0.854
        3778000       0.782584            808         0.9969         6215.7          0.828
        3779000       0.782810            808         0.9969         6217.2          0.845
        3780000       0.783007            808         0.9969         6218.7          0.860
        3781000       0.783216            808         0.9969         6220.2          0.872
        3782000       0.783427            808         0.9969         6221.7          0.919
        3783000       0.783609            809         0.9969         6223.2          0.747
        3784000       0.783789            811         0.9969         6224.7          0.789
        3785000       0.783990            811         0.9969         6226.3          0.768
        3786000       0.784195            811         0.9969         6227.8          0.829
        3787000       0.784401            811         0.9969         6229.3          0.755
        3788000       0.784559            811         0.9969         6230.8          0.742
        3789000       0.784766            811         0.9969         6232.3          0.781
        3790000       0.784927            811         0.9969         6233.8          0.794
        3791000       0.785153            811         0.9969         6235.3          0.841
        3792000       0.785428            811         0.9969         6236.8          0.886
        3793000       0.785636            811         0.9969         6238.4          0.852
        3794000       0.785826            812         0.9969         6239.9          0.768
        3795000       0.786051            812         0.9969         6241.3          0.764
        3796000       0.786244            813         0.9969         6242.9          0.825
        3797000       0.786444            813         0.9969         6244.4          0.872
        3798000       0.786666            813         0.9969         6245.9          0.747
        3799000       0.786884            813         0.9969         6247.4          0.782
        3800000       0.787071            813         0.9969         6248.9          0.746
        3801000       0.787288            814         0.9969         6250.4          0.738
        3802000       0.787471            814         0.9969         6251.9          0.705
        3803000       0.787631            814         0.9969         6253.4          0.721
        3804000       0.787791            814         0.9969         6254.9          0.762
        3805000       0.788004            814         0.9969         6256.4          0.693
        3806000       0.788160            814         0.9969         6257.9          0.733
        3807000       0.788299            815         0.9969         6259.4          0.725
        3808000       0.788484            815         0.9969         6260.9          0.720
        3809000       0.788760            815         0.9969         6262.4          0.744
        3810000       0.788932            815         0.9969         6263.9          0.762
        3811000       0.789183            815         0.9969         6265.5          0.790
        3812000       0.789368            816         0.9969         6267.0          0.776
        3813000       0.789579            816         0.9969         6268.5          0.699
        3814000       0.789716            816         0.9969         6270.0          0.742
        3815000       0.789903            816         0.9969         6271.5          0.734
        3816000       0.790102            816         0.9969         6273.0          0.753
        3817000       0.790291            816         0.9969         6274.6          0.835
        3818000       0.790475            816         0.9969         6276.1          0.757
        3819000       0.790709            817         0.9969         6277.6          0.702
        3820000       0.790884            818         0.9969         6279.1          0.747
        3821000       0.791124            818         0.9969         6280.7          0.695
        3822000       0.791319            818         0.9969         6282.2          0.684
        3823000       0.791514            820         0.9969         6283.7          0.697
        3824000       0.791737            820         0.9969         6285.2          0.676
        3825000       0.791969            821         0.9969         6286.8          0.655
        3826000       0.792193            821         0.9969         6288.3          0.634
        3827000       0.792424            821         0.9969         6289.8          0.611
        3828000       0.792672            821         0.9969         6291.4          0.652
        3829000       0.792929            821         0.9969         6292.9          0.600
        3830000       0.793145            821         0.9969         6294.4          0.606
        3831000       0.793348            821         0.9969         6295.9          0.649
        3832000       0.793512            821         0.9969         6297.4          0.717
        3833000       0.793729            821         0.9969         6299.0          0.659
        3834000       0.793934            821         0.9969         6300.5          0.672
        3835000       0.794116            821         0.9969         6302.0          0.622
        3836000       0.794307            821         0.9969         6303.5          0.665
        3837000       0.794496            821         0.9969         6305.1          0.643
        3838000       0.794723            821         0.9969         6306.6          0.678
        3839000       0.794897            821         0.9969         6308.1          0.666
        3840000       0.795083            821         0.9969         6309.7          0.751
        3841000       0.795321            821         0.9969         6311.2          0.704
        3842000       0.795475            821         0.9969         6312.7          0.712
        3843000       0.795716            822         0.9969         6314.2          0.659
        3844000       0.795893            822         0.9969         6315.8          0.704
        3845000       0.796080            822         0.9969         6317.3          0.697
        3846000       0.796263            822         0.9969         6318.8          0.735
        3847000       0.796487            822         0.9969         6320.3          0.686
        3848000       0.796668            822         0.9969         6321.9          0.632
        3849000       0.796888            823         0.9969         6323.4          0.675
        3850000       0.797139            823         0.9969         6324.9          0.702
        3851000       0.797281            823         0.9969         6326.5          0.745
        3852000       0.797468            823         0.9969         6328.0          0.732
        3853000       0.797687            823         0.9969         6329.5          0.695
        3854000       0.797887            823         0.9969         6331.1          0.675
        3855000       0.798011            823         0.9969         6332.6          0.717
        3856000       0.798216            823         0.9969         6334.1          0.703
        3857000       0.798396            823         0.9969         6335.7          0.758
        3858000       0.798598            823         0.9969         6337.2          0.787
        3859000       0.798830            823         0.9969         6338.8          0.740
        3860000       0.799009            823         0.9969         6340.3          0.805
        3861000       0.799194            823         0.9969         6341.8          0.786
        3862000       0.799421            823         0.9969         6343.4          0.838
        3863000       0.799654            823         0.9969         6344.9          0.728
        3864000       0.799820            823         0.9969         6346.5          0.753
        3865000       0.800020            823         0.9969         6348.0          0.687
        3866000       0.800206            823         0.9969         6349.6          0.662
        3867000       0.800395            823         0.9969         6351.1          0.692
        3868000       0.800648            823         0.9969         6352.7          0.699
        3869000       0.800877            825         0.9969         6354.2          0.625
        3870000       0.801049            825         0.9969         6355.7          0.661
        3871000       0.801253            825         0.9969         6357.3          0.721
        3872000       0.801465            825         0.9969         6358.8          0.732
        3873000       0.801653            826         0.9969         6360.3          0.738
        3874000       0.801836            826         0.9969         6361.8          0.747
        3875000       0.802069            826         0.9969         6363.4          0.741
        3876000       0.802288            826         0.9969         6364.9          0.781
        3877000       0.802507            826         0.9969         6366.5          0.778
        3878000       0.802771            826         0.9969         6368.0          0.758
        3879000       0.802959            826         0.9969         6369.5          0.758
        3880000       0.803161            826         0.9969         6371.0          0.679
        3881000       0.803298            826         0.9969         6372.5          0.669
        3882000       0.803505            826         0.9969         6374.1          0.678
        3883000       0.803704            826         0.9969         6375.6          0.722
        3884000       0.803899            826         0.9969         6377.1          0.681
        3885000       0.804101            826         0.9969         6378.6          0.666
        3886000       0.804265            826         0.9969         6380.1          0.644
        3887000       0.804526            826         0.9969         6381.7          0.695
        3888000       0.804745            826         0.9969         6383.2          0.581
        3889000       0.804945            827         0.9969         6384.7          0.654
        3890000       0.805204            827         0.9969         6386.3          0.657
        3891000       0.805388            828         0.9969         6387.8          0.666
        3892000       0.805613            828         0.9969         6389.3          0.790
        3893000       0.805845            828         0.9969         6390.8          0.745
        3894000       0.806067            828         0.9969         6392.4          0.646
        3895000       0.806284            828         0.9969         6393.9          0.646
        3896000       0.806463            828         0.9969         6395.4          0.651
        3897000       0.806662            828         0.9969         6396.9          0.642
        3898000       0.806833            828         0.9969         6398.5          0.699
        3899000       0.807068            828         0.9969         6400.0          0.736
        3900000       0.807259            828         0.9969         6401.5          0.683
        3901000       0.807484            828         0.9969         6403.0          0.584
        3902000       0.807672            828         0.9969         6404.5          0.668
        3903000       0.807911            828         0.9969         6406.0          0.727
        3904000       0.808088            828         0.9969         6407.5          0.777
        3905000       0.808269            828         0.9969         6409.0          0.725
        3906000       0.808491            828         0.9969         6410.6          0.701
        3907000       0.808698            828         0.9969         6412.1          0.720
        3908000       0.808860            828         0.9969         6413.5          0.777
        3909000       0.809070            828         0.9969         6415.0          0.795
        3910000       0.809234            828         0.9969         6416.5          0.783
        3911000       0.809437            830         0.9969         6418.0          0.795
        3912000       0.809584            830         0.9969         6419.5          0.759
        3913000       0.809783            830         0.9969         6421.0          0.780
        3914000       0.809981            830         0.9969         6422.5          0.833
        3915000       0.810197            830         0.9969         6424.0          0.811
        3916000       0.810378            830         0.9969         6425.6          0.701
        3917000       0.810560            830         0.9969         6427.1          0.765
        3918000       0.810762            830         0.9969         6428.6          0.772
        3919000       0.810977            830         0.9969         6430.1          0.763
        3920000       0.811183            830         0.9969         6431.6          0.778
        3921000       0.811384            830         0.9969         6433.0          0.757
        3922000       0.811594            830         0.9969         6434.5          0.760
        3923000       0.811773            830         0.9969         6436.0          0.625
        3924000       0.812004            830         0.9969         6437.5          0.667
        3925000       0.812196            830         0.9969         6439.0          0.709
        3926000       0.812383            830         0.9969         6440.5          0.794
        3927000       0.812564            830         0.9969         6442.0          0.743
        3928000       0.812759            830         0.9969         6443.6          0.739
        3929000       0.812945            830         0.9969         6445.1          0.791
        3930000       0.813173            830         0.9969         6446.6          0.757
        3931000       0.813423            830         0.9969         6448.1          0.692
        3932000       0.813599            830         0.9969         6449.6          0.786
        3933000       0.813857            830         0.9968         6451.1          0.817
        3934000       0.814073            830         0.9968         6452.6          0.792
        3935000       0.814233            830         0.9968         6454.1          0.818
        3936000       0.814409            831         0.9968         6455.6          0.779
        3937000       0.814622            831         0.9968         6457.1          0.725
        3938000       0.814792            831         0.9968         6458.6          0.775
        3939000       0.815016            831         0.9968         6460.1          0.782
        3940000       0.815139            831         0.9968         6461.6          0.736
        3941000       0.815332            831         0.9968         6463.1          0.768
        3942000       0.815552            831         0.9968         6464.6          0.787
        3943000       0.815734            831         0.9968         6466.1          0.761
        3944000       0.815945            831         0.9968         6467.6          0.724
        3945000       0.816129            831         0.9968         6469.1          0.749
        3946000       0.816379            832         0.9968         6470.6          0.779
        3947000       0.816583            832         0.9968         6472.1          0.821
        3948000       0.816810            832         0.9968         6473.6          0.821
        3949000       0.816971            832         0.9968         6475.1          0.734
        3950000       0.817209            832         0.9968         6476.6          0.724
        3951000       0.817428            832         0.9968         6478.2          0.685
        3952000       0.817648            832         0.9968         6479.7          0.749
        3953000       0.817899            833         0.9968         6481.2          0.703
        3954000       0.818112            833         0.9968         6482.7          0.687
        3955000       0.818308            833         0.9968         6484.2          0.721
        3956000       0.818498            833         0.9968         6485.7          0.747
        3957000       0.818681            833         0.9968         6487.2          0.669
        3958000       0.818945            833         0.9968         6488.7          0.798
        3959000       0.819107            833         0.9968         6490.2          0.686
        3960000       0.819360            833         0.9968         6491.7          0.719
        3961000       0.819550            834         0.9968         6493.2          0.721
        3962000       0.819781            835         0.9968         6494.7          0.764
        3963000       0.819953            835         0.9968         6496.2          0.735
        3964000       0.820158            835         0.9968         6497.7          0.738
        3965000       0.820380            835         0.9968         6499.2          0.722
        3966000       0.820618            836         0.9968         6500.8          0.676
        3967000       0.820811            837         0.9968         6502.2          0.712
        3968000       0.821004            837         0.9968         6503.7          0.661
        3969000       0.821205            837         0.9968         6505.2          0.701
        3970000       0.821361            837         0.9968         6506.7          0.763
        3971000       0.821571            837         0.9968         6508.2          0.730
        3972000       0.821777            837         0.9968         6509.7          0.740
        3973000       0.822012            837         0.9968         6511.2          0.873
        3974000       0.822227            837         0.9968         6512.7          0.741
        3975000       0.822425            837         0.9968         6514.2          0.732
        3976000       0.822572            837         0.9968         6515.7          0.808
        3977000       0.822741            837         0.9968         6517.2          0.816
        3978000       0.822913            837         0.9968         6518.7          0.821
        3979000       0.823133            837         0.9968         6520.2          0.787
        3980000       0.823371            838         0.9968         6521.7          0.835
        3981000       0.823541            838         0.9968         6523.2          0.857
        3982000       0.823704            838         0.9968         6524.7          0.808
        3983000       0.823953            838         0.9968         6526.2          0.746
        3984000       0.824113            838         0.9968         6527.7          0.833
        3985000       0.824291            838         0.9968         6529.2          0.809
        3986000       0.824482            838         0.9968         6530.7          0.809
        3987000       0.824695            838         0.9968         6532.2          0.837
        3988000       0.824897            838         0.9968         6533.7          0.800
        3989000       0.825083            838         0.9968         6535.2          0.813
        3990000       0.825265            838         0.9968         6536.7          0.797
        3991000       0.825456            838         0.9968         6538.1          0.836
        3992000       0.825677            838         0.9968         6539.6          0.761
        3993000       0.825875            839         0.9968         6541.1          0.803
        3994000       0.826081            839         0.9968         6542.6          0.838
        3995000       0.826292            840         0.9968         6544.1          0.840
        3996000       0.826524            840         0.9968         6545.7          0.840
        3997000       0.826754            840         0.9968         6547.2          0.752
        3998000       0.826934            840         0.9968         6548.7          0.729
        3999000       0.827124            840         0.9968         6550.1          0.669
        4000000       0.827310            840         0.9968         6551.6          0.718
        4001000       0.827485            840         0.9968         6553.1          0.804
        4002000       0.827664            840         0.9968         6554.6          0.754
        4003000       0.827871            841         0.9968         6556.1          0.831
        4004000       0.828061            842         0.9968         6557.6          0.749
        4005000       0.828236            842         0.9968         6559.1          0.750
        4006000       0.828403            843         0.9968         6560.6          0.710
        4007000       0.828583            843         0.9968         6562.1          0.669
        4008000       0.828750            843         0.9968         6563.6          0.729
        4009000       0.828925            843         0.9968         6565.1          0.725
        4010000       0.829124            843         0.9968         6566.6          0.807
        4011000       0.829334            843         0.9968         6568.1          0.671
        4012000       0.829568            843         0.9968         6569.6          0.673
        4013000       0.829789            843         0.9968         6571.1          0.657
        4014000       0.830002            843         0.9968         6572.6          0.700
        4015000       0.830186            844         0.9968         6574.1          0.780
        4016000       0.830399            845         0.9968         6575.7          0.684
        4017000       0.830600            845         0.9968         6577.2          0.744
        4018000       0.830818            845         0.9968         6578.7          0.681
        4019000       0.831023            845         0.9968         6580.2          0.728
        4020000       0.831216            845         0.9968         6581.7          0.706
        4021000       0.831384            845         0.9968         6583.2          0.693
        4022000       0.831567            845         0.9968         6584.7          0.641
        4023000       0.831773            846         0.9968         6586.2          0.653
        4024000       0.831935            846         0.9968         6587.7          0.744
        4025000       0.832113            846         0.9968         6589.2          0.733
        4026000       0.832281            846         0.9968         6590.7          0.694
        4027000       0.832446            846         0.9968         6592.2          0.736
        4028000       0.832646            846         0.9968         6593.7          0.756
        4029000       0.832853            846         0.9968         6595.2          0.797
        4030000       0.833040            846         0.9968         6596.7          0.744
        4031000       0.833224            846         0.9968         6598.2          0.777
        4032000       0.833401            846         0.9968         6599.7          0.680
        4033000       0.833627            846         0.9968         6601.2          0.725
        4034000       0.833819            846         0.9968         6602.7          0.802
        4035000       0.833993            846         0.9968         6604.1          0.693
        4036000       0.834197            847         0.9968         6605.6          0.787
        4037000       0.834412            847         0.9968         6607.1          0.729
        4038000       0.834602            847         0.9968         6608.6          0.689
        4039000       0.834790            848         0.9968         6610.1          0.629
        4040000       0.835028            849         0.9968         6611.6          0.717
        4041000       0.835206            849         0.9968         6613.1          0.660
        4042000       0.835416            849         0.9968         6614.5          0.719
        4043000       0.835586            849         0.9968         6616.0          0.708
        4044000       0.835816            851         0.9968         6617.5          0.718
        4045000       0.836016            851         0.9968         6619.0          0.704
        4046000       0.836263            851         0.9968         6620.5          0.749
        4047000       0.836435            852         0.9968         6622.0          0.772
        4048000       0.836663            852         0.9968         6623.5          0.790
        4049000       0.836836            852         0.9968         6625.0          0.838
        4050000       0.837061            852         0.9968         6626.5          0.713
        4051000       0.837220            853         0.9968         6627.9          0.662
        4052000       0.837435            853         0.9968         6629.4          0.709
        4053000       0.837649            853         0.9968         6630.9          0.711
        4054000       0.837838            853         0.9968         6632.4          0.717
        4055000       0.838038            853         0.9968         6633.9          0.764
        4056000       0.838240            853         0.9968         6635.4          0.759
        4057000       0.838438            853         0.9968         6636.9          0.759
        4058000       0.838655            853         0.9968         6638.4          0.722
        4059000       0.838887            853         0.9968         6639.9          0.789
        4060000       0.839082            853         0.9968         6641.4          0.801
        4061000       0.839223            853         0.9968         6642.9          0.769
        4062000       0.839387            853         0.9968         6644.4          0.770
        4063000       0.839617            853         0.9968         6645.9          0.779
        4064000       0.839820            853         0.9968         6647.4          0.765
        4065000       0.840020            853         0.9968         6648.9          0.819
        4066000       0.840176            853         0.9968         6650.4          0.828
        4067000       0.840365            853         0.9968         6651.9          0.839
        4068000       0.840577            853         0.9968         6653.3          0.795
        4069000       0.840735            853         0.9968         6654.8          0.826
        4070000       0.840889            853         0.9968         6656.3          0.751
        4071000       0.841082            853         0.9968         6657.8          0.859
        4072000       0.841273            853         0.9968         6659.3          0.861
        4073000       0.841485            853         0.9968         6660.8          0.806
        4074000       0.841686            854         0.9968         6662.2          0.803
        4075000       0.841902            854         0.9968         6663.7          0.744
        4076000       0.842095            854         0.9968         6665.2          0.844
        4077000       0.842314            854         0.9968         6666.7          0.816
        4078000       0.842493            854         0.9968         6668.1          0.780
        4079000       0.842714            854         0.9968         6669.6          0.837
        4080000       0.842963            854         0.9968         6671.1          0.745
        4081000       0.843174            854         0.9968         6672.6          0.805
        4082000       0.843349            854         0.9968         6674.1          0.794
        4083000       0.843555            854         0.9968         6675.6          0.776
        4084000       0.843764            854         0.9968         6677.0          0.797
        4085000       0.843955            854         0.9968         6678.5          0.748
        4086000       0.844146            855         0.9968         6680.0          0.724
        4087000       0.844320            855         0.9968         6681.4          0.732
        4088000       0.844529            855         0.9968         6682.9          0.845
        4089000       0.844750            855         0.9968         6684.4          0.840
        4090000       0.844948            855         0.9968         6685.9          0.820
        4091000       0.845159            855         0.9968         6687.4          0.841
        4092000       0.845377            856         0.9968         6688.8          0.834
        4093000       0.845634            856         0.9968         6690.3          0.804
        4094000       0.845811            856         0.9968         6691.8          0.832
        4095000       0.846030            856         0.9968         6693.3          0.883
        4096000       0.846239            856         0.9968         6694.8          0.835
        4097000       0.846429            857         0.9968         6696.2          0.894
        4098000       0.846642            857         0.9968         6697.7          0.884
        4099000       0.846831            857         0.9968         6699.2          0.840
        4100000       0.847002            857         0.9968         6700.7          0.841
        4101000       0.847256            858         0.9968         6702.2          0.795
        4102000       0.847493            858         0.9968         6703.7          0.818
        4103000       0.847659            858         0.9968         6705.2          0.887
        4104000       0.847888            858         0.9968         6706.7          0.871
        4105000       0.848062            859         0.9968         6708.2          0.893
        4106000       0.848293            859         0.9968         6709.7          0.876
        4107000       0.848474            859         0.9968         6711.2          0.809
        4108000       0.848692            859         0.9968         6712.6          0.837
        4109000       0.848892            859         0.9968         6714.1          0.840
        4110000       0.849111            861         0.9968         6715.6          0.834
        4111000       0.849281            861         0.9968         6717.1          0.768
        4112000       0.849513            861         0.9968         6718.6          0.795
        4113000       0.849681            862         0.9968         6720.1          0.724
        4114000       0.849915            862         0.9968         6721.6          0.758
        4115000       0.850148            862         0.9968         6723.1          0.760
        4116000       0.850338            862         0.9968         6724.6          0.811
        4117000       0.850555            862         0.9968         6726.1          0.859
        4118000       0.850728            862         0.9968         6727.6          0.796
        4119000       0.850984            862         0.9968         6729.1          0.735
        4120000       0.851191            863         0.9968         6730.6          0.747
        4121000       0.851379            864         0.9968         6732.1          0.741
        4122000       0.851588            864         0.9968         6733.6          0.779
        4123000       0.851801            864         0.9968         6735.1          0.786
        4124000       0.852017            864         0.9968         6736.6          0.743
        4125000       0.852166            864         0.9968         6738.0          0.751
        4126000       0.852373            864         0.9968         6739.5          0.820
        4127000       0.852563            866         0.9968         6741.1          0.828
        4128000       0.852735            866         0.9968         6742.6          0.778
        4129000       0.852981            867         0.9968         6744.1          0.794
        4130000       0.853199            867         0.9968         6745.5          0.802
        4131000       0.853416            867         0.9968         6747.0          0.790
        4132000       0.853551            867         0.9968         6748.5          0.804
        4133000       0.853720            867         0.9968         6750.0          0.832
        4134000       0.853952            867         0.9968         6751.5          0.790
        4135000       0.854116            867         0.9968         6753.0          0.760
        4136000       0.854378            867         0.9968         6754.5          0.748
        4137000       0.854571            867         0.9967         6756.0          0.732
        4138000       0.854785            867         0.9967         6757.5          0.728
        4139000       0.855009            867         0.9967         6759.0          0.766
        4140000       0.855192            867         0.9967         6760.5          0.735
        4141000       0.855387            869         0.9967         6761.9          0.818
        4142000       0.855577            869         0.9967         6763.4          0.807
        4143000       0.855738            869         0.9967         6764.9          0.848
        4144000       0.855951            869         0.9967         6766.4          0.862
        4145000       0.856145            869         0.9967         6767.9          0.887
        4146000       0.856321            869         0.9967         6769.5          0.872
        4147000       0.856562            869         0.9967         6771.0          0.816
        4148000       0.856793            869         0.9967         6772.5          0.807
        4149000       0.856996            869         0.9967         6774.0          0.891
        4150000       0.857206            869         0.9967         6775.5          0.975
        4151000       0.857424            870         0.9967         6777.0          0.981
        4152000       0.857636            870         0.9967         6778.5          0.905
        4153000       0.857835            870         0.9967         6780.0          0.961
        4154000       0.858016            870         0.9967         6781.6          0.893
        4155000       0.858255            870         0.9967         6783.1          0.858
        4156000       0.858417            870         0.9967         6784.6          0.832
        4157000       0.858637            871         0.9967         6786.1          0.860
        4158000       0.858849            871         0.9967         6787.6          0.785
        4159000       0.859033            871         0.9967         6789.1          0.842
        4160000       0.859218            871         0.9967         6790.6          0.766
        4161000       0.859433            871         0.9967         6792.1          0.834
        4162000       0.859658            871         0.9967         6793.6          0.782
        4163000       0.859835            871         0.9967         6795.1          0.766
        4164000       0.860060            871         0.9967         6796.6          0.769
        4165000       0.860259            872         0.9967         6798.1          0.727
        4166000       0.860482            872         0.9967         6799.6          0.774
        4167000       0.860661            872         0.9967         6801.1          0.764
        4168000       0.860881            872         0.9967         6802.6          0.754
        4169000       0.861084            872         0.9967         6804.1          0.754
        4170000       0.861275            872         0.9967         6805.6          0.760
        4171000       0.861475            872         0.9967         6807.1          0.866
        4172000       0.861632            872         0.9967         6808.6          0.859
        4173000       0.861825            872         0.9967         6810.0          0.764
        4174000       0.862000            872         0.9967         6811.6          0.841
        4175000       0.862213            872         0.9967         6813.1          0.835
        4176000       0.862398            873         0.9967         6814.6          0.869
        4177000       0.862577            873         0.9967         6816.1          0.869
        4178000       0.862754            874         0.9967         6817.5          0.832
        4179000       0.862963            874         0.9967         6819.0          0.911
        4180000       0.863190            874         0.9967         6820.6          0.902
        4181000       0.863409            874         0.9967         6822.0          0.915
        4182000       0.863620            875         0.9967         6823.5          0.879
        4183000       0.863849            875         0.9967         6825.0          0.791
        4184000       0.864025            875         0.9967         6826.5          0.778
        4185000       0.864198            875         0.9967         6828.0          0.772
        4186000       0.864350            875         0.9967         6829.5          0.763
        4187000       0.864533            875         0.9967         6831.0          0.874
        4188000       0.864719            875         0.9967         6832.4          0.867
        4189000       0.864886            875         0.9967         6833.9          0.925
        4190000       0.865026            875         0.9967         6835.4          0.839
        4191000       0.865230            876         0.9967         6836.9          0.820
        4192000       0.865437            876         0.9967         6838.4          0.779
        4193000       0.865591            876         0.9967         6839.9          0.822
        4194000       0.865757            876         0.9967         6841.4          0.814
        4195000       0.865964            876         0.9967         6842.9          0.774
        4196000       0.866180            876         0.9967         6844.5          0.813
        4197000       0.866406            876         0.9967         6845.9          0.844
        4198000       0.866586            876         0.9967         6847.5          0.781
        4199000       0.866785            877         0.9967         6849.0          0.739
        4200000       0.866982            877         0.9967         6850.5          0.793
        4201000       0.867197            877         0.9967         6851.9          0.748
        4202000       0.867378            877         0.9967         6853.5          0.728
        4203000       0.867557            878         0.9967         6855.0          0.776
        4204000       0.867778            878         0.9967         6856.4          0.804
        4205000       0.867990            879         0.9967         6857.9          0.752
        4206000       0.868167            879         0.9967         6859.5          0.840
        4207000       0.868405            879         0.9967         6861.0          0.795
        4208000       0.868615            879         0.9967         6862.5          0.761
        4209000       0.868839            879         0.9967         6864.0          0.828
        4210000       0.869036            879         0.9967         6865.5          0.795
        4211000       0.869259            879         0.9967         6867.0          0.811
        4212000       0.869448            879         0.9967         6868.5          0.727
        4213000       0.869671            879         0.9967         6870.0          0.731
        4214000       0.869891            879         0.9967         6871.5          0.747
        4215000       0.870058            880         0.9967         6873.1          0.813
        4216000       0.870200            880         0.9967         6874.6          0.822
        4217000       0.870393            882         0.9967         6876.0          0.738
        4218000       0.870570            882         0.9967         6877.5          0.802
        4219000       0.870747            882         0.9967         6879.0          0.801
        4220000       0.870956            882         0.9967         6880.5          0.696
        4221000       0.871143            882         0.9967         6882.0          0.752
        4222000       0.871364            882         0.9967         6883.5          0.715
        4223000       0.871542            882         0.9967         6885.0          0.749
        4224000       0.871753            882         0.9967         6886.5          0.750
        4225000       0.871926            882         0.9967         6888.0          0.732
        4226000       0.872147            882         0.9967         6889.5          0.786
        4227000       0.872321            883         0.9967         6891.0          0.729
        4228000       0.872506            883         0.9967         6892.5          0.829
        4229000       0.872729            883         0.9967         6894.0          0.868
        4230000       0.872887            884         0.9967         6895.5          0.837
        4231000       0.873037            884         0.9967         6896.9          0.822
        4232000       0.873235            885         0.9967         6898.5          0.799
        4233000       0.873440            885         0.9967         6899.9          0.793
        4234000       0.873654            885         0.9967         6901.4          0.836
        4235000       0.873847            885         0.9967         6902.9          0.802
        4236000       0.874077            885         0.9967         6904.4          0.896
        4237000       0.874364            885         0.9967         6905.9          0.884
        4238000       0.874563            886         0.9967         6907.4          0.842
        4239000       0.874730            886         0.9967         6908.9          0.794
        4240000       0.874946            886         0.9967         6910.4          0.853
        4241000       0.875154            886         0.9967         6911.9          0.848
        4242000       0.875372            887         0.9967         6913.4          0.741
        4243000       0.875560            887         0.9967         6914.9          0.848
        4244000       0.875763            887         0.9967         6916.4          0.846
        4245000       0.875934            887         0.9967         6917.9          0.857
        4246000       0.876131            887         0.9967         6919.5          0.886
        4247000       0.876347            887         0.9967         6921.0          0.795
        4248000       0.876540            887         0.9967         6922.5          0.871
        4249000       0.876784            887         0.9967         6924.1          0.793
        4250000       0.876983            887         0.9967         6925.6          0.779
        4251000       0.877153            887         0.9967         6927.1          0.806
        4252000       0.877394            888         0.9967         6928.9          0.822
        4253000       0.877593            888         0.9967         6930.4          0.824
        4254000       0.877785            888         0.9967         6931.9          0.771
        4255000       0.878011            888         0.9967         6933.4          0.795
        4256000       0.878162            889         0.9967         6934.9          0.770
        4257000       0.878359            889         0.9967         6936.4          0.802
        4258000       0.878552            889         0.9967         6937.9          0.816
        4259000       0.878730            889         0.9967         6939.4          0.873
        4260000       0.878951            889         0.9967         6940.9          0.883
        4261000       0.879114            889         0.9967         6942.4          0.836
        4262000       0.879379            889         0.9967         6943.9          0.935
        4263000       0.879625            889         0.9967         6945.4          0.939
        4264000       0.879870            890         0.9967         6946.9          0.880
        4265000       0.880077            890         0.9967         6948.4          0.967
        4266000       0.880277            890         0.9967         6949.9          0.972
        4267000       0.880475            890         0.9967         6951.4          0.914
        4268000       0.880651            890         0.9967         6952.9          0.903
        4269000       0.880845            890         0.9967         6954.4          0.941
        4270000       0.881059            891         0.9967         6955.9          0.849
        4271000       0.881237            891         0.9967         6957.4          0.811
        4272000       0.881390            892         0.9967         6959.0          0.817
        4273000       0.881575            892         0.9967         6960.5          0.788
        4274000       0.881755            894         0.9967         6962.0          0.815
        4275000       0.881948            895         0.9967         6963.5          0.803
        4276000       0.882179            896         0.9967         6965.0          0.840
        4277000       0.882416            896         0.9967         6966.5          0.870
        4278000       0.882625            896         0.9967         6968.0          0.878
        4279000       0.882826            896         0.9967         6969.5          0.860
        4280000       0.883025            896         0.9967         6971.0          0.794
        4281000       0.883225            896         0.9967         6972.5          0.811
        4282000       0.883455            897         0.9967         6974.0          0.848
        4283000       0.883702            899         0.9967         6975.5          0.857
        4284000       0.883894            899         0.9967         6977.0          0.859
        4285000       0.884040            899         0.9967         6978.6          0.819
        4286000       0.884228            899         0.9967         6980.1          0.794
        4287000       0.884447            900         0.9967         6981.6          0.792
        4288000       0.884652            901         0.9967         6983.1          0.789
        4289000       0.884839            902         0.9967         6984.7          0.814
        4290000       0.885018            902         0.9967         6986.2          0.843
        4291000       0.885174            902         0.9967         6987.7          0.892
        4292000       0.885423            902         0.9967         6989.2          0.878
        4293000       0.885619            902         0.9967         6990.7          0.789
        4294000       0.885816            902         0.9967         6992.3          0.795
        4295000       0.886007            902         0.9967         6993.7          0.815
        4296000       0.886222            902         0.9967         6995.3          0.784
        4297000       0.886435            902         0.9967         6996.8          0.837
        4298000       0.886598            902         0.9967         6998.3          0.747
        4299000       0.886818            903         0.9967         6999.8          0.812
        4300000       0.887007            904         0.9967         7001.3          0.755
        4301000       0.887226            904         0.9967         7002.9          0.728
        4302000       0.887409            905         0.9967         7004.4          0.783
        4303000       0.887631            905         0.9967         7005.9          0.805
        4304000       0.887820            905         0.9967         7007.4          0.774
        4305000       0.888011            905         0.9967         7008.9          0.754
        4306000       0.888179            905         0.9967         7010.4          0.709
        4307000       0.888390            905         0.9967         7011.9          0.713
        4308000       0.888573            905         0.9967         7013.4          0.770
        4309000       0.888773            905         0.9967         7014.9          0.760
        4310000       0.888984            905         0.9967         7016.5          0.772
        4311000       0.889167            905         0.9967         7018.0          0.826
        4312000       0.889335            905         0.9967         7019.5          0.751
        4313000       0.889509            906         0.9967         7021.1          0.861
        4314000       0.889711            906         0.9967         7022.6          0.876
        4315000       0.889883            906         0.9967         7024.1          0.831
        4316000       0.890099            906         0.9967         7025.6          0.803
        4317000       0.890366            906         0.9967         7027.2          0.802
        4318000       0.890597            906         0.9967         7028.7          0.853
        4319000       0.890765            906         0.9967         7030.2          0.828
        4320000       0.890953            907         0.9967         7031.7          0.811
        4321000       0.891149            907         0.9967         7033.3          0.843
        4322000       0.891359            907         0.9967         7034.8          0.854
        4323000       0.891538            907         0.9967         7036.3          0.924
        4324000       0.891695            907         0.9967         7037.8          0.850
        4325000       0.891883            908         0.9967         7039.4          0.846
        4326000       0.892101            908         0.9967         7040.9          0.846
        4327000       0.892281            908         0.9967         7042.4          0.860
        4328000       0.892506            908         0.9967         7043.9          0.804
        4329000       0.892709            908         0.9967         7045.4          0.714
        4330000       0.892901            908         0.9967         7046.9          0.799
        4331000       0.893115            908         0.9967         7048.4          0.744
        4332000       0.893310            908         0.9967         7049.9          0.722
        4333000       0.893500            908         0.9967         7051.5          0.779
        4334000       0.893683            908         0.9967         7053.0          0.835
        4335000       0.893913            908         0.9967         7054.5          0.864
        4336000       0.894114            910         0.9967         7056.0          0.882
        4337000       0.894333            910         0.9967         7057.5          0.889
        4338000       0.894525            910         0.9967         7058.9          0.831
        4339000       0.894705            910         0.9967         7060.5          0.801
        4340000       0.894904            910         0.9967         7062.0          0.712
        4341000       0.895065            910         0.9967         7063.5          0.792
        4342000       0.895283            911         0.9967         7065.0          0.908
        4343000       0.895488            911         0.9967         7066.5          0.829
        4344000       0.895661            911         0.9967         7068.1          0.884
        4345000       0.895834            911         0.9967         7069.6          0.903
        4346000       0.896027            911         0.9967         7071.1          0.875
        4347000       0.896201            911         0.9967         7072.6          0.836
        4348000       0.896387            912         0.9967         7074.1          0.846
        4349000       0.896595            912         0.9967         7075.6          0.794
        4350000       0.896749            912         0.9967         7077.1          0.827
        4351000       0.896940            912         0.9967         7078.6          0.791
        4352000       0.897160            912         0.9967         7080.1          0.766
        4353000       0.897355            912         0.9967         7081.6          0.870
        4354000       0.897514            912         0.9967         7083.0          0.848
        4355000       0.897763            912         0.9967         7084.5          0.850
        4356000       0.897965            912         0.9967         7086.0          0.760
        4357000       0.898139            912         0.9967         7087.5          0.757
        4358000       0.898362            912         0.9967         7089.0          0.744
        4359000       0.898536            912         0.9967         7090.5          0.782
        4360000       0.898756            912         0.9967         7092.0          0.784
        4361000       0.898980            912         0.9967         7093.5          0.854
        4362000       0.899128            912         0.9967         7095.0          0.822
        4363000       0.899353            912         0.9967         7096.5          0.823
        4364000       0.899579            912         0.9967         7098.0          0.785
        4365000       0.899780            912         0.9967         7099.5          0.817
        4366000       0.899980            912         0.9967         7101.0          0.867
        4367000       0.900183            912         0.9967         7102.5          0.872
        4368000       0.900367            912         0.9967         7104.0          0.829
        4369000       0.900607            912         0.9967         7105.4          0.955
        4370000       0.900805            912         0.9967         7106.9          0.899
        4371000       0.901032            912         0.9967         7108.4          0.874
        4372000       0.901248            912         0.9967         7110.0          0.903
        4373000       0.901448            912         0.9967         7111.5          0.894
        4374000       0.901666            913         0.9967         7113.0          0.841
        4375000       0.901868            914         0.9967         7114.5          0.823
        4376000       0.902055            914         0.9967         7116.0          0.926
        4377000       0.902275            914         0.9967         7117.5          0.937
        4378000       0.902507            915         0.9967         7118.9          0.931
        4379000       0.902722            916         0.9967         7120.4          0.940
        4380000       0.902913            916         0.9967         7121.9          0.826
        4381000       0.903135            916         0.9967         7123.4          0.830
        4382000       0.903337            917         0.9967         7124.9          0.952
        4383000       0.903558            917         0.9966         7126.4          0.940
        4384000       0.903806            917         0.9966         7127.9          1.013
        4385000       0.903993            918         0.9966         7129.4          0.958
        4386000       0.904223            919         0.9966         7130.9          0.999
        4387000       0.904410            919         0.9966         7132.4          0.970
        4388000       0.904624            920         0.9966         7133.9          0.928
        4389000       0.904838            921         0.9966         7135.4          0.958
        4390000       0.905010            921         0.9966         7136.9          0.962
        4391000       0.905224            921         0.9966         7138.4          0.986
        4392000       0.905428            922         0.9966         7140.0          0.873
        4393000       0.905609            922         0.9966         7141.4          0.830
        4394000       0.905804            922         0.9966         7142.9          0.809
        4395000       0.906026            923         0.9966         7144.4          0.850
        4396000       0.906231            924         0.9966         7146.0          0.868
        4397000       0.906420            924         0.9966         7147.5          0.944
        4398000       0.906587            924         0.9966         7149.0          0.915
        4399000       0.906749            925         0.9966         7150.5          0.960
        4400000       0.906941            925         0.9966         7152.0          0.867
        4401000       0.907141            925         0.9966         7153.4          0.976
        4402000       0.907317            925         0.9966         7154.9          0.976
        4403000       0.907505            925         0.9966         7156.4          0.946
        4404000       0.907699            925         0.9966         7157.8          0.928
        4405000       0.907892            925         0.9966         7159.3          0.876
        4406000       0.908159            926         0.9966         7160.8          0.909
        4407000       0.908386            927         0.9966         7162.3          0.886
        4408000       0.908652            927         0.9966         7163.8          0.903
        4409000       0.908853            927         0.9966         7165.2          0.939
        4410000       0.909021            927         0.9966         7166.7          0.949
        4411000       0.909198            927         0.9966         7168.2          0.920
        4412000       0.909397            928         0.9966         7169.6          0.818
        4413000       0.909560            928         0.9966         7171.2          0.812
        4414000       0.909776            929         0.9966         7172.7          0.900
        4415000       0.909987            930         0.9966         7174.1          0.911
        4416000       0.910256            931         0.9966         7175.6          1.030
        4417000       0.910440            932         0.9966         7177.0          1.040
        4418000       0.910664            932         0.9966         7178.5          1.061
        4419000       0.910866            932         0.9966         7180.0          1.007
        4420000       0.911085            932         0.9966         7181.5          0.942
        4421000       0.911287            933         0.9966         7182.9          0.938
        4422000       0.911488            933         0.9966         7184.4          0.860
        4423000       0.911649            933         0.9966         7185.9          0.860
        4424000       0.911826            933         0.9966         7187.3          0.925
        4425000       0.911979            933         0.9966         7188.8          0.924
        4426000       0.912220            933         0.9966         7190.2          0.905
        4427000       0.912428            933         0.9966         7191.7          0.830
        4428000       0.912656            933         0.9966         7193.2          0.891
        4429000       0.912862            933         0.9966         7194.6          0.867
        4430000       0.913062            933         0.9966         7196.1          0.879
        4431000       0.913262            933         0.9966         7197.6          0.900
        4432000       0.913435            933         0.9966         7199.0          0.850
        4433000       0.913671            933         0.9966         7200.5          0.928
        4434000       0.913876            933         0.9966         7201.9          0.862
        4435000       0.914160            933         0.9966         7203.4          0.783
        4436000       0.914355            933         0.9966         7204.8          0.776
        4437000       0.914538            933         0.9966         7206.3          0.775
        4438000       0.914724            933         0.9966         7207.7          0.758
        4439000       0.914950            933         0.9966         7209.2          0.868
        4440000       0.915149            934         0.9966         7210.7          0.841
        4441000       0.915328            934         0.9966         7212.1          0.810
        4442000       0.915562            934         0.9966         7213.6          0.804
        4443000       0.915801            934         0.9966         7215.0          0.843
        4444000       0.915994            934         0.9966         7216.5          0.849
        4445000       0.916200            934         0.9966         7218.0          0.858
        4446000       0.916448            934         0.9966         7219.5          0.903
        4447000       0.916629            934         0.9966         7221.0          0.903
        4448000       0.916823            934         0.9966         7222.4          0.908
        4449000       0.917032            935         0.9966         7223.9          0.955
        4450000       0.917241            936         0.9966         7225.4          1.005
        4451000       0.917433            937         0.9966         7226.8          0.935
        4452000       0.917621            937         0.9966         7228.3          0.918
        4453000       0.917792            938         0.9966         7229.8          0.795
        4454000       0.918007            939         0.9966         7231.2          0.816
        4455000       0.918220            939         0.9966         7232.7          0.876
        4456000       0.918486            939         0.9966         7234.2          0.869
        4457000       0.918702            939         0.9966         7235.7          0.822
        4458000       0.918865            939         0.9966         7237.1          0.807
        4459000       0.919073            940         0.9966         7238.6          0.782
        4460000       0.919295            941         0.9966         7240.1          0.856
        4461000       0.919458            941         0.9966         7241.6          0.734
        4462000       0.919672            941         0.9966         7243.0          0.726
        4463000       0.919907            941         0.9966         7244.5          0.903
        4464000       0.920124            941         0.9966         7246.0          0.821
        4465000       0.920303            942         0.9966         7247.5          0.917
        4466000       0.920509            942         0.9966         7249.0          0.934
        4467000       0.920711            942         0.9966         7250.4          0.930
        4468000       0.920933            942         0.9966         7251.9          0.816
        4469000       0.921186            942         0.9966         7253.4          0.819
        4470000       0.921423            942         0.9966         7254.9          0.877
        4471000       0.921598            942         0.9966         7256.3          0.839
        4472000       0.921805            942         0.9966         7257.8          0.842
        4473000       0.921984            942         0.9966         7259.3          0.875
        4474000       0.922201            942         0.9966         7260.7          0.789
        4475000       0.922434            942         0.9966         7262.2          0.819
        4476000       0.922644            942         0.9966         7263.7          0.819
        4477000       0.922847            942         0.9966         7265.2          0.819
        4478000       0.923073            943         0.9966         7266.6          0.835
        4479000       0.923307            943         0.9966         7268.1          0.910
        4480000       0.923509            943         0.9966         7269.6          0.904
        4481000       0.923730            943         0.9966         7271.0          0.795
        4482000       0.923904            943         0.9966         7272.5          0.849
        4483000       0.924109            944         0.9966         7273.9          0.792
        4484000       0.924292            944         0.9966         7275.4          0.840
        4485000       0.924495            944         0.9966         7276.8          0.879
        4486000       0.924710            944         0.9966         7278.3          0.794
        4487000       0.924923            944         0.9966         7279.7          0.843
        4488000       0.925146            945         0.9966         7281.2          0.856
        4489000       0.925292            945         0.9966         7282.7          0.856
        4490000       0.925509            945         0.9966         7284.1          0.926
        4491000       0.925703            945         0.9966         7285.6          0.837
        4492000       0.925906            945         0.9966         7287.0          0.836
        4493000       0.926108            945         0.9966         7288.5          0.839
        4494000       0.926279            945         0.9966         7289.9          0.856
        4495000       0.926492            945         0.9966         7291.4          0.820
        4496000       0.926729            945         0.9966         7292.9          0.852
        4497000       0.926960            945         0.9966         7294.3          0.861
        4498000       0.927114            945         0.9966         7295.8          0.913
        4499000       0.927308            945         0.9966         7297.2          0.859
        4500000       0.927518            945         0.9966         7299.3          0.862
        4501000       0.927717            945         0.9966         7300.8          0.920
        4502000       0.927888            945         0.9966         7302.2          0.891
        4503000       0.928063            945         0.9966         7303.8          0.911
        4504000       0.928285            945         0.9966         7305.2          0.980
        4505000       0.928477            945         0.9966         7306.7          0.921
        4506000       0.928676            945         0.9966         7308.1          0.963
        4507000       0.928829            946         0.9966         7309.6          0.863
        4508000       0.929039            946         0.9966         7311.1          0.780
        4509000       0.929268            946         0.9966         7312.6          0.800
        4510000       0.929481            946         0.9966         7314.0          0.838
        4511000       0.929663            946         0.9966         7315.5          0.929
        4512000       0.929829            946         0.9966         7316.9          0.909
        4513000       0.930001            946         0.9966         7318.4          0.961
        4514000       0.930141            946         0.9966         7319.8          0.911
        4515000       0.930342            946         0.9966         7321.3          0.939
        4516000       0.930495            946         0.9966         7322.7          0.939
        4517000       0.930691            946         0.9966         7324.2          0.934
        4518000       0.930898            947         0.9966         7325.6          0.915
        4519000       0.931073            947         0.9966         7327.1          0.953
        4520000       0.931231            948         0.9966         7328.5          0.905
        4521000       0.931409            948         0.9966         7330.0          0.914
        4522000       0.931644            948         0.9966         7331.5          0.904
        4523000       0.931805            948         0.9966         7332.9          0.895
        4524000       0.931947            948         0.9966         7334.3          0.892
        4525000       0.932226            949         0.9966         7335.8          0.843
        4526000       0.932404            949         0.9966         7337.2          0.908
        4527000       0.932614            949         0.9966         7338.7          0.898
        4528000       0.932759            949         0.9966         7340.1          0.859
        4529000       0.932992            950         0.9966         7341.6          0.845
        4530000       0.933136            950         0.9966         7343.0          0.908
        4531000       0.933365            951         0.9966         7344.5          0.896
        4532000       0.933575            951         0.9966         7346.0          0.869
        4533000       0.933778            951         0.9966         7347.4          0.879
        4534000       0.934014            951         0.9966         7348.9          0.865
        4535000       0.934211            952         0.9966         7350.3          0.820
        4536000       0.934426            952         0.9966         7351.7          0.892
        4537000       0.934687            952         0.9966         7353.2          0.854
        4538000       0.934859            952         0.9966         7354.6          0.836
        4539000       0.935143            952         0.9966         7356.1          0.879
        4540000       0.935370            952         0.9966         7357.5          0.922
        4541000       0.935594            954         0.9966         7359.0          0.983
        4542000       0.935756            954         0.9966         7360.4          0.937
        4543000       0.935890            955         0.9966         7361.9          0.924
        4544000       0.936057            955         0.9966         7363.3          0.936
        4545000       0.936279            955         0.9966         7364.8          0.975
        4546000       0.936449            955         0.9966         7366.2          0.926
        4547000       0.936691            956         0.9966         7367.7          0.909
        4548000       0.936859            956         0.9966         7369.1          0.949
        4549000       0.937090            956         0.9966         7370.6          0.923
        4550000       0.937315            956         0.9966         7372.0          1.014
        4551000       0.937536            956         0.9966         7373.5          1.032
        4552000       0.937836            956         0.9966         7374.9          0.943
        4553000       0.938061            956         0.9966         7376.4          0.964
        4554000       0.938212            956         0.9966         7377.8          0.966
        4555000       0.938400            956         0.9966         7379.3          1.053
        4556000       0.938628            956         0.9966         7380.7          1.005
        4557000       0.938877            956         0.9966         7382.2          0.962
        4558000       0.939108            956         0.9966         7383.6          0.993
        4559000       0.939304            956         0.9966         7385.1          0.941
        4560000       0.939559            956         0.9966         7386.5          0.895
        4561000       0.939780            957         0.9966         7388.0          0.972
        4562000       0.939974            957         0.9966         7389.4          0.916
        4563000       0.940172            958         0.9966         7390.9          0.902
        4564000       0.940404            958         0.9966         7392.3          0.961
        4565000       0.940599            959         0.9966         7393.8          0.991
        4566000       0.940816            959         0.9966         7395.2          0.853
        4567000       0.941069            959         0.9966         7396.7          0.873
        4568000       0.941216            959         0.9966         7398.1          0.909
        4569000       0.941400            959         0.9966         7399.6          0.947
        4570000       0.941563            959         0.9966         7401.1          0.848
        4571000       0.941770            959         0.9966         7402.5          0.881
        4572000       0.941929            959         0.9966         7404.0          0.828
        4573000       0.942110            959         0.9966         7405.4          0.885
        4574000       0.942323            959         0.9966         7406.9          0.851
        4575000       0.942569            959         0.9966         7408.4          0.874
        4576000       0.942743            959         0.9966         7409.8          0.864
        4577000       0.942867            959         0.9966         7411.3          0.851
        4578000       0.943070            959         0.9966         7412.7          0.853
        4579000       0.943294            959         0.9966         7414.2          0.952
        4580000       0.943461            959         0.9966         7415.6          0.962
        4581000       0.943656            959         0.9966         7417.1          0.956
        4582000       0.943860            959         0.9966         7418.6          0.972
        4583000       0.944061            960         0.9966         7420.0          0.957
        4584000       0.944300            960         0.9966         7421.5          0.984
        4585000       0.944487            960         0.9966         7422.9          0.881
        4586000       0.944749            960         0.9966         7424.4          0.900
        4587000       0.945024            960         0.9966         7425.9          0.917
        4588000       0.945257            960         0.9966         7427.3          0.891
        4589000       0.945515            960         0.9966         7428.8          0.973
        4590000       0.945752            961         0.9966         7430.3          0.959
        4591000       0.945948            961         0.9966         7431.8          0.953
        4592000       0.946142            961         0.9966         7433.2          0.906
        4593000       0.946307            961         0.9966         7434.7          0.979
        4594000       0.946483            961         0.9966         7436.2          1.046
        4595000       0.946664            962         0.9966         7437.7          1.022
        4596000       0.946840            963         0.9966         7439.1          1.075
        4597000       0.947067            964         0.9966         7440.6          1.145
        4598000       0.947334            964         0.9966         7442.0          1.033
        4599000       0.947533            964         0.9966         7443.5          0.970
        4600000       0.947739            965         0.9966         7445.0          0.909
        4601000       0.947898            965         0.9966         7446.4          0.887
        4602000       0.948123            966         0.9966         7447.9          0.897
        4603000       0.948375            966         0.9966         7449.4          1.102
        4604000       0.948593            966         0.9966         7450.9          1.111
        4605000       0.948791            966         0.9966         7452.4          1.101
        4606000       0.948978            966         0.9966         7453.9          1.102
        4607000       0.949123            967         0.9966         7455.4          1.105
        4608000       0.949328            968         0.9966         7456.8          1.059
        4609000       0.949569            968         0.9966         7458.3          1.107
        4610000       0.949738            968         0.9966         7459.8          1.099
        4611000       0.949935            968         0.9966         7461.3          1.039
        4612000       0.950114            968         0.9966         7462.8          1.076
        4613000       0.950290            968         0.9966         7464.2          1.084
        4614000       0.950459            968         0.9966         7465.7          1.100
        4615000       0.950654            968         0.9966         7467.2          1.082
        4616000       0.950901            969         0.9966         7468.7          1.107
        4617000       0.951129            969         0.9966         7470.1          1.106
        4618000       0.951305            969         0.9966         7471.5          1.075
        4619000       0.951526            970         0.9966         7473.0          1.034
        4620000       0.951740            970         0.9966         7474.5          0.976
        4621000       0.951945            970         0.9966         7476.0          1.046
        4622000       0.952104            970         0.9966         7477.4          1.072
        4623000       0.952321            971         0.9966         7478.9          1.067
        4624000       0.952564            971         0.9966         7480.4          1.016
        4625000       0.952722            971         0.9966         7481.8          0.946
        4626000       0.952938            972         0.9966         7483.3          0.907
        4627000       0.953120            972         0.9966         7484.7          0.940
        4628000       0.953301            972         0.9966         7486.2          1.009
        4629000       0.953552            973         0.9966         7487.6          0.967
        4630000       0.953761            975         0.9966         7489.1          0.996
        4631000       0.953954            975         0.9966         7490.6          1.006
        4632000       0.954196            977         0.9966         7492.1          0.973
        4633000       0.954434            977         0.9966         7493.5          1.007
        4634000       0.954607            977         0.9966         7495.0          1.001
        4635000       0.954802            977         0.9966         7496.5          0.994
        4636000       0.955010            977         0.9966         7497.9          0.960
        4637000       0.955157            977         0.9966         7499.4          0.930
        4638000       0.955296            977         0.9966         7500.9          0.917
        4639000       0.955569            978         0.9966         7503.5          0.909
        4640000       0.955842            978         0.9966         7504.9          0.913
        4641000       0.956039            978         0.9966         7506.4          0.964
        4642000       0.956192            978         0.9966         7507.9          0.877
        4643000       0.956386            978         0.9966         7509.3          0.852
        4644000       0.956570            978         0.9966         7510.8          0.839
        4645000       0.956739            978         0.9966         7512.3          0.947
        4646000       0.956892            978         0.9966         7513.7          0.923
        4647000       0.957101            978         0.9966         7515.1          0.927
        4648000       0.957272            978         0.9966         7516.6          0.902
        4649000       0.957453            978         0.9966         7518.1          0.900
        4650000       0.957666            978         0.9966         7519.6          0.921
        4651000       0.957906            979         0.9966         7521.0          0.925
        4652000       0.958129            979         0.9966         7522.4          0.944
        4653000       0.958320            981         0.9966         7523.9          0.891
        4654000       0.958525            981         0.9966         7525.4          0.987
        4655000       0.958767            982         0.9966         7526.8          0.980
        4656000       0.958941            983         0.9966         7528.3          0.977
        4657000       0.959115            983         0.9966         7529.7          0.979
        4658000       0.959369            983         0.9966         7531.2          0.946
        4659000       0.959576            983         0.9966         7532.6          0.939
        4660000       0.959749            983         0.9966         7534.0          1.007
        4661000       0.959916            984         0.9966         7535.5          0.992
        4662000       0.960135            984         0.9966         7537.0          1.096
        4663000       0.960336            984         0.9966         7538.4          0.973
        4664000       0.960525            984         0.9966         7539.9          1.001
        4665000       0.960735            985         0.9966         7541.4          0.957
        4666000       0.960919            985         0.9966         7542.8          0.931
        4667000       0.961105            985         0.9966         7544.3          0.956
        4668000       0.961307            985         0.9966         7545.7          0.969
        4669000       0.961455            985         0.9966         7547.2          0.957
        4670000       0.961656            985         0.9966         7548.6          0.909
        4671000       0.961801            985         0.9966         7550.1          0.974
        4672000       0.961961            985         0.9966         7551.5          0.966
        4673000       0.962158            985         0.9966         7553.0          1.028
        4674000       0.962367            985         0.9966         7554.4          1.057
        4675000       0.962572            985         0.9966         7555.9          0.990
        4676000       0.962818            985         0.9966         7557.4          0.903
        4677000       0.963055            985         0.9966         7558.8          0.976
        4678000       0.963285            986         0.9966         7560.3          0.938
        4679000       0.963490            987         0.9966         7561.7          0.963
        4680000       0.963712            987         0.9966         7563.1          0.852
        4681000       0.963955            988         0.9966         7564.6          0.901
        4682000       0.964134            988         0.9966         7566.1          0.883
        4683000       0.964375            989         0.9966         7567.5          0.986
        4684000       0.964559            989         0.9966         7568.9          0.992
        4685000       0.964778            989         0.9966         7570.4          0.906
        4686000       0.965005            989         0.9966         7571.8          1.004
        4687000       0.965203            989         0.9966         7573.3          0.991
        4688000       0.965448            989         0.9966         7574.8          1.040
        4689000       0.965637            989         0.9966         7576.3          1.023
        4690000       0.965879            989         0.9966         7577.7          0.997
        4691000       0.966069            990         0.9966         7579.2          0.937
        4692000       0.966273            990         0.9966         7580.7          1.012
        4693000       0.966472            991         0.9966         7582.1          0.934
        4694000       0.966742            991         0.9966         7583.6          0.943
        4695000       0.966959            993         0.9966         7585.0          0.980
        4696000       0.967180            993         0.9966         7586.5          1.019
        4697000       0.967404            993         0.9966         7588.0          0.946
        4698000       0.967648            994         0.9966         7589.5          1.028
        4699000       0.967831            994         0.9966         7590.9          1.039
        4700000       0.968039            995         0.9966         7592.4          1.024
        4701000       0.968237            995         0.9966         7593.9          0.961
        4702000       0.968421            995         0.9966         7595.3          0.917
        4703000       0.968627            995         0.9966         7596.8          0.896
        4704000       0.968834            995         0.9966         7598.3          0.953
        4705000       0.969011            996         0.9966         7599.8          0.998
        4706000       0.969262            996         0.9966         7601.3          0.946
        4707000       0.969466            996         0.9966         7602.7          0.980
        4708000       0.969660            996         0.9966         7604.2          0.986
        4709000       0.969856            996         0.9966         7605.7          1.120
        4710000       0.970060            996         0.9966         7607.2          1.136
        4711000       0.970240            996         0.9966         7608.6          1.113
        4712000       0.970432            996         0.9966         7610.1          1.047
        4713000       0.970611            996         0.9966         7611.6          1.115
        4714000       0.970856            996         0.9966         7613.1          1.091
        4715000       0.971052            996         0.9966         7614.5          1.056
        4716000       0.971278            996         0.9966         7616.0          1.032
        4717000       0.971486            996         0.9966         7617.5          1.048
        4718000       0.971689            996         0.9966         7619.0          1.066
        4719000       0.971852            997         0.9966         7620.6          1.107
        4720000       0.972096            997         0.9966         7622.0          1.098
        4721000       0.972285            997         0.9966         7623.4          0.910
        4722000       0.972434            998         0.9966         7624.9          0.861
        4723000       0.972591            998         0.9966         7626.4          0.845
        4724000       0.972800            998         0.9966         7627.8          0.994
        4725000       0.972985            998         0.9966         7629.3          0.864
        4726000       0.973175            998         0.9966         7630.8          0.886
        4727000       0.973337            998         0.9966         7632.2          0.931
        4728000       0.973568            998         0.9966         7633.7          0.960
        4729000       0.973768            998         0.9966         7635.2          1.016
        4730000       0.973989            999         0.9966         7636.7          0.974
        4731000       0.974197            999         0.9966         7638.2          0.992
        4732000       0.974401            999         0.9966         7639.6          0.966
        4733000       0.974574            999         0.9966         7641.1          0.961
        4734000       0.974750           1000         0.9966         7642.5          0.987
        4735000       0.974941           1000         0.9966         7644.0          1.006
        4736000       0.975152           1000         0.9966         7645.5          0.987
        4737000       0.975378           1000         0.9966         7647.0          0.955
        4738000       0.975606           1000         0.9966         7648.4          0.835
        4739000       0.975822           1000         0.9966         7649.9          0.916
        4740000       0.976044           1000         0.9966         7651.3          0.957
        4741000       0.976278           1001         0.9966         7652.8          0.937
        4742000       0.976450           1001         0.9966         7654.2          0.841
        4743000       0.976682           1001         0.9966         7655.7          0.852
        4744000       0.976868           1001         0.9966         7657.2          0.906
        4745000       0.977064           1002         0.9965         7658.6          0.860
        4746000       0.977299           1002         0.9965         7660.1          0.860
        4747000       0.977503           1002         0.9965         7661.6          0.923
        4748000       0.977741           1003         0.9965         7663.0          0.877
        4749000       0.977900           1003         0.9965         7664.5          0.827
        4750000       0.978079           1003         0.9965         7665.9          0.883
        4751000       0.978334           1003         0.9965         7667.4          0.859
        4752000       0.978462           1003         0.9965         7668.9          0.830
        4753000       0.978663           1003         0.9965         7670.3          0.932
        4754000       0.978810           1003         0.9965         7671.8          0.941
        4755000       0.978970           1003         0.9965         7673.2          0.894
        4756000       0.979178           1004         0.9965         7674.7          0.858
        4757000       0.979363           1004         0.9965         7676.2          0.804
        4758000       0.979563           1004         0.9965         7677.6          0.858
        4759000       0.979746           1005         0.9965         7679.1          0.867
        4760000       0.979983           1006         0.9965         7680.6          0.876
        4761000       0.980198           1006         0.9965         7682.0          0.932
        4762000       0.980376           1006         0.9965         7683.7          0.965
        4763000       0.980569           1007         0.9965         7685.1          0.972
        4764000       0.980747           1008         0.9965         7686.6          0.973
        4765000       0.980919           1008         0.9965         7688.1          1.004
        4766000       0.981114           1008         0.9965         7689.9          1.060
        4767000       0.981295           1008         0.9965         7691.3          1.057
        4768000       0.981514           1008         0.9965         7692.8          0.957
        4769000       0.981707           1008         0.9965         7694.3          0.957
        4770000       0.981887           1008         0.9965         7695.8          0.899
        4771000       0.982066           1008         0.9965         7697.3          0.946
        4772000       0.982277           1009         0.9965         7698.7          0.981
        4773000       0.982434           1009         0.9965         7700.2          0.926
        4774000       0.982645           1009         0.9965         7701.7          0.878
        4775000       0.982851           1009         0.9965         7703.2          0.855
        4776000       0.983017           1009         0.9965         7704.7          0.848
        4777000       0.983228           1011         0.9965         7706.1          0.901
        4778000       0.983418           1011         0.9965         7707.6          0.941
        4779000       0.983642           1011         0.9965         7709.1          0.942
        4780000       0.983814           1011         0.9965         7710.5          0.939
        4781000       0.983989           1012         0.9965         7712.0          0.924
        4782000       0.984213           1012         0.9965         7713.5          0.965
        4783000       0.984424           1012         0.9965         7715.0          0.909
        4784000       0.984604           1012         0.9965         7716.4          0.894
        4785000       0.984858           1012         0.9965         7717.9          0.915
        4786000       0.985043           1012         0.9965         7719.4          0.912
        4787000       0.985244           1012         0.9965         7720.8          0.932
        4788000       0.985443           1012         0.9965         7722.3          0.937
        4789000       0.985662           1012         0.9965         7723.8          0.946
        4790000       0.985880           1012         0.9965         7725.3          0.848
        4791000       0.986072           1012         0.9965         7726.7          0.856
        4792000       0.986249           1013         0.9965         7728.2          0.903
        4793000       0.986483           1013         0.9965         7729.7          0.907
        4794000       0.986680           1015         0.9965         7731.1          0.891
        4795000       0.986854           1015         0.9965         7732.6          0.915
        4796000       0.987064           1016         0.9965         7734.1          0.932
        4797000       0.987276           1016         0.9965         7735.6          0.940
        4798000       0.987460           1016         0.9965         7737.1          0.975
        4799000       0.987674           1016         0.9965         7738.6          0.884
        4800000       0.987882           1016         0.9965         7740.0          0.983
        4801000       0.988085           1016         0.9965         7741.5          1.018
        4802000       0.988299           1017         0.9965         7743.0          0.938
        4803000       0.988522           1017         0.9965         7744.5          1.030
        4804000       0.988774           1017         0.9965         7746.0          0.988
        4805000       0.988952           1017         0.9965         7747.4          0.990
        4806000       0.989168           1017         0.9965         7748.9          0.973
        4807000       0.989389           1018         0.9965         7750.4          0.996
        4808000       0.989597           1018         0.9965         7751.9          0.996
        4809000       0.989807           1018         0.9965         7753.4          0.960
        4810000       0.990038           1018         0.9965         7754.9          0.918
        4811000       0.990269           1018         0.9965         7756.4          0.975
        4812000       0.990434           1018         0.9965         7757.9          0.991
        4813000       0.990609           1018         0.9965         7759.3          0.955
        4814000       0.990790           1018         0.9965         7760.8          0.911
        4815000       0.990999           1018         0.9965         7762.3          0.982
        4816000       0.991178           1018         0.9965         7763.8          0.995
        4817000       0.991351           1018         0.9965         7765.3          0.950
        4818000       0.991600           1018         0.9965         7766.8          0.974
        4819000       0.991757           1019         0.9965         7768.3          0.974
        4820000       0.991964           1019         0.9965         7769.7          0.951
        4821000       0.992150           1020         0.9965         7771.2          0.912
        4822000       0.992373           1020         0.9965         7772.7          0.976
        4823000       0.992559           1020         0.9965         7774.2          1.008
        4824000       0.992755           1020         0.9965         7775.6          1.013
        4825000       0.992954           1021         0.9965         7777.1          0.922
        4826000       0.993119           1022         0.9965         7778.6          0.981
        4827000       0.993311           1022         0.9965         7780.1          0.918
        4828000       0.993491           1022         0.9965         7781.6          0.918
        4829000       0.993734           1022         0.9965         7783.1          0.968
        4830000       0.993915           1022         0.9965         7784.6          0.973
        4831000       0.994076           1022         0.9965         7786.0          0.985
        4832000       0.994324           1023         0.9965         7787.6          0.987
        4833000       0.994532           1023         0.9965         7789.0          1.002
        4834000       0.994760           1026         0.9965         7790.5          0.985
        4835000       0.994973           1026         0.9965         7792.0          0.997
        4836000       0.995156           1026         0.9965         7793.5          0.932
        4837000       0.995352           1026         0.9965         7794.9          0.961
        4838000       0.995581           1026         0.9965         7796.4          1.039
        4839000       0.995807           1026         0.9965         7797.9          0.968
        4840000       0.996001           1026         0.9965         7799.3          0.963
        4841000       0.996220           1026         0.9965         7800.8          1.001
        4842000       0.996433           1027         0.9965         7802.3          0.971
        4843000       0.996608           1027         0.9965         7803.7          0.996
        4844000       0.996814           1027         0.9965         7805.2          0.960
        4845000       0.997020           1027         0.9965         7806.7          1.024
        4846000       0.997207           1027         0.9965         7808.1          1.026
        4847000       0.997386           1027         0.9965         7809.6          1.028
        4848000       0.997630           1027         0.9965         7811.1          0.930
        4849000       0.997812           1027         0.9965         7812.5          1.007
        4850000       0.997990           1027         0.9965         7814.0          0.999
        4851000       0.998203           1028         0.9965         7815.5          1.023
        4852000       0.998384           1028         0.9965         7816.9          1.039
        4853000       0.998601           1028         0.9965         7818.4          0.914
        4854000       0.998806           1028         0.9965         7819.9          1.023
        4855000       0.998994           1028         0.9965         7821.3          1.013
        4856000       0.999196           1028         0.9965         7822.8          1.013
        4857000       0.999430           1028         0.9965         7824.2          1.036
        4858000       0.999654           1028         0.9965         7825.7          0.955
        4859000       0.999868           1028         0.9965         7827.2          1.041
        4860000       1.000054           1028         0.9965         7828.6          0.987
        4861000       1.000293           1028         0.9965         7830.1          0.941
        4862000       1.000512           1028         0.9965         7831.6          0.946
        4863000       1.000726           1028         0.9965         7833.1          1.064
        4864000       1.000914           1028         0.9965         7834.5          1.070
        4865000       1.001174           1028         0.9965         7836.0          1.074
        4866000       1.001418           1028         0.9965         7837.5          1.070
        4867000       1.001646           1028         0.9965         7838.9          1.047
        4868000       1.001880           1028         0.9965         7840.4          1.062
        4869000       1.002101           1028         0.9965         7841.9          0.989
        4870000       1.002300           1029         0.9965         7843.3          0.975
        4871000       1.002500           1029         0.9965         7844.8          0.973
        4872000       1.002679           1029         0.9965         7846.3          0.959
        4873000       1.002899           1029         0.9965         7847.8          0.942
        4874000       1.003069           1029         0.9965         7849.2          0.954
        4875000       1.003302           1029         0.9965         7850.7          0.983
        4876000       1.003499           1029         0.9965         7852.2          1.000
        4877000       1.003657           1029         0.9965         7853.7          0.947
        4878000       1.003882           1029         0.9965         7855.1          0.971
        4879000       1.004092           1029         0.9965         7856.6          0.964
        4880000       1.004350           1029         0.9965         7858.1          0.952
        4881000       1.004598           1031         0.9965         7859.6          0.932
        4882000       1.004865           1031         0.9965         7861.1          0.955
        4883000       1.005049           1031         0.9965         7862.5          0.965
        4884000       1.005241           1031         0.9965         7864.0          0.966
        4885000       1.005474           1032         0.9965         7865.5          0.901
        4886000       1.005703           1032         0.9965         7866.9          0.938
        4887000       1.005920           1032         0.9965         7868.4          0.956
        4888000       1.006104           1032         0.9965         7869.9          0.976
        4889000       1.006284           1032         0.9965         7871.3          0.951
        4890000       1.006443           1033         0.9965         7872.8          0.964
        4891000       1.006658           1033         0.9965         7874.3          0.933
        4892000       1.006883           1034         0.9965         7875.8          0.963
        4893000       1.007054           1034         0.9965         7877.2          0.969
        4894000       1.007255           1034         0.9965         7878.7          0.926
        4895000       1.007451           1034         0.9965         7880.2          0.884
        4896000       1.007615           1034         0.9965         7881.6          0.894
        4897000       1.007865           1034         0.9965         7883.1          0.850
        4898000       1.008043           1034         0.9965         7884.6          0.897
        4899000       1.008250           1034         0.9965         7886.0          0.943
        4900000       1.008455           1034         0.9965         7887.5          0.961
        4901000       1.008667           1034         0.9965         7889.0          0.864
        4902000       1.008869           1034         0.9965         7890.4          0.895
        4903000       1.009091           1035         0.9965         7891.9          0.926
        4904000       1.009300           1035         0.9965         7893.3          0.918
        4905000       1.009524           1035         0.9965         7894.8          0.949
        4906000       1.009731           1035         0.9965         7896.2          0.921
        4907000       1.009967           1035         0.9965         7897.6          0.940
        4908000       1.010176           1035         0.9965         7899.1          0.961
        4909000       1.010347           1035         0.9965         7900.6          0.899
        4910000       1.010521           1035         0.9965         7902.0          0.887
        4911000       1.010758           1035         0.9965         7903.4          0.909
        4912000       1.010947           1035         0.9965         7904.9          0.910
        4913000       1.011169           1035         0.9965         7906.4          0.904
        4914000       1.011370           1035         0.9965         7907.8          0.877
        4915000       1.011591           1035         0.9965         7909.3          0.899
        4916000       1.011803           1035         0.9965         7910.8          0.932
        4917000       1.011978           1035         0.9965         7912.2          0.981
        4918000       1.012171           1037         0.9965         7913.7          0.956
        4919000       1.012413           1037         0.9965         7915.1          0.939
        4920000       1.012618           1037         0.9965         7916.6          0.902
        4921000       1.012823           1037         0.9965         7918.0          0.967
        4922000       1.012991           1037         0.9965         7919.4          0.938
        4923000       1.013129           1037         0.9965         7920.9          0.931
        4924000       1.013335           1037         0.9965         7922.3          0.904
        4925000       1.013523           1037         0.9965         7923.8          0.849
        4926000       1.013741           1037         0.9965         7925.2          0.915
        4927000       1.013918           1037         0.9965         7926.7          0.859
        4928000       1.014135           1037         0.9965         7928.1          0.934
        4929000       1.014332           1037         0.9965         7929.6          0.924
        4930000       1.014502           1038         0.9965         7931.0          0.946
        4931000       1.014687           1038         0.9965         7932.5          0.982
        4932000       1.014885           1038         0.9965         7933.9          0.955
        4933000       1.015059           1039         0.9965         7935.4          1.004
        4934000       1.015273           1039         0.9965         7936.8          0.971
        4935000       1.015443           1039         0.9965         7938.3          0.905
        4936000       1.015640           1040         0.9965         7939.7          0.888
        4937000       1.015842           1040         0.9965         7941.2          0.867
        4938000       1.016073           1041         0.9965         7942.7          0.950
        4939000       1.016267           1041         0.9965         7944.1          0.919
        4940000       1.016448           1041         0.9965         7945.6          0.883
        4941000       1.016651           1041         0.9965         7947.0          0.904
        4942000       1.016830           1041         0.9965         7948.5          0.866
        4943000       1.017037           1041         0.9965         7949.9          0.908
        4944000       1.017268           1041         0.9965         7951.4          0.924
        4945000       1.017467           1041         0.9965         7952.9          0.846
        4946000       1.017669           1041         0.9965         7954.3          0.809
        4947000       1.017870           1041         0.9965         7955.8          0.868
        4948000       1.018096           1041         0.9965         7957.2          0.938
        4949000       1.018331           1041         0.9965         7958.7          0.934
        4950000       1.018576           1042         0.9965         7960.1          1.048
        4951000       1.018787           1042         0.9965         7961.6          0.985
        4952000       1.019001           1042         0.9965         7963.0          0.913
        4953000       1.019202           1042         0.9965         7964.5          0.953
        4954000       1.019426           1042         0.9965         7966.0          0.889
        4955000       1.019585           1042         0.9965         7967.4          0.949
        4956000       1.019802           1042         0.9965         7968.9          0.952
        4957000       1.019988           1042         0.9965         7970.3          0.939
        4958000       1.020187           1042         0.9965         7971.7          0.996
        4959000       1.020358           1042         0.9965         7973.2          1.057
        4960000       1.020547           1042         0.9965         7974.6          1.052
        4961000       1.020781           1042         0.9965         7976.1          1.046
        4962000       1.021044           1042         0.9965         7977.5          0.982
        4963000       1.021322           1043         0.9965         7979.0          1.038
        4964000       1.021573           1043         0.9965         7980.5          0.970
        4965000       1.021762           1043         0.9965         7981.9          0.968
        4966000       1.022023           1043         0.9965         7983.4          0.926
        4967000       1.022244           1043         0.9965         7984.9          0.983
        4968000       1.022475           1043         0.9965         7986.4          1.114
        4969000       1.022661           1043         0.9965         7987.9          1.020
        4970000       1.022889           1043         0.9965         7989.4          1.008
        4971000       1.023098           1043         0.9965         7990.9          0.937
        4972000       1.023286           1043         0.9965         7992.4          0.932
        4973000       1.023514           1043         0.9965         7993.8          0.933
        4974000       1.023738           1044         0.9965         7995.3          0.949
        4975000       1.023939           1044         0.9965         7996.8          0.974
        4976000       1.024142           1044         0.9965         7998.2          1.036
        4977000       1.024358           1044         0.9965         7999.7          1.044
        4978000       1.024526           1044         0.9965         8001.2          0.999
        4979000       1.024700           1044         0.9965         8002.7          0.991
        4980000       1.024907           1044         0.9965         8004.1          0.982
        4981000       1.025070           1044         0.9965         8005.6          0.958
        4982000       1.025226           1044         0.9965         8007.1          1.010
        4983000       1.025429           1044         0.9965         8008.6          0.929
        4984000       1.025632           1044         0.9965         8010.0          0.927
        4985000       1.025831           1044         0.9965         8011.5          0.882
        4986000       1.026040           1045         0.9965         8013.0          0.908
        4987000       1.026230           1046         0.9965         8014.5          0.995
        4988000       1.026453           1046         0.9965         8016.0          1.004
        4989000       1.026602           1046         0.9965         8017.5          0.984
        4990000       1.026764           1046         0.9965         8019.0          1.009
        4991000       1.026972           1046         0.9965         8020.5          1.018
        4992000       1.027148           1046         0.9965         8021.9          1.024
        4993000       1.027343           1046         0.9965         8023.4          1.045
        4994000       1.027574           1046         0.9965         8024.8          1.026
        4995000       1.027797           1046         0.9965         8026.3          1.038
        4996000       1.028002           1046         0.9965         8027.8          1.044
        4997000       1.028237           1046         0.9965         8029.3          1.046
        4998000       1.028453           1046         0.9965         8030.7          1.028
        4999000       1.028693           1046         0.9965         8032.2          0.981
        5000000       1.028904           1046         0.9965         8033.7          1.046
        5001000       1.029121           1046         0.9965         8035.2          1.012
        5002000       1.029302           1048         0.9965         8036.7          1.005
        5003000       1.029528           1048         0.9965         8038.2          0.989
        5004000       1.029725           1048         0.9965         8039.6          1.027
        5005000       1.029928           1048         0.9965         8041.1          0.980
        5006000       1.030103           1049         0.9965         8042.6          0.956
        5007000       1.030305           1049         0.9965         8044.1          0.959
        5008000       1.030478           1049         0.9965         8045.5          0.941
        5009000       1.030647           1049         0.9965         8047.0          0.974
        5010000       1.030883           1049         0.9965         8048.5          0.935
        5011000       1.031063           1049         0.9965         8050.0          0.946
        5012000       1.031232           1049         0.9965         8051.4          1.009
        5013000       1.031445           1049         0.9965         8052.9          1.000
        5014000       1.031634           1050         0.9965         8054.4          1.023
        5015000       1.031873           1050         0.9965         8055.8          1.054
        5016000       1.032047           1050         0.9965         8057.3          1.003
        5017000       1.032254           1050         0.9965         8058.7          1.117
        5018000       1.032428           1050         0.9965         8060.2          1.147
        5019000       1.032654           1050         0.9965         8061.7          1.051
        5020000       1.032865           1050         0.9965         8063.2          1.017
        5021000       1.033054           1050         0.9965         8064.7          0.967
        5022000       1.033248           1051         0.9965         8066.1          0.953
        5023000       1.033402           1051         0.9965         8067.6          0.984
        5024000       1.033593           1051         0.9965         8069.1          0.935
        5025000       1.033753           1051         0.9965         8070.6          1.020
        5026000       1.033954           1051         0.9965         8072.1          0.869
        5027000       1.034121           1052         0.9965         8073.6          0.871
        5028000       1.034308           1052         0.9965         8075.1          0.933
        5029000       1.034509           1052         0.9965         8076.6          0.924
        5030000       1.034736           1053         0.9965         8078.1          0.917
        5031000       1.034962           1053         0.9965         8079.6          1.019
        5032000       1.035136           1053         0.9965         8081.0          1.048
        5033000       1.035331           1053         0.9965         8082.5          1.017
        5034000       1.035534           1053         0.9965         8084.0          1.055
        5035000       1.035731           1053         0.9965         8085.5          0.980
        5036000       1.035940           1053         0.9965         8086.9          0.909
        5037000       1.036130           1054         0.9965         8088.4          0.986
        5038000       1.036376           1054         0.9965         8089.8          0.927
        5039000       1.036579           1055         0.9965         8091.3          0.924
        5040000       1.036783           1055         0.9965         8092.8          0.909
        5041000       1.037017           1055         0.9965         8094.3          0.957
        5042000       1.037229           1055         0.9965         8095.8          0.902
        5043000       1.037415           1055         0.9965         8097.2          0.921
        5044000       1.037615           1057         0.9965         8098.7          1.002
        5045000       1.037824           1057         0.9965         8100.2          1.028
        5046000       1.037996           1057         0.9965         8101.7          0.927
        5047000       1.038164           1057         0.9965         8103.1          0.930
        5048000       1.038338           1057         0.9965         8104.6          0.876
        5049000       1.038477           1057         0.9965         8106.1          0.906
        5050000       1.038671           1057         0.9965         8107.6          0.913
        5051000       1.038885           1057         0.9965         8109.1          0.865
        5052000       1.039089           1057         0.9965         8110.6          0.853
        5053000       1.039218           1057         0.9965         8112.1          0.839
        5054000       1.039431           1057         0.9965         8113.6          0.860
        5055000       1.039618           1057         0.9965         8115.1          0.892
        5056000       1.039800           1057         0.9965         8116.6          0.939
        5057000       1.040054           1057         0.9965         8118.1          0.989
        5058000       1.040261           1057         0.9965         8119.5          0.929
        5059000       1.040467           1057         0.9965         8121.0          0.980
        5060000       1.040676           1057         0.9965         8122.5          0.981
        5061000       1.040893           1057         0.9965         8124.0          0.871
        5062000       1.041067           1057         0.9965         8125.6          0.892
        5063000       1.041281           1058         0.9965         8127.1          0.834
        5064000       1.041456           1059         0.9965         8128.5          0.878
        5065000       1.041643           1059         0.9965         8130.0          0.915
        5066000       1.041857           1059         0.9965         8131.5          0.876
        5067000       1.042040           1060         0.9965         8133.0          0.946
        5068000       1.042228           1060         0.9965         8134.5          0.907
        5069000       1.042405           1060         0.9965         8136.0          0.917
        5070000       1.042643           1061         0.9965         8137.5          0.865
        5071000       1.042878           1061         0.9965         8139.0          0.868
        5072000       1.043007           1061         0.9965         8140.5          0.873
        5073000       1.043175           1061         0.9965         8141.9          0.825
        5074000       1.043354           1061         0.9965         8143.4          0.818
        5075000       1.043519           1061         0.9965         8144.9          0.795
        5076000       1.043693           1061         0.9965         8146.4          0.831
        5077000       1.043894           1061         0.9965         8147.9          0.971
        5078000       1.044127           1061         0.9965         8149.4          0.790
        5079000       1.044275           1061         0.9965         8150.9          0.825
        5080000       1.044446           1061         0.9965         8152.4          0.836
        5081000       1.044627           1062         0.9965         8153.9          0.869
        5082000       1.044833           1062         0.9965         8155.4          0.897
        5083000       1.044969           1063         0.9965         8156.8          0.881
        5084000       1.045179           1063         0.9965         8158.3          0.870
        5085000       1.045359           1063         0.9965         8159.8          0.896
        5086000       1.045574           1064         0.9965         8161.3          0.895
        5087000       1.045803           1064         0.9965         8162.8          0.908
        5088000       1.045952           1064         0.9965         8164.3          0.874
        5089000       1.046178           1064         0.9965         8165.8          0.873
        5090000       1.046405           1065         0.9965         8167.3          0.903
        5091000       1.046585           1066         0.9965         8168.7          0.925
        5092000       1.046760           1066         0.9965         8170.2          0.930
        5093000       1.046978           1066         0.9965         8171.7          0.905
        5094000       1.047153           1067         0.9965         8173.2          0.928
        5095000       1.047357           1067         0.9964         8174.7          0.876
        5096000       1.047517           1067         0.9965         8176.1          0.886
        5097000       1.047634           1067         0.9965         8177.6          0.868
        5098000       1.047785           1067         0.9965         8179.1          0.904
        5099000       1.047985           1068         0.9965         8180.6          0.862
        5100000       1.048182           1068         0.9965         8182.1          0.803
        5101000       1.048361           1068         0.9965         8183.5          0.881
        5102000       1.048518           1068         0.9965         8185.5          0.904
        5103000       1.048713           1069         0.9964         8187.0          0.903
        5104000       1.048893           1069         0.9964         8188.5          0.914
        5105000       1.049072           1069         0.9964         8190.0          0.941
        5106000       1.049244           1069         0.9964         8191.4          0.942
        5107000       1.049446           1069         0.9964         8192.9          0.904
        5108000       1.049637           1069         0.9964         8194.4          0.937
        5109000       1.049815           1070         0.9964         8195.9          0.872
        5110000       1.050035           1070         0.9964         8197.3          0.989
        5111000       1.050244           1070         0.9964         8198.8          0.926
        5112000       1.050436           1070         0.9964         8200.3          0.878
        5113000       1.050623           1070         0.9964         8201.7          0.780
        5114000       1.050824           1070         0.9964         8203.2          0.807
        5115000       1.051008           1070         0.9964         8204.7          0.893
        5116000       1.051247           1070         0.9964         8206.1          0.964
        5117000       1.051459           1070         0.9964         8207.6          0.880
        5118000       1.051667           1070         0.9964         8209.1          0.829
        5119000       1.051904           1070         0.9964         8210.6          0.863
        5120000       1.052121           1071         0.9964         8212.0          0.810
        5121000       1.052312           1071         0.9964         8213.5          0.877
        5122000       1.052543           1072         0.9964         8215.0          0.937
        5123000       1.052702           1072         0.9964         8216.5          0.884
        5124000       1.052863           1072         0.9964         8218.0          0.872
        5125000       1.053066           1073         0.9964         8219.5          0.802
        5126000       1.053281           1073         0.9964         8220.9          0.868
        5127000       1.053421           1073         0.9964         8222.4          0.860
        5128000       1.053602           1073         0.9964         8223.9          0.862
        5129000       1.053830           1073         0.9964         8225.3          0.937
        5130000       1.054014           1074         0.9964         8226.8          0.941
        5131000       1.054215           1074         0.9964         8228.2          0.802
        5132000       1.054391           1074         0.9964         8229.7          0.859
        5133000       1.054591           1074         0.9964         8231.2          0.832
        5134000       1.054844           1075         0.9964         8232.6          0.853
        5135000       1.055110           1075         0.9964         8234.1          0.948
        5136000       1.055367           1075         0.9964         8235.6          0.884
        5137000       1.055587           1075         0.9964         8237.1          0.978
        5138000       1.055773           1075         0.9964         8238.6          0.883
        5139000       1.055983           1075         0.9964         8240.1          0.942
        5140000       1.056179           1075         0.9964         8241.5          0.931
        5141000       1.056367           1075         0.9964         8243.0          0.959
        5142000       1.056548           1075         0.9964         8244.5          0.937
        5143000       1.056751           1075         0.9964         8246.0          0.959
        5144000       1.056966           1075         0.9964         8247.4          0.964
        5145000       1.057165           1075         0.9964         8248.9          1.025
        5146000       1.057389           1075         0.9964         8250.4          1.054
        5147000       1.057563           1075         0.9964         8251.9          1.012
        5148000       1.057742           1075         0.9964         8253.3          1.017
        5149000       1.057938           1076         0.9964         8254.8          1.065
        5150000       1.058154           1076         0.9964         8256.2          0.978
        5151000       1.058347           1076         0.9964         8257.7          1.076
        5152000       1.058563           1076         0.9964         8259.2          1.041
        5153000       1.058730           1076         0.9964         8260.6          1.008
        5154000       1.058873           1076         0.9964         8262.1          0.974
        5155000       1.059097           1076         0.9964         8263.6          0.997
        5156000       1.059306           1076         0.9964         8265.0          1.017
        5157000       1.059513           1076         0.9964         8266.5          1.064
        5158000       1.059765           1077         0.9964         8268.0          1.099
        5159000       1.059984           1077         0.9964         8269.5          1.004
        5160000       1.060182           1077         0.9964         8271.0          0.983
        5161000       1.060404           1077         0.9964         8272.4          0.933
        5162000       1.060625           1077         0.9964         8273.9          0.957
        5163000       1.060827           1077         0.9964         8275.4          0.910
        5164000       1.060985           1077         0.9964         8276.9          0.899
        5165000       1.061207           1078         0.9964         8278.3          0.933
        5166000       1.061421           1078         0.9964         8279.8          0.982
        5167000       1.061634           1078         0.9964         8281.3          0.907
        5168000       1.061814           1078         0.9964         8282.8          0.942
        5169000       1.062035           1079         0.9964         8284.3          1.000
        5170000       1.062253           1079         0.9964         8285.8          0.904
        5171000       1.062508           1079         0.9964         8287.2          0.898
        5172000       1.062701           1079         0.9964         8288.7          0.871
        5173000       1.062939           1079         0.9964         8290.2          0.819
        5174000       1.063099           1079         0.9964         8291.6          0.835
        5175000       1.063264           1079         0.9964         8293.1          0.883
        5176000       1.063448           1079         0.9964         8294.6          0.850
        5177000       1.063672           1079         0.9964         8296.0          0.905
        5178000       1.063857           1079         0.9964         8297.5          0.894
        5179000       1.064041           1079         0.9964         8299.0          1.011
        5180000       1.064257           1079         0.9964         8300.4          1.011
        5181000       1.064459           1079         0.9964         8301.9          0.917
        5182000       1.064661           1079         0.9964         8303.3          0.900
        5183000       1.064848           1079         0.9964         8304.8          0.860
        5184000       1.065052           1079         0.9964         8306.2          0.902
        5185000       1.065244           1079         0.9964         8307.7          0.907
        5186000       1.065456           1080         0.9964         8309.2          0.905
        5187000       1.065655           1080         0.9964         8310.6          0.935
        5188000       1.065846           1080         0.9964         8312.1          0.945
        5189000       1.066065           1080         0.9964         8313.6          0.945
        5190000       1.066259           1080         0.9964         8315.0          0.950
        5191000       1.066488           1081         0.9964         8316.5          0.925
        5192000       1.066707           1081         0.9964         8317.9          0.919
        5193000       1.066899           1081         0.9964         8319.4          0.950
        5194000       1.067135           1083         0.9964         8320.8          1.009
        5195000       1.067340           1083         0.9964         8322.3          1.012
        5196000       1.067576           1084         0.9964         8323.8          0.999
        5197000       1.067798           1084         0.9964         8325.2          0.926
        5198000       1.067959           1084         0.9964         8326.7          0.927
        5199000       1.068139           1084         0.9964         8328.1          0.911
        5200000       1.068360           1084         0.9964         8329.6          0.886
        5201000       1.068611           1084         0.9964         8331.0          0.828
        5202000       1.068833           1084         0.9964         8332.5          0.844
        5203000       1.069030           1084         0.9964         8333.9          0.876
        5204000       1.069209           1085         0.9964         8335.4          1.019
        5205000       1.069427           1085         0.9964         8336.9          0.948
        5206000       1.069682           1086         0.9964         8338.3          0.942
        5207000       1.069868           1086         0.9964         8339.7          0.980
        5208000       1.070064           1087         0.9964         8341.2          1.021
        5209000       1.070268           1087         0.9964         8342.7          0.957
        5210000       1.070429           1087         0.9964         8344.1          0.971
        5211000       1.070640           1088         0.9964         8345.6          0.967
        5212000       1.070806           1088         0.9964         8347.0          0.975
        5213000       1.071038           1088         0.9964         8348.4          0.912
        5214000       1.071206           1088         0.9964         8349.9          0.942
        5215000       1.071379           1088         0.9964         8351.3          0.989
        5216000       1.071563           1088         0.9964         8352.7          0.974
        5217000       1.071764           1088         0.9964         8354.2          0.962
        5218000       1.071983           1090         0.9964         8355.6          0.989
        5219000       1.072138           1090         0.9964         8357.1          0.998
        5220000       1.072313           1091         0.9964         8358.5          0.973
        5221000       1.072535           1091         0.9964         8360.5          0.948
        5222000       1.072731           1091         0.9964         8362.0          0.987
        5223000       1.072949           1091         0.9964         8363.4          0.924
        5224000       1.073209           1092         0.9964         8364.9          0.962
        5225000       1.073433           1092         0.9964         8366.4          0.949
        5226000       1.073682           1092         0.9964         8367.8          0.964
        5227000       1.073832           1092         0.9964         8369.3          1.002
        5228000       1.074059           1092         0.9964         8370.7          1.067
        5229000       1.074280           1092         0.9964         8372.1          1.041
        5230000       1.074483           1092         0.9964         8373.6          1.043
        5231000       1.074685           1092         0.9964         8375.0          1.066
        5232000       1.074866           1092         0.9964         8376.5          1.052
        5233000       1.075041           1092         0.9964         8377.9          1.007
        5234000       1.075243           1092         0.9964         8379.3          0.965
        5235000       1.075425           1093         0.9964         8380.8          1.023
        5236000       1.075592           1093         0.9964         8382.2          0.979
        5237000       1.075787           1093         0.9964         8383.7          1.007
        5238000       1.075945           1093         0.9964         8385.1          0.924
        5239000       1.076131           1093         0.9964         8386.6          1.012
        5240000       1.076356           1093         0.9964         8388.0          0.908
        5241000       1.076554           1093         0.9964         8389.5          0.915
        5242000       1.076779           1093         0.9964         8391.0          0.965
        5243000       1.076922           1093         0.9964         8392.4          0.974
        5244000       1.077113           1094         0.9964         8393.9          0.968
        5245000       1.077367           1094         0.9964         8395.3          0.944
        5246000       1.077575           1094         0.9964         8396.8          0.945
        5247000       1.077774           1094         0.9964         8398.3          1.003
        5248000       1.078017           1094         0.9964         8399.7          0.972
        5249000       1.078203           1094         0.9964         8401.3          1.018
        5250000       1.078378           1094         0.9964         8402.7          1.054
        5251000       1.078581           1094         0.9964         8404.2          1.063
        5252000       1.078785           1094         0.9964         8405.6          0.989
        5253000       1.078977           1094         0.9964         8407.2          0.963
        5254000       1.079152           1094         0.9964         8408.6          1.000
        5255000       1.079347           1094         0.9964         8410.1          1.007
        5256000       1.079564           1095         0.9964         8412.2          0.987
        5257000       1.079803           1095         0.9964         8413.6          1.032
        5258000       1.080043           1096         0.9964         8415.1          0.977
        5259000       1.080263           1097         0.9964         8416.5          0.959
        5260000       1.080456           1097         0.9964         8418.0          0.945
        5261000       1.080645           1097         0.9964         8419.4          0.960
        5262000       1.080788           1097         0.9964         8420.9          1.060
        5263000       1.080981           1097         0.9964         8422.4          1.037
        5264000       1.081208           1097         0.9964         8423.9          1.022
        5265000       1.081421           1097         0.9964         8425.3          0.981
        5266000       1.081637           1098         0.9964         8426.8          0.980
        5267000       1.081813           1098         0.9964         8428.3          1.005
        5268000       1.082050           1098         0.9964         8429.7          0.992
        5269000       1.082224           1098         0.9964         8431.2          0.943
        5270000       1.082408           1098         0.9964         8432.6          1.034
        5271000       1.082622           1098         0.9964         8434.0          1.033
        5272000       1.082873           1099         0.9964         8435.5          1.008
        5273000       1.083088           1099         0.9964         8437.0          1.022
        5274000       1.083308           1099         0.9964         8438.4          1.070
        5275000       1.083521           1099         0.9964         8439.9          1.063
        5276000       1.083777           1099         0.9964         8441.4          1.060
        5277000       1.083991           1099         0.9964         8442.8          0.948
        5278000       1.084203           1099         0.9964         8444.3          0.991
        5279000       1.084423           1099         0.9964         8445.8          0.956
        5280000       1.084619           1100         0.9964         8447.2          0.960
        5281000       1.084812           1100         0.9964         8448.6          0.915
        5282000       1.085031           1100         0.9964         8450.1          1.036
        5283000       1.085201           1100         0.9964         8451.6          1.032
        5284000       1.085382           1100         0.9964         8453.0          1.035
        5285000       1.085615           1101         0.9964         8454.5          0.968
        5286000       1.085776           1101         0.9964         8455.9          0.943
        5287000       1.085981           1101         0.9964         8457.4          0.972
        5288000       1.086216           1101         0.9964         8458.8          1.004
        5289000       1.086369           1101         0.9964         8460.2          0.963
        5290000       1.086576           1101         0.9964         8461.7          0.958
        5291000       1.086801           1101         0.9964         8463.1          1.006
        5292000       1.086973           1101         0.9964         8464.6          1.063
        5293000       1.087192           1101         0.9964         8466.0          0.976
        5294000       1.087409           1101         0.9964         8467.4          1.004
        5295000       1.087591           1101         0.9964         8469.0          1.066
        5296000       1.087826           1101         0.9964         8470.4          1.045
        5297000       1.088033           1103         0.9964         8471.9          1.030
        5298000       1.088280           1103         0.9964         8473.3          1.043
        5299000       1.088508           1103         0.9964         8474.7          1.018
        5300000       1.088722           1103         0.9964         8476.2          1.036
        5301000       1.088891           1103         0.9964         8477.6          1.034
        5302000       1.089045           1103         0.9964         8479.0          1.002
        5303000       1.089254           1103         0.9964         8480.5          0.985
        5304000       1.089402           1104         0.9964         8481.9          1.016
        5305000       1.089552           1104         0.9964         8483.4          0.955
        5306000       1.089742           1104         0.9964         8484.8          1.010
        5307000       1.089965           1104         0.9964         8486.3          1.051
        5308000       1.090198           1105         0.9964         8487.7          1.089
        5309000       1.090403           1105         0.9964         8489.2          1.086
        5310000       1.090590           1105         0.9964         8490.6          1.010
        5311000       1.090788           1105         0.9964         8492.0          1.062
        5312000       1.090993           1105         0.9964         8493.5          0.951
        5313000       1.091208           1106         0.9964         8495.0          0.964
        5314000       1.091403           1107         0.9964         8496.4          0.969
        5315000       1.091596           1109         0.9964         8497.8          0.938
        5316000       1.091813           1109         0.9964         8499.3          0.942
        5317000       1.091988           1109         0.9964         8500.7          0.908
        5318000       1.092155           1109         0.9964         8502.2          0.891
        5319000       1.092301           1110         0.9964         8503.7          0.951
        5320000       1.092490           1110         0.9964         8505.1          1.030
        5321000       1.092691           1110         0.9964         8506.6          0.997
        5322000       1.092944           1110         0.9964         8508.0          1.037
        5323000       1.093207           1110         0.9964         8509.5          1.064
        5324000       1.093371           1111         0.9964         8510.9          1.184
        5325000       1.093603           1111         0.9964         8512.5          1.096
        5326000       1.093836           1112         0.9964         8513.9          1.062
        5327000       1.094024           1112         0.9964         8515.4          0.987
        5328000       1.094252           1112         0.9964         8516.8          0.974
        5329000       1.094438           1112         0.9964         8518.3          0.978
        5330000       1.094664           1112         0.9964         8519.7          1.007
        5331000       1.094853           1112         0.9964         8521.2          1.033
        5332000       1.095025           1113         0.9964         8522.6          1.011
        5333000       1.095222           1113         0.9964         8524.0          1.039
        5334000       1.095409           1114         0.9964         8525.4          1.000
        5335000       1.095597           1114         0.9964         8526.9          1.003
        5336000       1.095837           1114         0.9964         8528.3          1.005
        5337000       1.096052           1114         0.9964         8529.8          0.928
        5338000       1.096207           1114         0.9964         8531.2          0.975
        5339000       1.096386           1114         0.9964         8532.7          0.985
        5340000       1.096577           1114         0.9964         8534.1          0.950
        5341000       1.096744           1114         0.9964         8535.6          0.972
        5342000       1.096971           1114         0.9964         8537.1          0.956
        5343000       1.097157           1114         0.9964         8538.5          0.955
        5344000       1.097365           1114         0.9964         8540.0          0.964
        5345000       1.097566           1114         0.9964         8541.4          0.932
        5346000       1.097769           1114         0.9964         8542.9          0.931
        5347000       1.097951           1114         0.9964         8544.3          0.919
        5348000       1.098127           1114         0.9964         8545.8          0.930
        5349000       1.098325           1114         0.9964         8547.2          0.895
        5350000       1.098524           1114         0.9964         8548.7          0.917
        5351000       1.098696           1115         0.9964         8550.1          0.887
        5352000       1.098860           1115         0.9964         8551.6          0.922
        5353000       1.099057           1115         0.9964         8553.0          0.876
        5354000       1.099250           1115         0.9964         8554.4          0.852
        5355000       1.099469           1115         0.9964         8555.9          0.843
        5356000       1.099644           1115         0.9964         8557.3          0.827
        5357000       1.099849           1116         0.9964         8558.7          0.872
        5358000       1.100070           1116         0.9964         8560.2          0.898
        5359000       1.100251           1116         0.9964         8561.6          0.866
        5360000       1.100439           1116         0.9964         8563.1          0.867
        5361000       1.100669           1116         0.9964         8564.5          0.901
        5362000       1.100869           1117         0.9964         8566.1          0.895
        5363000       1.101066           1118         0.9964         8567.6          0.926
        5364000       1.101268           1118         0.9964         8569.0          0.928
        5365000       1.101461           1118         0.9964         8570.5          0.902
        5366000       1.101641           1118         0.9964         8572.0          0.914
        5367000       1.101856           1118         0.9964         8573.4          0.890
        5368000       1.102060           1118         0.9964         8574.9          0.937
        5369000       1.102274           1118         0.9964         8576.3          0.955
        5370000       1.102474           1118         0.9964         8577.8          0.862
        5371000       1.102669           1118         0.9964         8579.2          0.908
        5372000       1.102903           1118         0.9964         8580.7          0.835
        5373000       1.103134           1118         0.9964         8582.2          0.817
        5374000       1.103309           1119         0.9964         8583.7          0.823
        5375000       1.103495           1119         0.9964         8585.2          0.813
        5376000       1.103662           1119         0.9964         8586.7          0.823
        5377000       1.103859           1119         0.9964         8588.2          0.874
        5378000       1.104066           1119         0.9964         8589.6          0.898
        5379000       1.104276           1119         0.9964         8591.1          0.920
        5380000       1.104448           1119         0.9964         8592.6          0.900
        5381000       1.104657           1119         0.9964         8594.0          0.899
        5382000       1.104830           1120         0.9964         8595.5          0.871
        5383000       1.105022           1120         0.9964         8597.0          0.968
        5384000       1.105218           1121         0.9964         8598.4          0.960
        5385000       1.105413           1121         0.9964         8599.9          0.961
        5386000       1.105606           1121         0.9964         8601.4          0.889
        5387000       1.105815           1121         0.9964         8602.8          0.857
        5388000       1.105962           1121         0.9964         8604.3          0.895
        5389000       1.106158           1121         0.9964         8605.8          0.941
        5390000       1.106377           1121         0.9964         8607.2          0.974
        5391000       1.106649           1121         0.9964         8608.7          0.975
        5392000       1.106894           1121         0.9964         8610.2          0.975
        5393000       1.107063           1121         0.9964         8611.6          0.906
        5394000       1.107298           1121         0.9964         8613.1          0.942
        5395000       1.107527           1121         0.9964         8614.6          0.919
        5396000       1.107679           1121         0.9964         8616.0          0.967
        5397000       1.107841           1121         0.9964         8617.5          0.919
        5398000       1.108056           1121         0.9964         8618.9          0.932
        5399000       1.108273           1121         0.9964         8620.4          0.833
        5400000       1.108466           1121         0.9964         8621.9          0.937
        5401000       1.108683           1121         0.9964         8623.3          1.043
        5402000       1.108870           1121         0.9964         8624.8          0.886
        5403000       1.109065           1121         0.9963         8626.2          0.881
        5404000       1.109259           1121         0.9963         8627.7          1.059
        5405000       1.109448           1121         0.9963         8629.1          0.935
        5406000       1.109654           1121         0.9963         8630.6          0.876
        5407000       1.109892           1121         0.9963         8632.0          0.841
        5408000       1.110100           1121         0.9963         8633.5          0.936
        5409000       1.110284           1122         0.9963         8634.9          0.807
        5410000       1.110430           1123         0.9963         8636.4          0.836
        5411000       1.110660           1123         0.9963         8637.8          0.846
        5412000       1.110875           1123         0.9963         8639.3          0.944
        5413000       1.111093           1123         0.9963         8640.7          0.880
        5414000       1.111302           1124         0.9963         8642.2          0.920
        5415000       1.111456           1124         0.9963         8643.7          0.932
        5416000       1.111648           1124         0.9963         8645.1          0.908
        5417000       1.111847           1125         0.9963         8646.6          0.956
        5418000       1.112023           1126         0.9963         8648.1          0.936
        5419000       1.112268           1126         0.9963         8649.6          0.999
        5420000       1.112435           1126         0.9963         8651.0          0.939
        5421000       1.112634           1126         0.9963         8652.5          0.905
        5422000       1.112843           1126         0.9963         8653.9          0.882
        5423000       1.113085           1126         0.9963         8655.4          0.894
        5424000       1.113241           1126         0.9963         8656.9          0.868
        5425000       1.113404           1126         0.9963         8658.3          0.907
        5426000       1.113593           1126         0.9963         8659.8          0.896
        5427000       1.113791           1126         0.9963         8661.3          0.939
        5428000       1.113978           1126         0.9963         8662.7          0.973
        5429000       1.114111           1127         0.9963         8664.1          0.971
        5430000       1.114342           1127         0.9963         8665.6          0.916
        5431000       1.114585           1128         0.9963         8667.1          0.958
        5432000       1.114789           1128         0.9963         8668.6          0.897
        5433000       1.115013           1128         0.9963         8670.1          0.921
        5434000       1.115217           1128         0.9963         8671.6          0.930
        5435000       1.115458           1128         0.9963         8673.0          0.882
        5436000       1.115658           1129         0.9963         8674.5          0.884
        5437000       1.115883           1129         0.9963         8676.0          0.945
        5438000       1.116079           1129         0.9963         8677.4          0.989
        5439000       1.116310           1129         0.9963         8678.9          0.924
        5440000       1.116524           1129         0.9963         8680.3          0.878
        5441000       1.116763           1129         0.9963         8681.8          0.860
        5442000       1.116968           1129         0.9963         8683.3          0.899
        5443000       1.117191           1130         0.9963         8684.7          0.953
        5444000       1.117391           1130         0.9963         8686.2          0.977
        5445000       1.117578           1131         0.9963         8687.6          0.990
        5446000       1.117798           1131         0.9963         8689.1          1.016
        5447000       1.118064           1132         0.9963         8690.5          1.018
        5448000       1.118242           1133         0.9963         8692.0          0.949
        5449000       1.118453           1133         0.9963         8693.5          1.015
        5450000       1.118654           1133         0.9963         8694.9          1.025
        5451000       1.118877           1134         0.9963         8696.4          1.025
        5452000       1.119064           1134         0.9963         8697.8          1.011
        5453000       1.119240           1134         0.9963         8699.3          0.919
        5454000       1.119445           1134         0.9963         8700.7          0.918
        5455000       1.119648           1134         0.9963         8702.2          0.929
        5456000       1.119863           1134         0.9963         8703.7          0.978
        5457000       1.120074           1135         0.9963         8705.1          0.977
        5458000       1.120250           1135         0.9963         8706.6          0.948
        5459000       1.120415           1135         0.9963         8708.1          0.946
        5460000       1.120606           1135         0.9963         8709.5          0.947
        5461000       1.120799           1135         0.9963         8710.9          0.927
        5462000       1.121030           1135         0.9963         8712.4          0.876
        5463000       1.121270           1135         0.9963         8713.9          0.948
        5464000       1.121489           1135         0.9963         8715.3          0.998
        5465000       1.121652           1135         0.9963         8716.8          0.925
        5466000       1.121868           1135         0.9963         8718.2          0.910
        5467000       1.122098           1136         0.9963         8719.7          0.937
        5468000       1.122367           1136         0.9963         8721.1          0.975
        5469000       1.122591           1136         0.9963         8722.6          0.974
        5470000       1.122810           1136         0.9963         8724.1          0.938
        5471000       1.123000           1136         0.9963         8725.5          1.046
        5472000       1.123183           1136         0.9963         8726.9          1.050
        5473000       1.123392           1136         0.9963         8728.4          1.059
        5474000       1.123572           1136         0.9963         8729.8          1.074
        5475000       1.123760           1136         0.9963         8731.3          1.038
        5476000       1.123968           1136         0.9963         8732.8          1.076
        5477000       1.124184           1136         0.9963         8734.4          1.011
        5478000       1.124382           1137         0.9963         8735.9          0.973
        5479000       1.124554           1138         0.9963         8737.3          0.967
        5480000       1.124761           1138         0.9963         8738.7          0.951
        5481000       1.124973           1139         0.9963         8740.2          0.942
        5482000       1.125190           1140         0.9963         8741.6          0.986
        5483000       1.125403           1140         0.9963         8743.3          1.052
        5484000       1.125632           1141         0.9963         8744.7          1.049
        5485000       1.125781           1141         0.9963         8746.4          1.026
        5486000       1.125917           1141         0.9963         8747.9          0.988
        5487000       1.126117           1141         0.9963         8749.3          1.021
        5488000       1.126340           1141         0.9963         8750.8          0.964
        5489000       1.126574           1142         0.9963         8752.4          0.973
        5490000       1.126780           1142         0.9963         8754.0          0.982
        5491000       1.126992           1142         0.9963         8755.4          0.976
        5492000       1.127157           1142         0.9963         8756.9          0.983
        5493000       1.127357           1142         0.9963         8758.4          0.972
        5494000       1.127552           1142         0.9963         8759.9          1.022
        5495000       1.127784           1142         0.9963         8761.4          1.024
        5496000       1.128003           1143         0.9963         8762.8          0.928
        5497000       1.128186           1143         0.9963         8764.3          0.955
        5498000       1.128416           1143         0.9963         8765.8          0.969
        5499000       1.128605           1144         0.9963         8767.2          0.933
        5500000       1.128833           1144         0.9963         8768.7          0.891
        5501000       1.129042           1144         0.9963         8770.2          0.923
        5502000       1.129203           1144         0.9963         8771.6          0.944
        5503000       1.129440           1144         0.9963         8773.1          0.949
        5504000       1.129618           1144         0.9963         8774.6          0.950
        5505000       1.129842           1144         0.9963         8776.1          0.945
        5506000       1.129980           1144         0.9963         8777.6          1.002
        5507000       1.130200           1144         0.9963         8779.1          0.980
        5508000       1.130386           1144         0.9963         8780.5          0.944
        5509000       1.130627           1144         0.9963         8782.0          0.980
        5510000       1.130782           1145         0.9963         8783.4          0.996
        5511000       1.130995           1145         0.9963         8784.9          0.961
        5512000       1.131244           1145         0.9963         8786.4          0.931
        5513000       1.131396           1145         0.9963         8787.8          0.947
        5514000       1.131606           1145         0.9963         8789.3          0.892
        5515000       1.131809           1145         0.9963         8790.7          0.902
        5516000       1.131996           1146         0.9963         8792.1          0.927
        5517000       1.132155           1146         0.9963         8793.6          0.949
        5518000       1.132343           1146         0.9963         8795.1          0.945
        5519000       1.132492           1146         0.9963         8796.5          0.941
        5520000       1.132674           1146         0.9963         8797.9          1.000
        5521000       1.132845           1146         0.9963         8799.4          0.988
        5522000       1.133076           1146         0.9963         8800.9          0.971
        5523000       1.133246           1146         0.9963         8802.3          0.967
        5524000       1.133479           1146         0.9963         8803.7          0.896
        5525000       1.133650           1146         0.9963         8805.2          0.982
        5526000       1.133865           1147         0.9963         8806.6          0.934
        5527000       1.134123           1147         0.9963         8808.0          1.001
        5528000       1.134331           1147         0.9963         8809.5          0.970
        5529000       1.134537           1147         0.9963         8810.9          1.028
        5530000       1.134698           1147         0.9963         8812.3          0.937
        5531000       1.134873           1148         0.9963         8813.8          0.958
        5532000       1.135107           1148         0.9963         8815.3          1.035
        5533000       1.135353           1148         0.9963         8816.7          0.988
        5534000       1.135576           1148         0.9963         8818.2          0.939
        5535000       1.135743           1148         0.9963         8819.6          0.942
        5536000       1.135915           1148         0.9963         8821.1          0.937
        5537000       1.136124           1148         0.9963         8822.6          0.957
        5538000       1.136310           1148         0.9963         8824.0          1.035
        5539000       1.136531           1150         0.9963         8825.5          0.925
        5540000       1.136759           1150         0.9963         8827.0          1.046
        5541000       1.136989           1150         0.9963         8828.4          1.043
        5542000       1.137211           1150         0.9963         8829.9          0.987
        5543000       1.137396           1150         0.9963         8831.3          1.031
        5544000       1.137618           1151         0.9963         8832.7          1.021
        5545000       1.137784           1152         0.9963         8834.2          1.026
        5546000       1.137954           1152         0.9963         8835.7          0.993
        5547000       1.138139           1152         0.9963         8837.1          1.009
        5548000       1.138356           1152         0.9963         8838.7          1.056
        5549000       1.138610           1152         0.9963         8840.1          1.066
        5550000       1.138815           1153         0.9963         8841.6          1.032
        5551000       1.138964           1154         0.9963         8843.1          0.999
        5552000       1.139158           1154         0.9963         8844.5          1.036
        5553000       1.139385           1154         0.9963         8846.0          1.012
        5554000       1.139596           1155         0.9963         8847.4          0.961
        5555000       1.139774           1157         0.9963         8848.8          0.958
        5556000       1.139942           1157         0.9963         8850.3          0.970
        5557000       1.140141           1157         0.9963         8851.8          0.934
        5558000       1.140364           1157         0.9963         8853.2          1.055
        5559000       1.140558           1158         0.9963         8854.7          1.035
        5560000       1.140730           1158         0.9963         8856.1          1.048
        5561000       1.140959           1158         0.9963         8857.6          0.999
        5562000       1.141198           1158         0.9963         8859.1          1.034
        5563000       1.141368           1158         0.9963         8860.5          0.988
        5564000       1.141572           1158         0.9963         8862.0          1.040
        5565000       1.141780           1158         0.9963         8863.4          1.049
        5566000       1.141981           1158         0.9963         8864.9          0.955
        5567000       1.142180           1158         0.9963         8866.3          0.968
        5568000       1.142391           1158         0.9963         8867.8          0.970
        5569000       1.142600           1158         0.9963         8869.2          1.037
        5570000       1.142806           1158         0.9963         8870.7          0.994
        5571000       1.143033           1158         0.9963         8872.1          0.954
        5572000       1.143201           1158         0.9963         8873.6          0.955
        5573000       1.143402           1158         0.9963         8875.0          0.977
        5574000       1.143592           1158         0.9963         8876.5          0.918
        5575000       1.143764           1158         0.9963         8878.0          0.909
        5576000       1.143997           1158         0.9963         8879.4          0.999
        5577000       1.144165           1158         0.9963         8880.9          0.948
        5578000       1.144396           1158         0.9963         8882.4          0.928
        5579000       1.144630           1158         0.9963         8883.8          0.951
        5580000       1.144837           1158         0.9963         8885.3          0.980
        5581000       1.145056           1158         0.9963         8886.8          0.875
        5582000       1.145225           1158         0.9963         8888.3          0.889
        5583000       1.145463           1158         0.9963         8889.7          0.989
        5584000       1.145696           1158         0.9963         8891.2          0.985
        5585000       1.145894           1159         0.9963         8892.6          1.017
        5586000       1.146053           1159         0.9963         8894.1          1.045
        5587000       1.146287           1159         0.9963         8895.7          1.026
        5588000       1.146494           1159         0.9963         8897.2          1.054
        5589000       1.146684           1159         0.9963         8898.7          1.012
        5590000       1.146881           1159         0.9963         8900.1          0.993
        5591000       1.147086           1159         0.9963         8901.6          0.992
        5592000       1.147287           1159         0.9963         8903.0          1.027
        5593000       1.147501           1159         0.9963         8904.5          1.041
        5594000       1.147709           1159         0.9963         8905.9          1.068
        5595000       1.147934           1159         0.9963         8907.5          0.950
        5596000       1.148143           1160         0.9963         8908.9          0.982
        5597000       1.148367           1160         0.9963         8910.4          1.036
        5598000       1.148551           1160         0.9963         8911.9          1.015
        5599000       1.148727           1160         0.9963         8913.3          0.957
        5600000       1.148914           1160         0.9963         8914.8          0.955
        5601000       1.149125           1160         0.9963         8916.2          0.986
        5602000       1.149312           1160         0.9963         8917.7          1.002
        5603000       1.149476           1161         0.9963         8919.2          1.021
        5604000       1.149661           1161         0.9963         8920.6          1.038
        5605000       1.149912           1161         0.9963         8922.1          0.967
        5606000       1.150117           1161         0.9963         8923.6          0.898
        5607000       1.150294           1161         0.9963         8925.1          0.896
        5608000       1.150497           1161         0.9963         8926.6          0.970
        5609000       1.150698           1161         0.9963         8928.1          0.975
        5610000       1.150899           1161         0.9963         8929.6          1.021
        5611000       1.151081           1161         0.9963         8931.0          1.011
        5612000       1.151331           1161         0.9963         8932.6          0.998
        5613000       1.151512           1161         0.9963         8934.0          0.948
        5614000       1.151698           1161         0.9963         8935.5          0.918
        5615000       1.151916           1161         0.9963         8936.9          0.974
        5616000       1.152151           1161         0.9963         8938.4          0.959
        5617000       1.152385           1162         0.9963         8939.9          0.942
        5618000       1.152601           1163         0.9963         8941.4          0.935
        5619000       1.152787           1163         0.9963         8942.9          1.014
        5620000       1.152986           1163         0.9963         8944.4          0.957
        5621000       1.153174           1163         0.9963         8945.9          0.972
        5622000       1.153377           1163         0.9963         8947.3          0.998
        5623000       1.153582           1163         0.9963         8948.8          0.985
        5624000       1.153828           1164         0.9963         8950.3          1.032
        5625000       1.154023           1165         0.9963         8951.8          1.049
        5626000       1.154216           1165         0.9963         8953.3          1.023
        5627000       1.154405           1165         0.9963         8954.8          0.992
        5628000       1.154591           1165         0.9963         8956.2          1.088
        5629000       1.154783           1166         0.9963         8957.7          1.072
        5630000       1.154953           1167         0.9963         8959.2          1.068
        5631000       1.155164           1167         0.9963         8960.6          0.994
        5632000       1.155381           1167         0.9963         8962.1          1.144
        5633000       1.155548           1167         0.9963         8963.5          1.067
        5634000       1.155743           1167         0.9963         8965.0          1.054
        5635000       1.155924           1167         0.9963         8966.4          0.996
        5636000       1.156097           1167         0.9963         8967.9          1.045
        5637000       1.156327           1167         0.9963         8969.4          1.070
        5638000       1.156543           1167         0.9963         8970.8          1.080
        5639000       1.156748           1167         0.9963         8972.3          1.093
        5640000       1.156993           1167         0.9963         8973.8          1.088
        5641000       1.157221           1167         0.9963         8975.2          1.014
        5642000       1.157417           1167         0.9963         8976.7          1.004
        5643000       1.157627           1167         0.9963         8978.2          0.974
        5644000       1.157831           1167         0.9963         8979.6          1.040
        5645000       1.158028           1167         0.9963         8981.1          1.006
        5646000       1.158207           1167         0.9963         8982.6          0.965
        5647000       1.158430           1167         0.9963         8984.0          1.008
        5648000       1.158652           1167         0.9963         8985.5          0.922
        5649000       1.158842           1167         0.9963         8987.0          1.035
        5650000       1.158985           1167         0.9963         8988.4          0.952
        5651000       1.159136           1167         0.9963         8989.9          1.009
        5652000       1.159368           1167         0.9963         8991.3          0.971
        5653000       1.159583           1167         0.9963         8992.8          0.941
        5654000       1.159800           1167         0.9963         8994.3          0.979
        5655000       1.159961           1167         0.9963         8995.7          0.935
        5656000       1.160147           1167         0.9963         8997.2          0.984
        5657000       1.160352           1167         0.9963         8998.7          1.045
        5658000       1.160530           1167         0.9963         9000.2          1.033
        5659000       1.160735           1167         0.9963         9001.6          1.016
        5660000       1.160925           1167         0.9963         9003.1          0.992
        5661000       1.161136           1168         0.9963         9004.5          0.993
        5662000       1.161329           1168         0.9963         9006.0          1.103
        5663000       1.161464           1168         0.9963         9007.5          1.105
        5664000       1.161657           1169         0.9963         9008.9          1.012
        5665000       1.161844           1169         0.9963         9010.4          1.007
        5666000       1.162061           1169         0.9963         9011.9          0.981
        5667000       1.162234           1169         0.9963         9013.4          1.018
        5668000       1.162388           1170         0.9963         9014.8          1.079
        5669000       1.162603           1170         0.9963         9016.3          1.071
        5670000       1.162803           1170         0.9963         9017.8          1.069
        5671000       1.163020           1172         0.9963         9019.2          1.078
        5672000       1.163244           1172         0.9963         9020.7          1.080
        5673000       1.163464           1172         0.9963         9022.1          1.047
        5674000       1.163669           1173         0.9963         9023.6          1.113
        5675000       1.163886           1173         0.9963         9025.1          1.055
        5676000       1.164051           1173         0.9963         9026.5          1.085
        5677000       1.164262           1173         0.9963         9028.0          1.095
        5678000       1.164427           1173         0.9963         9029.5          1.047
        5679000       1.164623           1173         0.9963         9030.9          0.955
        5680000       1.164813           1173         0.9963         9032.4          0.952
        5681000       1.165008           1173         0.9963         9033.8          0.943
        5682000       1.165192           1173         0.9963         9035.3          0.989
        5683000       1.165384           1173         0.9963         9036.8          0.993
        5684000       1.165614           1174         0.9963         9038.2          1.010
        5685000       1.165848           1174         0.9963         9039.7          0.979
        5686000       1.166054           1174         0.9963         9041.2          0.965
        5687000       1.166247           1174         0.9963         9042.7          0.919
        5688000       1.166410           1174         0.9963         9044.1          0.938
        5689000       1.166577           1174         0.9963         9045.6          0.961
        5690000       1.166770           1175         0.9963         9047.1          0.931
        5691000       1.166944           1175         0.9963         9048.6          1.012
        5692000       1.167113           1175         0.9963         9050.1          0.994
        5693000       1.167289           1175         0.9963         9051.6          1.058
        5694000       1.167490           1176         0.9963         9053.1          1.092
        5695000       1.167671           1176         0.9963         9054.5          1.108
        5696000       1.167892           1176         0.9963         9056.0          1.059
        5697000       1.168085           1176         0.9963         9057.5          1.142
        5698000       1.168325           1176         0.9963         9058.9          1.015
        5699000       1.168545           1176         0.9963         9060.4          1.024
        5700000       1.168738           1176         0.9963         9061.9          1.035
        5701000       1.168908           1176         0.9963         9063.3          1.008
        5702000       1.169148           1176         0.9963         9064.9          1.078
        5703000       1.169394           1177         0.9963         9066.5          1.130
        5704000       1.169593           1178         0.9963         9067.9          1.107
        5705000       1.169808           1178         0.9963         9069.4          1.072
        5706000       1.170028           1179         0.9963         9070.9          0.976
        5707000       1.170254           1179         0.9963         9072.4          0.982
        5708000       1.170481           1180         0.9963         9073.9          0.988
        5709000       1.170671           1180         0.9963         9075.3          0.983
        5710000       1.170854           1180         0.9963         9076.8          0.964
        5711000       1.171080           1180         0.9963         9078.3          0.999
        5712000       1.171323           1180         0.9963         9079.8          1.025
        5713000       1.171513           1180         0.9963         9081.3          1.030
        5714000       1.171719           1181         0.9963         9082.8          0.964
        5715000       1.171925           1181         0.9963         9084.3          0.923
        5716000       1.172147           1181         0.9963         9085.7          0.991
        5717000       1.172311           1181         0.9963         9087.2          0.998
        5718000       1.172509           1181         0.9963         9088.6          0.930
        5719000       1.172763           1181         0.9963         9090.1          1.012
        5720000       1.172941           1181         0.9963         9091.5          0.942
        5721000       1.173145           1181         0.9963         9093.0          0.889
        5722000       1.173352           1182         0.9963         9094.5          1.008
        5723000       1.173555           1182         0.9963         9095.9          1.014
        5724000       1.173721           1182         0.9963         9097.4          1.007
        5725000       1.173893           1182         0.9963         9098.9          1.016
        5726000       1.174076           1182         0.9963         9100.3          1.065
        5727000       1.174262           1182         0.9963         9101.8          1.004
        5728000       1.174474           1183         0.9963         9103.2          0.982
        5729000       1.174661           1183         0.9963         9104.7          1.058
        5730000       1.174857           1183         0.9963         9106.1          1.013
        5731000       1.175112           1183         0.9963         9107.6          0.993
        5732000       1.175342           1184         0.9963         9109.0          0.998
        5733000       1.175531           1184         0.9963         9110.4          0.968
        5734000       1.175732           1184         0.9963         9111.9          1.015
        5735000       1.175903           1184         0.9963         9113.3          1.102
        5736000       1.176091           1184         0.9963         9114.9          1.081
        5737000       1.176273           1184         0.9963         9116.3          1.113
        5738000       1.176473           1184         0.9963         9117.8          1.088
        5739000       1.176677           1184         0.9963         9120.3          1.075
        5740000       1.176889           1184         0.9963         9121.8          1.022
        5741000       1.177059           1185         0.9963         9123.2          1.010
        5742000       1.177206           1185         0.9963         9124.6          1.034
        5743000       1.177413           1186         0.9963         9126.1          0.988
        5744000       1.177606           1186         0.9963         9127.7          1.034
        5745000       1.177787           1186         0.9963         9129.1          1.053
        5746000       1.177983           1186         0.9963         9130.7          1.079
        5747000       1.178184           1186         0.9963         9132.1          1.032
        5748000       1.178420           1186         0.9963         9133.6          0.894
        5749000       1.178604           1187         0.9963         9135.1          1.065
        5750000       1.178796           1188         0.9963         9136.5          1.094
        5751000       1.178984           1188         0.9963         9138.0          0.978
        5752000       1.179266           1188         0.9963         9139.5          1.021
        5753000       1.179486           1189         0.9963         9141.0          0.954
        5754000       1.179674           1189         0.9963         9142.4          0.916
        5755000       1.179902           1189         0.9963         9143.9          0.943
        5756000       1.180119           1189         0.9963         9145.4          1.011
        5757000       1.180283           1189         0.9963         9146.9          1.035
        5758000       1.180464           1189         0.9963         9148.4          1.009
        5759000       1.180660           1189         0.9963         9149.8          1.018
        5760000       1.180819           1189         0.9963         9151.2          1.026
        5761000       1.181052           1190         0.9963         9152.7          0.981
        5762000       1.181254           1190         0.9963         9154.1          1.037
        5763000       1.181464           1190         0.9963         9155.6          0.927
        5764000       1.181618           1190         0.9963         9157.1          0.906
        5765000       1.181811           1190         0.9963         9158.5          0.945
        5766000       1.182017           1190         0.9963         9160.0          0.948
        5767000       1.182226           1190         0.9963         9161.4          0.984
        5768000       1.182404           1190         0.9963         9162.9          0.932
        5769000       1.182592           1190         0.9963         9164.4          1.068
        5770000       1.182787           1190         0.9963         9165.9          1.026
        5771000       1.182992           1190         0.9963         9167.4          0.972
        5772000       1.183171           1190         0.9963         9168.8          0.957
        5773000       1.183383           1190         0.9963         9170.4          0.932
        5774000       1.183581           1190         0.9963         9172.0          0.901
        5775000       1.183788           1191         0.9963         9173.6          0.952
        5776000       1.183998           1191         0.9963         9175.1          1.007
        5777000       1.184184           1191         0.9963         9176.9          0.996
        5778000       1.184354           1191         0.9963         9178.6          0.987
        5779000       1.184534           1191         0.9963         9180.3          0.985
        5780000       1.184724           1191         0.9963         9182.0          0.986
        5781000       1.184917           1191         0.9963         9183.7          0.987
        5782000       1.185102           1191         0.9963         9185.3          0.993
        5783000       1.185331           1191         0.9963         9186.7          0.969
        5784000       1.185519           1191         0.9962         9188.2          0.962
        5785000       1.185711           1191         0.9962         9189.8          1.085
        5786000       1.185915           1191         0.9962         9191.3          1.019
        5787000       1.186098           1192         0.9962         9192.7          0.945
        5788000       1.186292           1192         0.9962         9194.2          1.008
        5789000       1.186510           1192         0.9962         9195.7          1.019
        5790000       1.186693           1192         0.9962         9197.1          1.006
        5791000       1.186896           1192         0.9962         9198.5          0.992
        5792000       1.187093           1192         0.9962         9200.0          1.108
        5793000       1.187287           1192         0.9962         9201.4          1.084
        5794000       1.187522           1192         0.9962         9202.9          1.106
        5795000       1.187729           1192         0.9962         9204.4          1.069
        5796000       1.187955           1193         0.9962         9205.8          1.061
        5797000       1.188148           1193         0.9962         9207.3          1.034
        5798000       1.188376           1193         0.9962         9208.8          1.092
        5799000       1.188597           1193         0.9962         9210.3          1.062
        5800000       1.188787           1194         0.9962         9211.7          1.055
        5801000       1.188972           1194         0.9962         9213.2          1.056
        5802000       1.189168           1194         0.9962         9214.6          1.033
        5803000       1.189350           1194         0.9962         9216.1          1.083
        5804000       1.189555           1194         0.9962         9217.5          1.121
        5805000       1.189774           1194         0.9962         9218.9          1.090
        5806000       1.189957           1195         0.9962         9220.4          1.099
        5807000       1.190169           1196         0.9962         9221.9          1.057
        5808000       1.190351           1196         0.9962         9223.3          1.090
        5809000       1.190550           1196         0.9962         9224.8          1.133
        5810000       1.190760           1196         0.9962         9226.2          1.148
        5811000       1.190957           1196         0.9962         9227.7          1.031
        5812000       1.191144           1196         0.9962         9229.2          1.034
        5813000       1.191301           1196         0.9962         9230.6          1.044
        5814000       1.191517           1196         0.9962         9232.1          1.017
        5815000       1.191705           1196         0.9962         9233.6          1.043
        5816000       1.191899           1196         0.9962         9235.3          1.055
        5817000       1.192117           1196         0.9962         9236.9          1.049
        5818000       1.192324           1196         0.9962         9238.3          1.020
        5819000       1.192483           1196         0.9962         9239.8          1.018
        5820000       1.192646           1196         0.9962         9241.3          1.028
        5821000       1.192844           1196         0.9962         9242.7          1.054
        5822000       1.193085           1197         0.9962         9244.2          1.154
        5823000       1.193293           1197         0.9962         9245.8          1.026
        5824000       1.193499           1198         0.9962         9247.3          1.025
        5825000       1.193726           1198         0.9962         9248.9          1.096
        5826000       1.193956           1198         0.9962         9250.4          1.058
        5827000       1.194158           1199         0.9962         9251.9          1.068
        5828000       1.194352           1199         0.9962         9253.3          1.059
        5829000       1.194542           1199         0.9962         9254.7          1.000
        5830000       1.194757           1199         0.9962         9256.2          1.084
        5831000       1.194949           1199         0.9962         9257.6          1.060
        5832000       1.195141           1199         0.9962         9259.1          1.061
        5833000       1.195389           1200         0.9962         9260.5          1.021
        5834000       1.195583           1200         0.9962         9262.0          1.025
        5835000       1.195775           1200         0.9962         9263.4          1.011
        5836000       1.195946           1200         0.9962         9264.9          1.061
        5837000       1.196139           1200         0.9962         9266.3          1.021
        5838000       1.196375           1200         0.9962         9267.8          0.976
        5839000       1.196569           1200         0.9962         9269.2          0.985
        5840000       1.196765           1201         0.9962         9270.7          0.959
        5841000       1.196947           1201         0.9962         9272.1          1.001
        5842000       1.197167           1201         0.9962         9273.6          0.924
        5843000       1.197352           1201         0.9962         9275.0          0.949
        5844000       1.197522           1202         0.9962         9276.4          0.965
        5845000       1.197708           1202         0.9962         9277.9          1.048
        5846000       1.197934           1202         0.9962         9279.3          1.083
        5847000       1.198099           1202         0.9962         9280.7          1.094
        5848000       1.198327           1202         0.9962         9282.2          1.145
        5849000       1.198543           1202         0.9962         9283.6          1.162
        5850000       1.198761           1202         0.9962         9285.1          1.152
        5851000       1.198989           1203         0.9962         9286.6          1.152
        5852000       1.199175           1203         0.9962         9288.1          1.156
        5853000       1.199394           1203         0.9962         9289.5          1.107
        5854000       1.199582           1204         0.9962         9291.0          1.045
        5855000       1.199769           1204         0.9962         9292.4          1.091
        5856000       1.199895           1204         0.9962         9293.9          1.103
        5857000       1.200065           1204         0.9962         9295.3          1.120
        5858000       1.200248           1204         0.9962         9296.7          1.092
        5859000       1.200451           1204         0.9962         9298.2          1.081
        5860000       1.200628           1204         0.9962         9299.6          0.968
        5861000       1.200807           1205         0.9962         9301.1          1.013
        5862000       1.201012           1205         0.9962         9302.5          1.017
        5863000       1.201211           1205         0.9962         9304.0          0.991
        5864000       1.201361           1205         0.9962         9305.4          0.999
        5865000       1.201534           1205         0.9962         9306.9          0.997
        5866000       1.201769           1205         0.9962         9308.3          1.000
        5867000       1.201986           1205         0.9962         9309.8          1.021
        5868000       1.202230           1206         0.9962         9311.2          1.017
        5869000       1.202446           1206         0.9962         9312.7          1.036
        5870000       1.202597           1206         0.9962         9314.1          1.061
        5871000       1.202815           1206         0.9962         9315.6          1.076
        5872000       1.203041           1206         0.9962         9317.0          1.036
        5873000       1.203224           1206         0.9962         9318.5          1.063
        5874000       1.203454           1206         0.9962         9319.9          0.978
        5875000       1.203669           1206         0.9962         9321.4          1.006
        5876000       1.203872           1207         0.9962         9322.8          1.015
        5877000       1.204100           1207         0.9962         9324.3          1.028
        5878000       1.204306           1208         0.9962         9325.7          1.048
        5879000       1.204499           1208         0.9962         9327.2          1.035
        5880000       1.204691           1208         0.9962         9328.6          1.089
        5881000       1.204889           1209         0.9962         9330.1          1.116
        5882000       1.205092           1209         0.9962         9331.5          1.107
        5883000       1.205263           1209         0.9962         9332.9          1.113
        5884000       1.205472           1209         0.9962         9334.4          1.071
        5885000       1.205695           1209         0.9962         9335.9          1.084
        5886000       1.205903           1210         0.9962         9337.4          1.099
        5887000       1.206109           1210         0.9962         9338.8          1.112
        5888000       1.206293           1210         0.9962         9340.3          1.092
        5889000       1.206502           1210         0.9962         9341.7          1.096
        5890000       1.206715           1211         0.9962         9343.2          1.089
        5891000       1.206922           1212         0.9962         9344.7          1.037
        5892000       1.207115           1212         0.9962         9346.1          1.039
        5893000       1.207297           1213         0.9962         9347.6          1.036
        5894000       1.207501           1213         0.9962         9349.0          0.933
        5895000       1.207725           1214         0.9962         9350.6          0.981
        5896000       1.208001           1217         0.9962         9352.1          1.023
        5897000       1.208181           1217         0.9962         9353.6          1.004
        5898000       1.208369           1217         0.9962         9355.0          1.014
        5899000       1.208539           1217         0.9962         9356.4          1.014
        5900000       1.208750           1217         0.9962         9357.9          0.952
        5901000       1.208961           1217         0.9962         9359.3          0.890
        5902000       1.209174           1218         0.9962         9360.8          0.916
        5903000       1.209398           1218         0.9962         9362.3          0.943
        5904000       1.209577           1218         0.9962         9363.7          0.986
        5905000       1.209764           1218         0.9962         9365.2          0.989
        5906000       1.209956           1218         0.9962         9366.7          0.986
        5907000       1.210168           1218         0.9962         9368.1          0.861
        5908000       1.210333           1218         0.9962         9369.6          0.858
        5909000       1.210546           1218         0.9962         9371.6          0.896
        5910000       1.210776           1218         0.9962         9373.0          0.852
        5911000       1.210946           1218         0.9962         9374.5          0.889
        5912000       1.211167           1218         0.9962         9376.0          0.857
        5913000       1.211331           1219         0.9962         9377.4          0.903
        5914000       1.211545           1219         0.9962         9378.9          0.979
        5915000       1.211735           1219         0.9962         9380.3          0.896
        5916000       1.211922           1219         0.9962         9381.7          0.882
        5917000       1.212130           1219         0.9962         9383.2          0.963
        5918000       1.212328           1219         0.9962         9384.7          0.917
        5919000       1.212517           1220         0.9962         9386.1          0.962
        5920000       1.212737           1220         0.9962         9387.6          0.958
        5921000       1.212928           1220         0.9962         9389.1          0.963
        5922000       1.213161           1220         0.9962         9390.5          1.021
        5923000       1.213408           1220         0.9962         9392.0          0.987
        5924000       1.213590           1220         0.9962         9393.5          0.942
        5925000       1.213814           1220         0.9962         9395.0          1.034
        5926000       1.214054           1221         0.9962         9396.4          0.976
        5927000       1.214248           1221         0.9962         9397.9          0.966
        5928000       1.214439           1223         0.9962         9399.3          0.970
        5929000       1.214645           1223         0.9962         9400.8          0.942
        5930000       1.214833           1223         0.9962         9402.3          0.909
        5931000       1.215053           1223         0.9962         9403.8          0.966
        5932000       1.215267           1223         0.9962         9405.3          0.945
        5933000       1.215472           1223         0.9962         9406.7          0.924
        5934000       1.215657           1224         0.9962         9408.2          0.882
        5935000       1.215854           1224         0.9962         9409.7          0.915
        5936000       1.216097           1224         0.9962         9411.2          0.947
        5937000       1.216298           1224         0.9962         9412.7          0.945
        5938000       1.216508           1224         0.9962         9414.2          0.982
        5939000       1.216709           1224         0.9962         9415.6          0.982
        5940000       1.216939           1224         0.9962         9417.1          1.026
        5941000       1.217163           1224         0.9962         9418.6          0.930
        5942000       1.217360           1224         0.9962         9420.0          0.932
        5943000       1.217585           1224         0.9962         9421.5          0.926
        5944000       1.217794           1224         0.9962         9422.9          0.957
        5945000       1.217991           1224         0.9962         9424.4          0.974
        5946000       1.218155           1224         0.9962         9425.9          0.997
        5947000       1.218326           1224         0.9962         9427.4          0.916
        5948000       1.218544           1224         0.9962         9428.8          0.954
        5949000       1.218752           1224         0.9962         9430.3          0.969
        5950000       1.218947           1224         0.9962         9431.8          0.971
        5951000       1.219121           1224         0.9962         9433.2          1.015
        5952000       1.219342           1224         0.9962         9434.8          1.049
        5953000       1.219552           1224         0.9962         9436.3          1.065
        5954000       1.219728           1225         0.9962         9437.8          1.030
        5955000       1.219924           1226         0.9962         9439.3          1.067
        5956000       1.220113           1226         0.9962         9440.8          1.150
        5957000       1.220311           1226         0.9962         9442.2          1.096
        5958000       1.220471           1226         0.9962         9443.7          1.100
        5959000       1.220705           1226         0.9962         9445.2          1.098
        5960000       1.220898           1227         0.9962         9446.6          1.083
        5961000       1.221111           1227         0.9962         9448.1          1.019
        5962000       1.221291           1227         0.9962         9449.6          1.034
        5963000       1.221506           1227         0.9962         9451.0          1.060
        5964000       1.221720           1227         0.9962         9452.5          1.004
        5965000       1.221921           1227         0.9962         9453.9          0.989
        5966000       1.222138           1227         0.9962         9455.4          0.959
        5967000       1.222286           1228         0.9962         9456.8          1.018
        5968000       1.222486           1228         0.9962         9458.3          1.073
        5969000       1.222672           1228         0.9962         9459.7          1.011
        5970000       1.222865           1228         0.9962         9461.2          1.041
        5971000       1.223071           1228         0.9962         9462.6          0.949
        5972000       1.223273           1228         0.9962         9464.1          1.016
        5973000       1.223501           1228         0.9962         9465.5          1.036
        5974000       1.223685           1228         0.9962         9467.0          1.100
        5975000       1.223905           1229         0.9962         9468.4          1.114
        5976000       1.224158           1229         0.9962         9469.9          1.106
        5977000       1.224335           1229         0.9962         9471.3          1.111
        5978000       1.224514           1229         0.9962         9472.8          1.110
        5979000       1.224733           1229         0.9962         9474.3          1.101
        5980000       1.224941           1230         0.9962         9475.8          1.070
        5981000       1.225132           1230         0.9962         9477.2          1.037
        5982000       1.225366           1230         0.9962         9478.7          1.062
        5983000       1.225547           1230         0.9962         9480.2          1.027
        5984000       1.225757           1230         0.9962         9481.7          0.938
        5985000       1.225957           1231         0.9962         9483.1          0.991
        5986000       1.226098           1231         0.9962         9484.6          1.010
        5987000       1.226284           1232         0.9962         9486.0          1.033
        5988000       1.226510           1232         0.9962         9487.5          0.909
        5989000       1.226710           1232         0.9962         9488.9          0.968
        5990000       1.226931           1232         0.9962         9490.4          0.929
        5991000       1.227129           1232         0.9962         9491.9          0.976
        5992000       1.227334           1232         0.9962         9493.3          1.027
        5993000       1.227528           1232         0.9962         9494.8          0.971
        5994000       1.227725           1232         0.9962         9496.3          1.024
        5995000       1.227919           1233         0.9962         9497.7          1.015
        5996000       1.228156           1233         0.9962         9499.2          0.942
        5997000       1.228304           1233         0.9962         9500.6          0.938
        5998000       1.228528           1234         0.9962         9502.1          0.974
        5999000       1.228691           1234         0.9962         9503.6          0.995
        6000000       1.228865           1234         0.9962         9505.0          1.006
        6001000       1.229098           1234         0.9962         9506.4          0.967
        6002000       1.229293           1234         0.9962         9507.9          1.049
        6003000       1.229499           1235         0.9962         9509.3          1.013
        6004000       1.229725           1235         0.9962         9510.8          0.955
        6005000       1.229926           1235         0.9962         9512.3          0.983
        6006000       1.230142           1235         0.9962         9513.7          1.065
        6007000       1.230373           1235         0.9962         9515.2          1.021
        6008000       1.230589           1235         0.9962         9516.6          1.026
        6009000       1.230806           1235         0.9962         9518.1          1.083
        6010000       1.231002           1235         0.9962         9519.5          1.098
        6011000       1.231190           1235         0.9962         9520.9          1.080
        6012000       1.231417           1235         0.9962         9522.3          1.050
        6013000       1.231570           1235         0.9962         9523.8          1.035
        6014000       1.231801           1235         0.9962         9525.2          1.003
        6015000       1.231985           1235         0.9962         9526.7          0.937
        6016000       1.232214           1237         0.9962         9528.1          0.969
        6017000       1.232441           1237         0.9962         9529.6          1.026
        6018000       1.232663           1237         0.9962         9531.0          1.014
        6019000       1.232899           1237         0.9962         9532.5          0.953
        6020000       1.233140           1237         0.9962         9533.9          0.953
        6021000       1.233342           1237         0.9962         9535.4          0.925
        6022000       1.233555           1237         0.9962         9536.9          0.941
        6023000       1.233767           1237         0.9961         9538.3          0.912
        6024000       1.233975           1237         0.9961         9539.8          0.929
        6025000       1.234189           1237         0.9961         9541.2          1.050
        6026000       1.234446           1238         0.9961         9542.7          0.995
        6027000       1.234639           1238         0.9961         9544.1          1.037
        6028000       1.234836           1238         0.9961         9545.6          1.048
        6029000       1.235106           1238         0.9961         9547.0          1.010
        6030000       1.235306           1238         0.9961         9548.5          0.970
        6031000       1.235499           1238         0.9961         9549.9          1.002
        6032000       1.235730           1239         0.9961         9551.4          0.945
        6033000       1.235934           1240         0.9961         9552.8          0.984
        6034000       1.236117           1240         0.9961         9554.3          0.982
        6035000       1.236292           1240         0.9961         9555.7          1.029
        6036000       1.236509           1240         0.9961         9557.1          1.047
        6037000       1.236751           1241         0.9961         9558.6          1.090
        6038000       1.236959           1241         0.9961         9560.0          1.058
        6039000       1.237157           1241         0.9961         9561.5          1.018
        6040000       1.237363           1241         0.9961         9563.0          0.990
        6041000       1.237617           1241         0.9961         9564.4          1.028
        6042000       1.237838           1241         0.9961         9565.9          1.048
        6043000       1.238040           1241         0.9961         9567.3          1.062
        6044000       1.238278           1241         0.9961         9568.8          1.042
        6045000       1.238465           1241         0.9961         9570.2          1.019
        6046000       1.238596           1241         0.9961         9571.7          0.975
        6047000       1.238767           1242         0.9961         9573.2          0.976
        6048000       1.238968           1242         0.9961         9574.6          0.973
        6049000       1.239138           1242         0.9961         9576.1          1.039
        6050000       1.239370           1242         0.9961         9577.5          1.000
        6051000       1.239578           1242         0.9961         9579.0          1.035
        6052000       1.239783           1242         0.9961         9580.4          1.069
        6053000       1.239986           1242         0.9961         9581.9          0.989
        6054000       1.240195           1242         0.9961         9583.3          0.948
        6055000       1.240411           1242         0.9961         9584.8          0.973
        6056000       1.240647           1242         0.9961         9586.2          1.035
        6057000       1.240857           1243         0.9961         9587.7          1.024
        6058000       1.241072           1243         0.9961         9589.1          1.002
        6059000       1.241301           1243         0.9961         9590.6          0.986
        6060000       1.241479           1243         0.9961         9592.0          1.042
        6061000       1.241654           1243         0.9961         9593.5          1.021
        6062000       1.241810           1243         0.9961         9595.0          0.977
        6063000       1.241937           1243         0.9961         9596.4          1.002
        6064000       1.242101           1243         0.9961         9597.9          1.067
        6065000       1.242331           1243         0.9961         9599.4          1.050
        6066000       1.242566           1244         0.9961         9600.8          0.945
        6067000       1.242824           1244         0.9961         9602.3          1.009
        6068000       1.242996           1244         0.9961         9603.8          1.016
        6069000       1.243204           1244         0.9961         9605.2          0.961
        6070000       1.243412           1245         0.9961         9606.7          1.018
        6071000       1.243585           1246         0.9961         9608.1          1.024
        6072000       1.243747           1246         0.9961         9610.1          1.092
        6073000       1.243959           1246         0.9961         9611.5          1.056
        6074000       1.244178           1247         0.9961         9613.0          1.006
        6075000       1.244372           1247         0.9961         9614.4          1.052
        6076000       1.244522           1247         0.9961         9615.9          1.030
        6077000       1.244710           1247         0.9961         9617.4          1.040
        6078000       1.244877           1247         0.9961         9618.8          1.013
        6079000       1.245070           1247         0.9961         9620.3          1.009
        6080000       1.245267           1247         0.9961         9621.8          1.041
        6081000       1.245494           1247         0.9961         9623.2          1.055
        6082000       1.245688           1247         0.9961         9624.7          1.043
        6083000       1.245879           1248         0.9961         9626.2          0.991
        6084000       1.246083           1249         0.9961         9627.6          1.039
        6085000       1.246260           1250         0.9961         9629.0          1.062
        6086000       1.246462           1250         0.9961         9630.5          1.082
        6087000       1.246716           1251         0.9961         9632.0          1.083
        6088000       1.246938           1251         0.9961         9633.5          1.070
        6089000       1.247134           1251         0.9961         9634.9          1.068
        6090000       1.247354           1251         0.9961         9636.4          1.078
        6091000       1.247501           1251         0.9961         9637.8          1.022
        6092000       1.247710           1252         0.9961         9639.3          1.032
        6093000       1.247882           1252         0.9961         9640.7          1.069
        6094000       1.248128           1252         0.9961         9642.2          1.056
        6095000       1.248334           1252         0.9961         9643.7          0.972
        6096000       1.248550           1252         0.9961         9645.2          1.012
        6097000       1.248771           1253         0.9961         9646.6          0.940
        6098000       1.248952           1253         0.9961         9648.1          0.993
        6099000       1.249180           1253         0.9961         9649.5          1.050
        6100000       1.249400           1253         0.9961         9651.0          1.095
        6101000       1.249632           1255         0.9961         9652.4          0.998
        6102000       1.249836           1255         0.9961         9653.9          1.066
        6103000       1.249994           1255         0.9961         9655.3          1.100
        6104000       1.250159           1255         0.9961         9656.7          1.015
        6105000       1.250370           1255         0.9961         9658.2          1.063
        6106000       1.250562           1255         0.9961         9659.6          0.995
        6107000       1.250730           1255         0.9961         9661.1          1.011
        6108000       1.250927           1255         0.9961         9662.5          1.014
        6109000       1.251137           1255         0.9961         9664.0          1.042
        6110000       1.251337           1255         0.9961         9665.4          1.053
        6111000       1.251583           1255         0.9961         9666.8          1.022
        6112000       1.251739           1255         0.9961         9668.3          1.036
        6113000       1.251912           1256         0.9961         9669.8          1.103
        6114000       1.252114           1257         0.9961         9671.2          1.121
        6115000       1.252305           1257         0.9961         9672.7          1.090
        6116000       1.252511           1257         0.9961         9674.2          1.088
        6117000       1.252694           1257         0.9961         9675.7          1.121
        6118000       1.252898           1257         0.9961         9677.2          1.103
        6119000       1.253128           1257         0.9961         9678.6          1.124
        6120000       1.253356           1257         0.9961         9680.1          1.120
        6121000       1.253546           1258         0.9961         9681.6          1.157
        6122000       1.253795           1258         0.9961         9683.1          1.152
        6123000       1.253995           1258         0.9961         9684.6          1.089
        6124000       1.254216           1258         0.9961         9686.1          1.103
        6125000       1.254405           1259         0.9961         9687.5          1.094
        6126000       1.254588           1259         0.9961         9689.0          1.081
        6127000       1.254769           1259         0.9961         9690.5          1.119
        6128000       1.254929           1259         0.9961         9692.0          1.083
        6129000       1.255140           1259         0.9961         9693.4          0.975
        6130000       1.255329           1260         0.9961         9695.0          1.076
        6131000       1.255519           1260         0.9961         9696.4          1.050
        6132000       1.255705           1260         0.9961         9697.9          1.024
        6133000       1.255903           1260         0.9961         9699.3          1.014
        6134000       1.256045           1260         0.9961         9700.8          1.096
        6135000       1.256281           1260         0.9961         9702.3          1.034
        6136000       1.256511           1260         0.9961         9703.8          1.007
        6137000       1.256674           1260         0.9961         9705.2          0.976
        6138000       1.256876           1260         0.9961         9706.7          0.975
        6139000       1.257071           1261         0.9961         9708.2          1.025
        6140000       1.257246           1261         0.9961         9709.6          1.059
        6141000       1.257421           1261         0.9961         9711.1          1.020
        6142000       1.257625           1262         0.9961         9712.6          1.052
        6143000       1.257821           1262         0.9961         9714.1          1.023
        6144000       1.258025           1263         0.9961         9715.5          1.022
        6145000       1.258215           1263         0.9961         9717.0          1.119
        6146000       1.258460           1265         0.9961         9718.5          1.163
        6147000       1.258652           1265         0.9961         9720.0          1.124
        6148000       1.258871           1265         0.9961         9721.4          1.164
        6149000       1.259114           1265         0.9961         9723.1          1.053
        6150000       1.259340           1265         0.9961         9724.5          1.113
        6151000       1.259526           1266         0.9961         9726.0          1.122
        6152000       1.259749           1266         0.9961         9727.5          1.122
        6153000       1.259932           1266         0.9961         9728.9          1.147
        6154000       1.260149           1266         0.9961         9730.4          1.147
        6155000       1.260310           1266         0.9961         9731.9          1.162
        6156000       1.260550           1266         0.9961         9733.3          1.084
        6157000       1.260765           1266         0.9961         9734.8          1.082
        6158000       1.260955           1266         0.9961         9736.2          1.092
        6159000       1.261136           1266         0.9961         9737.7          1.087
        6160000       1.261311           1266         0.9961         9739.1          1.083
        6161000       1.261491           1266         0.9961         9740.6          1.101
        6162000       1.261735           1266         0.9961         9742.0          1.090
        6163000       1.261968           1266         0.9961         9743.5          1.055
        6164000       1.262173           1266         0.9961         9744.9          1.089
        6165000       1.262342           1266         0.9961         9746.4          1.061
        6166000       1.262585           1266         0.9961         9747.9          1.070
        6167000       1.262772           1267         0.9961         9749.3          1.071
        6168000       1.263010           1267         0.9961         9750.8          1.040
        6169000       1.263187           1267         0.9961         9752.2          0.947
        6170000       1.263360           1268         0.9961         9753.6          0.958
        6171000       1.263523           1268         0.9961         9755.1          0.980
        6172000       1.263688           1270         0.9961         9756.6          0.933
        6173000       1.263898           1270         0.9961         9758.0          0.995
        6174000       1.264071           1270         0.9961         9759.5          1.011
        6175000       1.264278           1270         0.9961         9760.9          1.062
        6176000       1.264512           1270         0.9961         9762.4          1.068
        6177000       1.264714           1271         0.9961         9763.9          1.052
        6178000       1.264890           1271         0.9961         9765.4          1.110
        6179000       1.265059           1271         0.9961         9766.8          1.028
        6180000       1.265257           1271         0.9961         9768.3          1.025
        6181000       1.265469           1271         0.9961         9769.8          1.104
        6182000       1.265687           1271         0.9961         9771.4          1.147
        6183000       1.265905           1271         0.9961         9772.8          1.110
        6184000       1.266070           1271         0.9961         9774.3          1.103
        6185000       1.266268           1271         0.9961         9775.9          1.143
        6186000       1.266426           1271         0.9961         9777.3          1.177
        6187000       1.266611           1271         0.9961         9778.7          1.090
        6188000       1.266836           1271         0.9961         9780.3          1.091
        6189000       1.267015           1271         0.9961         9781.7          1.105
        6190000       1.267203           1271         0.9961         9783.1          1.041
        6191000       1.267417           1271         0.9961         9784.6          1.100
        6192000       1.267630           1271         0.9961         9786.1          1.068
        6193000       1.267810           1271         0.9961         9787.6          1.142
        6194000       1.268031           1271         0.9961         9789.1          1.130
        6195000       1.268248           1272         0.9961         9790.5          1.133
        6196000       1.268448           1272         0.9961         9792.1          1.105
        6197000       1.268654           1272         0.9961         9793.5          1.294
        6198000       1.268816           1272         0.9961         9795.1          1.153
        6199000       1.268983           1272         0.9961         9796.6          1.201
        6200000       1.269157           1272         0.9961         9798.1          1.113
        6201000       1.269409           1272         0.9961         9799.7          1.056
        6202000       1.269581           1272         0.9961         9801.2          1.158
        6203000       1.269782           1272         0.9961         9802.7          1.082
        6204000       1.270022           1272         0.9961         9804.3          1.125
        6205000       1.270193           1272         0.9961         9805.8          1.123
        6206000       1.270415           1272         0.9961         9807.3          1.079
        6207000       1.270596           1272         0.9961         9808.8          1.105
        6208000       1.270784           1272         0.9961         9810.3          1.145
        6209000       1.270967           1272         0.9961         9811.8          1.119
        6210000       1.271177           1272         0.9961         9813.5          1.153
        6211000       1.271383           1272         0.9961         9814.9          1.122
        6212000       1.271595           1272         0.9961         9816.4          1.090
        6213000       1.271827           1272         0.9961         9817.9          1.150
        6214000       1.272036           1272         0.9961         9819.4          1.138
        6215000       1.272240           1272         0.9961         9820.8          1.155
        6216000       1.272427           1272         0.9961         9822.3          1.035
        6217000       1.272647           1272         0.9961         9823.8          1.074
        6218000       1.272851           1272         0.9961         9825.2          1.179
        6219000       1.273049           1272         0.9961         9826.7          1.126
        6220000       1.273217           1272         0.9961         9828.1          1.053
        6221000       1.273388           1272         0.9961         9829.6          1.065
        6222000       1.273587           1272         0.9961         9831.1          0.956
        6223000       1.273799           1272         0.9961         9832.6          0.935
        6224000       1.274022           1272         0.9961         9834.0          0.978
        6225000       1.274224           1272         0.9961         9835.5          0.976
        6226000       1.274426           1272         0.9961         9837.0          0.905
        6227000       1.274619           1273         0.9961         9838.5          0.966
        6228000       1.274855           1273         0.9961         9840.0          1.003
        6229000       1.275041           1274         0.9961         9841.5          0.966
        6230000       1.275244           1275         0.9961         9843.0          1.065
        6231000       1.275436           1275         0.9961         9844.4          0.944
        6232000       1.275591           1275         0.9961         9845.9          0.959
        6233000       1.275767           1275         0.9961         9847.4          0.942
        6234000       1.275961           1276         0.9961         9848.9          0.919
        6235000       1.276184           1276         0.9961         9850.4          0.947
        6236000       1.276389           1276         0.9961         9852.0          0.924
        6237000       1.276612           1276         0.9961         9853.4          0.989
        6238000       1.276808           1276         0.9961         9854.9          0.998
        6239000       1.277001           1276         0.9961         9856.4          1.111
        6240000       1.277242           1276         0.9961         9857.9          1.132
        6241000       1.277411           1276         0.9961         9859.3          1.128
        6242000       1.277615           1276         0.9961         9860.8          1.125
        6243000       1.277804           1277         0.9961         9862.3          1.123
        6244000       1.278011           1277         0.9961         9863.8          1.102
        6245000       1.278239           1278         0.9961         9865.4          1.120
        6246000       1.278433           1280         0.9961         9866.8          1.159
        6247000       1.278656           1281         0.9961         9868.4          1.164
        6248000       1.278859           1281         0.9961         9869.9          1.168
        6249000       1.279083           1281         0.9961         9871.4          1.137
        6250000       1.279311           1282         0.9961         9872.9          1.107
        6251000       1.279494           1283         0.9961         9874.6          1.070
        6252000       1.279647           1283         0.9961         9876.0          1.081
        6253000       1.279855           1283         0.9961         9877.6          1.088
        6254000       1.280090           1283         0.9961         9879.1          1.114
        6255000       1.280307           1283         0.9961         9880.9          1.099
        6256000       1.280504           1283         0.9961         9882.7          1.046
        6257000       1.280711           1283         0.9961         9884.2          1.096
        6258000       1.280913           1283         0.9961         9885.9          1.101
        6259000       1.281122           1284         0.9961         9887.4          1.097
        6260000       1.281342           1284         0.9961         9889.1          1.075
        6261000       1.281517           1284         0.9961         9890.9          1.121
        6262000       1.281683           1286         0.9961         9892.7          1.104
        6263000       1.281883           1286         0.9961         9894.3          1.070
        6264000       1.282104           1286         0.9961         9895.8          1.083
        6265000       1.282263           1286         0.9961         9897.6          1.098
        6266000       1.282465           1286         0.9961         9899.4          1.151
        6267000       1.282712           1286         0.9961         9901.1          1.162
        6268000       1.282981           1286         0.9961         9902.9          1.109
        6269000       1.283187           1286         0.9961         9904.7          1.205
        6270000       1.283403           1286         0.9961         9906.5          1.137
        6271000       1.283603           1286         0.9961         9908.1          1.151
        6272000       1.283821           1286         0.9961         9909.7          1.159
        6273000       1.284061           1286         0.9961         9911.3          1.152
        6274000       1.284274           1286         0.9961         9913.0          1.143
        6275000       1.284491           1286         0.9961         9914.5          1.133
        6276000       1.284690           1287         0.9961         9916.1          1.062
        6277000       1.284905           1287         0.9961         9917.7          1.074
        6278000       1.285122           1287         0.9961         9919.3          1.038
        6279000       1.285361           1287         0.9961         9920.9          1.086
        6280000       1.285560           1287         0.9961         9922.6          1.046
        6281000       1.285772           1288         0.9961         9924.4          1.098
        6282000       1.285941           1288         0.9961         9926.1          1.126
        6283000       1.286171           1289         0.9961         9927.8          1.061
        6284000       1.286353           1289         0.9961         9929.4          0.988
        6285000       1.286533           1289         0.9961         9931.5          1.136
        6286000       1.286722           1289         0.9961         9933.3          1.144
        6287000       1.286934           1289         0.9961         9934.8          1.115
        6288000       1.287141           1289         0.9961         9936.4          1.084
        6289000       1.287339           1289         0.9961         9937.9          1.133
        6290000       1.287532           1289         0.9961         9939.8          1.101
        6291000       1.287762           1289         0.9961         9941.5          1.121
        6292000       1.287978           1289         0.9961         9943.2          1.101
        6293000       1.288183           1289         0.9961         9944.8          1.141
        6294000       1.288441           1289         0.9960         9946.3          1.145
        6295000       1.288624           1289         0.9960         9947.9          1.125
        6296000       1.288858           1290         0.9960         9949.5          1.132
        6297000       1.289098           1290         0.9960         9951.0          1.038
        6298000       1.289309           1290         0.9960         9952.5          1.028
        6299000       1.289502           1290         0.9960         9954.1          1.110
        6300000       1.289700           1290         0.9960         9955.5          1.054
        6301000       1.289893           1291         0.9960         9957.0          1.030
        6302000       1.290108           1291         0.9960         9958.7          1.007
        6303000       1.290311           1292         0.9960         9960.3          0.973
        6304000       1.290499           1292         0.9960         9961.9          0.981
        6305000       1.290712           1292         0.9960         9963.4          1.026
        6306000       1.290903           1292         0.9960         9965.0          0.992
        6307000       1.291094           1292         0.9960         9966.6          0.993
        6308000       1.291293           1292         0.9960         9968.2          1.001
        6309000       1.291495           1292         0.9960         9969.7          0.978
        6310000       1.291663           1292         0.9960         9971.1          0.944
        6311000       1.291873           1292         0.9960         9972.8          0.951
        6312000       1.292012           1292         0.9960         9974.3          1.059
        6313000       1.292181           1292         0.9960         9976.0          1.110
        6314000       1.292340           1292         0.9960         9977.5          1.111
        6315000       1.292577           1292         0.9960         9978.9          1.010
        6316000       1.292767           1292         0.9960         9980.4          1.032
        6317000       1.292965           1292         0.9960         9981.9          1.065
        6318000       1.293131           1294         0.9960         9983.3          1.148
        6319000       1.293332           1294         0.9960         9984.8          1.164
        6320000       1.293548           1294         0.9960         9986.3          1.182
        6321000       1.293741           1294         0.9960         9988.0          1.153
        6322000       1.293941           1294         0.9960         9989.7          1.162
        6323000       1.294165           1294         0.9960         9991.3          1.055
        6324000       1.294369           1295         0.9960         9992.8          1.162
        6325000       1.294553           1295         0.9960         9994.5          1.222
        6326000       1.294781           1295         0.9960         9996.0          1.186
        6327000       1.294944           1296         0.9960         9997.6          1.162
        6328000       1.295160           1296         0.9960         9999.2          1.158
        6329000       1.295389           1297         0.9960        10000.7          1.124
        6330000       1.295604           1297         0.9960        10002.2          1.074
        6331000       1.295793           1297         0.9960        10003.7          1.054
        6332000       1.295952           1297         0.9960        10005.1          1.058
        6333000       1.296150           1297         0.9960        10006.7          1.011
        6334000       1.296348           1297         0.9960        10008.1          1.001
        6335000       1.296484           1297         0.9960        10009.6          0.972
        6336000       1.296698           1298         0.9960        10011.2          1.035
        6337000       1.296909           1298         0.9960        10012.6          1.171
        6338000       1.297085           1298         0.9960        10014.1          1.185
        6339000       1.297315           1299         0.9960        10015.6          1.045
        6340000       1.297531           1299         0.9960        10017.3          1.103
        6341000       1.297697           1299         0.9960        10018.8          1.125
        6342000       1.297872           1299         0.9960        10020.5          1.118
        6343000       1.298087           1299         0.9960        10022.0          1.063
        6344000       1.298255           1299         0.9960        10023.4          1.000
        6345000       1.298485           1299         0.9960        10025.1          1.011
        6346000       1.298651           1299         0.9960        10026.9          0.987
        6347000       1.298858           1299         0.9960        10029.0          0.974
        6348000       1.299038           1299         0.9960        10030.5          1.003
        6349000       1.299229           1299         0.9960        10032.0          1.010
        6350000       1.299406           1299         0.9960        10033.5          1.009
        6351000       1.299603           1299         0.9960        10035.0          0.992
        6352000       1.299794           1299         0.9960        10036.5          1.010
        6353000       1.299965           1299         0.9960        10038.1          1.062
        6354000       1.300140           1299         0.9960        10039.6          1.029
        6355000       1.300347           1299         0.9960        10041.1          1.040
        6356000       1.300538           1299         0.9960        10042.6          0.994
        6357000       1.300753           1299         0.9960        10044.1          1.079
        6358000       1.300995           1299         0.9960        10045.6          1.074
        6359000       1.301207           1299         0.9960        10047.1          0.998
        6360000       1.301412           1300         0.9960        10048.6          1.066
        6361000       1.301554           1300         0.9960        10050.1          1.082
        6362000       1.301733           1300         0.9960        10051.6          1.105
        6363000       1.301934           1300         0.9960        10053.2          1.084
        6364000       1.302122           1300         0.9960        10054.8          1.178
        6365000       1.302337           1301         0.9960        10056.2          1.096
        6366000       1.302538           1302         0.9960        10057.7          1.163
        6367000       1.302711           1302         0.9960        10059.2          1.180
        6368000       1.302941           1302         0.9960        10060.7          1.183
        6369000       1.303105           1302         0.9960        10062.2          1.140
        6370000       1.303288           1302         0.9960        10063.9          1.151
        6371000       1.303490           1302         0.9960        10065.5          1.165
        6372000       1.303695           1302         0.9960        10067.0          1.145
        6373000       1.303910           1302         0.9960        10068.6          1.131
        6374000       1.304111           1302         0.9960        10070.1          1.173
        6375000       1.304327           1302         0.9960        10071.6          1.152
        6376000       1.304512           1302         0.9960        10073.0          1.136
        6377000       1.304707           1302         0.9960        10074.5          1.138
        6378000       1.304930           1302         0.9960        10076.0          1.128
        6379000       1.305076           1302         0.9960        10077.5          1.090
        6380000       1.305268           1302         0.9960        10079.0          1.049
        6381000       1.305447           1302         0.9960        10080.5          1.002
        6382000       1.305646           1303         0.9960        10082.0          0.998
        6383000       1.305836           1304         0.9960        10083.5          0.973
        6384000       1.306052           1304         0.9960        10085.0          1.099
        6385000       1.306256           1304         0.9960        10086.5          1.058
        6386000       1.306493           1304         0.9960        10088.1          1.072
        6387000       1.306692           1305         0.9960        10089.5          1.074
        6388000       1.306892           1305         0.9960        10091.0          1.084
        6389000       1.307095           1305         0.9960        10092.5          1.031
        6390000       1.307263           1305         0.9960        10094.0          1.057
        6391000       1.307445           1306         0.9960        10095.5          1.033
        6392000       1.307618           1306         0.9960        10097.0          1.081
        6393000       1.307822           1307         0.9960        10098.6          1.015
        6394000       1.307996           1307         0.9960        10100.1          1.072
        6395000       1.308161           1307         0.9960        10101.5          1.051
        6396000       1.308354           1308         0.9960        10103.0          1.005
        6397000       1.308558           1308         0.9960        10104.6          1.069
        6398000       1.308758           1308         0.9960        10106.1          1.029
        6399000       1.308936           1308         0.9960        10107.5          1.041
        6400000       1.309161           1308         0.9960        10109.1          1.091
        6401000       1.309347           1308         0.9960        10110.6          1.092
        6402000       1.309518           1308         0.9960        10112.0          1.108
        6403000       1.309724           1308         0.9960        10113.5          1.130
        6404000       1.309971           1308         0.9960        10115.0          1.076
        6405000       1.310188           1308         0.9960        10116.6          1.061
        6406000       1.310382           1308         0.9960        10118.1          1.113
        6407000       1.310622           1308         0.9960        10119.6          1.090
        6408000       1.310822           1309         0.9960        10121.1          1.029
        6409000       1.311001           1310         0.9960        10122.6          0.987
        6410000       1.311194           1311         0.9960        10124.1          0.925
        6411000       1.311422           1311         0.9960        10125.5          1.062
        6412000       1.311641           1311         0.9960        10127.0          1.088
        6413000       1.311851           1312         0.9960        10128.6          1.059
        6414000       1.312084           1312         0.9960        10130.1          1.118
        6415000       1.312249           1312         0.9960        10131.6          1.082
        6416000       1.312431           1312         0.9960        10133.2          1.051
        6417000       1.312655           1314         0.9960        10134.8          1.070
        6418000       1.312864           1315         0.9960        10136.2          1.228
        6419000       1.313090           1315         0.9960        10137.8          1.203
        6420000       1.313311           1315         0.9960        10139.3          1.141
        6421000       1.313493           1315         0.9960        10140.8          1.140
        6422000       1.313693           1315         0.9960        10142.4          1.067
        6423000       1.313903           1316         0.9960        10144.0          1.079
        6424000       1.314115           1317         0.9960        10145.5          1.085
        6425000       1.314287           1317         0.9960        10146.9          1.189
        6426000       1.314452           1318         0.9960        10148.5          1.197
        6427000       1.314647           1318         0.9960        10149.9          1.194
        6428000       1.314858           1318         0.9960        10151.4          1.166
        6429000       1.315043           1319         0.9960        10152.9          1.148
        6430000       1.315282           1319         0.9960        10154.4          1.092
        6431000       1.315510           1319         0.9960        10155.8          1.118
        6432000       1.315681           1319         0.9960        10157.4          1.073
        6433000       1.315811           1319         0.9960        10158.8          1.078
        6434000       1.316037           1319         0.9960        10160.3          1.057
        6435000       1.316222           1319         0.9960        10161.9          1.008
        6436000       1.316436           1319         0.9960        10163.4          0.974
        6437000       1.316619           1320         0.9960        10164.8          1.003
        6438000       1.316843           1321         0.9960        10166.3          1.004
        6439000       1.317031           1321         0.9960        10167.8          0.936
        6440000       1.317210           1322         0.9960        10169.3          1.014
        6441000       1.317421           1323         0.9960        10170.7          0.951
        6442000       1.317598           1326         0.9960        10172.2          1.005
        6443000       1.317789           1327         0.9960        10173.7          1.034
        6444000       1.318015           1327         0.9960        10175.2          1.061
        6445000       1.318182           1327         0.9960        10176.6          1.064
        6446000       1.318371           1327         0.9960        10178.1          1.148
        6447000       1.318578           1327         0.9960        10179.6          1.222
        6448000       1.318782           1327         0.9960        10181.1          1.210
        6449000       1.319012           1327         0.9960        10182.5          1.204
        6450000       1.319209           1327         0.9960        10184.4          1.163
        6451000       1.319399           1327         0.9960        10186.0          1.214
        6452000       1.319602           1328         0.9960        10187.4          1.198
        6453000       1.319766           1328         0.9960        10188.9          1.201
        6454000       1.319952           1329         0.9960        10190.4          1.213
        6455000       1.320105           1329         0.9960        10191.9          1.205
        6456000       1.320329           1329         0.9960        10193.5          1.260
        6457000       1.320567           1329         0.9960        10195.1          1.279
        6458000       1.320768           1329         0.9960        10197.1          1.279
        6459000       1.320959           1329         0.9960        10198.8          1.235
        6460000       1.321169           1329         0.9960        10200.4          1.160
        6461000       1.321372           1329         0.9960        10201.8          1.185
        6462000       1.321577           1329         0.9960        10203.4          1.254
        6463000       1.321780           1330         0.9960        10204.9          1.217
        6464000       1.322030           1331         0.9960        10206.5          1.207
        6465000       1.322185           1331         0.9960        10208.1          1.233
        6466000       1.322390           1331         0.9960        10209.6          1.345
        6467000       1.322557           1331         0.9960        10211.4          1.281
        6468000       1.322762           1332         0.9960        10213.1          1.281
        6469000       1.322977           1333         0.9960        10214.7          1.256
        6470000       1.323177           1334         0.9960        10216.3          1.217
        6471000       1.323392           1336         0.9960        10217.8          1.197
        6472000       1.323578           1336         0.9960        10219.3          1.192
        6473000       1.323760           1336         0.9960        10221.0          1.199
        6474000       1.323954           1337         0.9960        10222.4          1.302
        6475000       1.324169           1337         0.9960        10224.1          1.233
        6476000       1.324421           1337         0.9960        10225.8          1.243
        6477000       1.324611           1337         0.9960        10227.5          1.226
        6478000       1.324841           1337         0.9960        10229.0          1.136
        6479000       1.325045           1338         0.9960        10230.6          1.249
        6480000       1.325216           1338         0.9960        10232.0          1.227
        6481000       1.325391           1338         0.9960        10233.5          1.221
        6482000       1.325564           1338         0.9960        10235.0          1.228
        6483000       1.325768           1339         0.9960        10236.7          1.226
        6484000       1.325981           1339         0.9960        10238.2          1.237
        6485000       1.326211           1339         0.9960        10239.7          1.179
        6486000       1.326398           1339         0.9960        10241.1          1.235
        6487000       1.326582           1339         0.9960        10242.6          1.259
        6488000       1.326739           1339         0.9960        10244.1          1.189
        6489000       1.326917           1339         0.9960        10245.5          1.242
        6490000       1.327095           1340         0.9960        10247.1          1.248
        6491000       1.327301           1341         0.9960        10248.6          1.268
        6492000       1.327490           1341         0.9960        10250.0          1.148
        6493000       1.327723           1341         0.9960        10251.5          1.142
        6494000       1.327911           1341         0.9960        10253.0          1.140
        6495000       1.328086           1341         0.9960        10254.4          1.158
        6496000       1.328316           1342         0.9960        10255.8          1.135
        6497000       1.328516           1342         0.9960        10257.5          1.159
        6498000       1.328686           1342         0.9960        10259.1          1.168
        6499000       1.328880           1342         0.9960        10260.6          1.162
        6500000       1.329092           1342         0.9960        10262.2          1.182
        6501000       1.329254           1342         0.9960        10263.6          1.182
        6502000       1.329427           1342         0.9960        10265.2          1.099
        6503000       1.329616           1342         0.9960        10266.7          1.138
        6504000       1.329860           1342         0.9960        10268.2          1.142
        6505000       1.330081           1342         0.9960        10269.6          1.190
        6506000       1.330294           1342         0.9960        10271.1          1.226
        6507000       1.330507           1344         0.9960        10272.6          1.151
        6508000       1.330684           1344         0.9960        10274.1          1.113
        6509000       1.330890           1344         0.9960        10275.7          1.109
        6510000       1.331071           1344         0.9960        10277.2          1.063
        6511000       1.331280           1344         0.9960        10278.7          1.162
        6512000       1.331453           1344         0.9960        10280.1          1.185
        6513000       1.331648           1344         0.9960        10281.7          1.202
        6514000       1.331808           1345         0.9960        10283.1          1.204
        6515000       1.331978           1345         0.9960        10284.7          1.190
        6516000       1.332153           1345         0.9960        10286.1          1.129
        6517000       1.332321           1345         0.9960        10287.6          1.116
        6518000       1.332497           1345         0.9960        10289.1          1.129
        6519000       1.332724           1345         0.9960        10290.7          1.160
        6520000       1.332876           1347         0.9960        10292.1          1.248
        6521000       1.333107           1349         0.9960        10293.6          1.318
        6522000       1.333333           1349         0.9960        10295.1          1.268
        6523000       1.333530           1350         0.9960        10296.8          1.314
        6524000       1.333716           1350         0.9960        10298.3          1.314
        6525000       1.333870           1350         0.9960        10299.8          1.317
        6526000       1.334059           1350         0.9960        10301.4          1.313
        6527000       1.334241           1350         0.9960        10303.2          1.216
        6528000       1.334400           1352         0.9960        10304.8          1.139
        6529000       1.334612           1352         0.9960        10306.2          1.183
        6530000       1.334824           1353         0.9960        10307.8          1.138
        6531000       1.335045           1353         0.9960        10309.4          1.111
        6532000       1.335221           1353         0.9960        10310.9          1.054
        6533000       1.335466           1353         0.9960        10312.5          1.067
        6534000       1.335683           1353         0.9960        10314.0          1.246
        6535000       1.335866           1353         0.9960        10315.5          1.198
        6536000       1.336061           1354         0.9960        10317.0          1.232
        6537000       1.336253           1354         0.9960        10318.4          1.166
        6538000       1.336467           1354         0.9960        10320.0          1.185
        6539000       1.336673           1354         0.9960        10321.4          1.201
        6540000       1.336872           1355         0.9960        10322.9          1.213
        6541000       1.337074           1355         0.9960        10324.4          1.199
        6542000       1.337281           1355         0.9960        10326.2          1.189
        6543000       1.337481           1355         0.9960        10327.8          1.210
        6544000       1.337637           1355         0.9960        10329.3          1.207
        6545000       1.337796           1355         0.9960        10330.8          1.248
        6546000       1.337997           1355         0.9960        10332.7          1.229
        6547000       1.338194           1355         0.9960        10334.3          1.162
        6548000       1.338385           1355         0.9960        10335.9          1.225
        6549000       1.338599           1355         0.9960        10337.5          1.179
        6550000       1.338785           1355         0.9960        10339.1          1.158
        6551000       1.339018           1355         0.9960        10340.5          1.199
        6552000       1.339200           1355         0.9960        10342.1          1.119
        6553000       1.339426           1355         0.9960        10343.6          1.172
        6554000       1.339625           1355         0.9960        10345.2          1.200
        6555000       1.339887           1355         0.9960        10347.1          1.228
        6556000       1.340058           1355         0.9960        10348.9          1.114
        6557000       1.340268           1355         0.9960        10350.5          1.135
        6558000       1.340476           1355         0.9959        10352.0          1.098
        6559000       1.340711           1356         0.9959        10353.6          1.166
        6560000       1.340883           1356         0.9959        10355.1          1.100
        6561000       1.341065           1356         0.9959        10356.6          1.108
        6562000       1.341281           1356         0.9959        10358.5          1.215
        6563000       1.341521           1356         0.9959        10360.0          1.257
        6564000       1.341741           1356         0.9959        10361.8          1.262
        6565000       1.341958           1356         0.9959        10363.5          1.237
        6566000       1.342085           1356         0.9959        10364.9          1.185
        6567000       1.342307           1356         0.9959        10366.5          1.083
        6568000       1.342480           1356         0.9959        10367.9          1.107
        6569000       1.342654           1356         0.9959        10369.5          1.187
        6570000       1.342862           1356         0.9959        10371.1          1.211
        6571000       1.343076           1356         0.9959        10372.8          1.229
        6572000       1.343269           1356         0.9959        10374.4          1.184
        6573000       1.343472           1356         0.9959        10375.9          1.139
        6574000       1.343651           1356         0.9959        10377.4          1.081
        6575000       1.343823           1356         0.9959        10378.9          1.078
        6576000       1.344008           1356         0.9959        10380.4          1.143
        6577000       1.344198           1356         0.9959        10381.9          1.168
        6578000       1.344393           1356         0.9959        10383.5          1.207
        6579000       1.344622           1356         0.9959        10385.0          1.187
        6580000       1.344823           1356         0.9959        10386.5          1.172
        6581000       1.345042           1356         0.9959        10388.0          1.220
        6582000       1.345216           1356         0.9959        10389.5          1.132
        6583000       1.345419           1356         0.9959        10391.0          1.206
        6584000       1.345608           1356         0.9959        10392.5          1.200
        6585000       1.345794           1356         0.9959        10394.0          1.213
        6586000       1.346038           1356         0.9959        10395.5          1.204
        6587000       1.346268           1356         0.9959        10397.0          1.224
        6588000       1.346490           1356         0.9959        10398.6          1.180
        6589000       1.346741           1356         0.9959        10400.2          1.147
        6590000       1.346976           1356         0.9959        10402.0          1.281
        6591000       1.347195           1356         0.9959        10403.6          1.160
        6592000       1.347417           1356         0.9959        10405.0          1.152
        6593000       1.347620           1356         0.9959        10406.5          1.129
        6594000       1.347804           1357         0.9959        10408.0          1.151
        6595000       1.347994           1357         0.9959        10409.6          1.220
        6596000       1.348213           1357         0.9959        10411.4          1.297
        6597000       1.348430           1357         0.9959        10413.3          1.230
        6598000       1.348628           1357         0.9959        10415.1          1.234
        6599000       1.348819           1357         0.9959        10416.9          1.311
        6600000       1.349006           1357         0.9959        10418.9          1.319
        6601000       1.349183           1357         0.9959        10421.2          1.286
        6602000       1.349378           1358         0.9959        10423.3          1.241
        6603000       1.349599           1359         0.9959        10425.3          1.231
        6604000       1.349802           1359         0.9959        10427.3          1.235
        6605000       1.350024           1359         0.9959        10428.9          1.203
        6606000       1.350208           1359         0.9959        10430.4          1.259
        6607000       1.350388           1359         0.9959        10432.4          1.222
        6608000       1.350592           1359         0.9959        10434.3          1.255
        6609000       1.350771           1359         0.9959        10436.3          1.302
        6610000       1.350950           1359         0.9959        10438.0          1.302
        6611000       1.351152           1359         0.9959        10439.5          1.309
        6612000       1.351375           1359         0.9959        10441.1          1.306
        6613000       1.351596           1359         0.9959        10442.7          1.222
        6614000       1.351796           1359         0.9959        10444.7          1.241
        6615000       1.352010           1359         0.9959        10446.4          1.255
        6616000       1.352175           1359         0.9959        10448.7          1.221
        6617000       1.352377           1359         0.9959        10450.7          1.236
        6618000       1.352572           1360         0.9959        10452.9          1.202
        6619000       1.352803           1360         0.9959        10454.5          1.280
        6620000       1.352986           1360         0.9959        10456.1          1.234
        6621000       1.353163           1360         0.9959        10457.6          1.298
        6622000       1.353374           1360         0.9959        10459.2          1.308
        6623000       1.353600           1361         0.9959        10461.2          1.318
        6624000       1.353796           1361         0.9959        10462.9          1.271
        6625000       1.353989           1361         0.9959        10465.5          1.274
        6626000       1.354215           1361         0.9959        10467.3          1.291
        6627000       1.354430           1362         0.9959        10468.9          1.288
        6628000       1.354673           1362         0.9959        10470.7          1.228
        6629000       1.354884           1362         0.9959        10472.5          1.295
        6630000       1.355066           1362         0.9959        10474.0          1.279
        6631000       1.355253           1362         0.9959        10475.9          1.282
        6632000       1.355394           1363         0.9959        10477.7          1.219
        6633000       1.355595           1365         0.9959        10479.6          1.206
        6634000       1.355786           1365         0.9959        10481.2          1.161
        6635000       1.355959           1366         0.9959        10482.9          1.199
        6636000       1.356160           1367         0.9959        10484.5          1.194
        6637000       1.356381           1367         0.9959        10486.1          1.238
        6638000       1.356564           1367         0.9959        10488.3          1.280
        6639000       1.356719           1367         0.9959        10490.1          1.271
        6640000       1.356890           1367         0.9959        10491.8          1.272
        6641000       1.357072           1367         0.9959        10493.5          1.270
        6642000       1.357296           1367         0.9959        10495.2          1.271
        6643000       1.357435           1367         0.9959        10497.0          1.272
        6644000       1.357622           1367         0.9959        10498.6          1.269
        6645000       1.357789           1367         0.9959        10500.4          1.317
        6646000       1.357985           1367         0.9959        10502.2          1.310
        6647000       1.358207           1367         0.9959        10504.0          1.282
        6648000       1.358374           1367         0.9959        10505.7          1.282
        6649000       1.358590           1368         0.9959        10507.6          1.282
        6650000       1.358798           1368         0.9959        10509.8          1.264
        6651000       1.358978           1368         0.9959        10512.8          1.235
        6652000       1.359203           1368         0.9959        10514.7          1.270
        6653000       1.359368           1368         0.9959        10517.0          1.279
        6654000       1.359575           1368         0.9959        10519.0          1.260
        6655000       1.359793           1369         0.9959        10520.5          1.222
        6656000       1.360006           1369         0.9959        10522.2          1.233
        6657000       1.360160           1369         0.9959        10523.9          1.239
        6658000       1.360414           1369         0.9959        10525.5          1.199
        6659000       1.360605           1369         0.9959        10527.1          1.252
        6660000       1.360787           1369         0.9959        10528.6          1.190
        6661000       1.360981           1370         0.9959        10530.2          1.205
        6662000       1.361137           1370         0.9959        10531.9          1.282
        6663000       1.361338           1370         0.9959        10533.7          1.245
        6664000       1.361527           1370         0.9959        10535.7          1.250
        6665000       1.361733           1370         0.9959        10537.5          1.325
        6666000       1.361931           1370         0.9959        10539.2          1.279
        6667000       1.362131           1370         0.9959        10540.8          1.211
        6668000       1.362323           1370         0.9959        10542.4          1.189
        6669000       1.362490           1370         0.9959        10543.9          1.217
        6670000       1.362642           1370         0.9959        10545.3          1.239
        6671000       1.362825           1370         0.9959        10546.9          1.229
        6672000       1.363036           1370         0.9959        10548.6          1.241
        6673000       1.363214           1370         0.9959        10550.2          1.238
        6674000       1.363421           1370         0.9959        10551.7          1.218
        6675000       1.363590           1372         0.9959        10553.3          1.229
        6676000       1.363731           1372         0.9959        10554.9          1.228
        6677000       1.363904           1372         0.9959        10556.5          1.211
        6678000       1.364076           1372         0.9959        10558.1          1.287
        6679000       1.364293           1373         0.9959        10559.8          1.263
        6680000       1.364482           1373         0.9959        10561.7          1.293
        6681000       1.364660           1373         0.9959        10563.3          1.297
        6682000       1.364873           1374         0.9959        10565.5          1.351
        6683000       1.365115           1374         0.9959        10567.7          1.350
        6684000       1.365311           1374         0.9959        10569.8          1.366
        6685000       1.365492           1374         0.9959        10572.7          1.322
        6686000       1.365751           1374         0.9959        10575.0          1.286
        6687000       1.365984           1375         0.9959        10577.5          1.368
        6688000       1.366149           1376         0.9959        10579.7          1.347
        6689000       1.366365           1376         0.9959        10582.1          1.348
        6690000       1.366537           1377         0.9959        10583.8          1.317
        6691000       1.366699           1377         0.9959        10585.3          1.306
        6692000       1.366880           1377         0.9959        10587.4          1.303
        6693000       1.367060           1377         0.9959        10589.7          1.262
        6694000       1.367215           1380         0.9959        10592.1          1.281
        6695000       1.367454           1380         0.9959        10594.0          1.281
        6696000       1.367645           1380         0.9959        10596.1          1.194
        6697000       1.367840           1380         0.9959        10598.0          1.208
        6698000       1.368081           1380         0.9959        10599.8          1.212
        6699000       1.368330           1380         0.9959        10601.6          1.192
        6700000       1.368521           1380         0.9959        10603.3          1.276
        6701000       1.368702           1380         0.9959        10604.9          1.332
        6702000       1.368900           1380         0.9959        10606.8          1.291
        6703000       1.369047           1380         0.9959        10608.4          1.312
        6704000       1.369213           1380         0.9959        10610.0          1.308
        6705000       1.369408           1380         0.9959        10611.8          1.335
        6706000       1.369588           1380         0.9959        10613.5          1.311
        6707000       1.369809           1380         0.9959        10615.2          1.292
        6708000       1.369987           1380         0.9959        10617.0          1.238
        6709000       1.370215           1380         0.9959        10618.6          1.230
        6710000       1.370363           1381         0.9959        10620.1          1.271
        6711000       1.370516           1381         0.9959        10621.6          1.164
        6712000       1.370702           1381         0.9959        10623.1          1.221
        6713000       1.370899           1381         0.9959        10624.6          1.202
        6714000       1.371083           1381         0.9959        10626.1          1.195
        6715000       1.371260           1381         0.9959        10627.7          1.283
        6716000       1.371431           1381         0.9959        10629.4          1.250
        6717000       1.371637           1381         0.9959        10630.8          1.229
        6718000       1.371824           1381         0.9959        10632.6          1.221
        6719000       1.372030           1381         0.9959        10634.2          1.285
        6720000       1.372205           1381         0.9959        10636.0          1.272
        6721000       1.372408           1381         0.9959        10638.3          1.282
        6722000       1.372589           1381         0.9959        10640.1          1.264
        6723000       1.372780           1381         0.9959        10642.0          1.297
        6724000       1.372980           1381         0.9959        10643.8          1.309
        6725000       1.373173           1381         0.9959        10645.4          1.282
        6726000       1.373372           1381         0.9959        10647.3          1.324
        6727000       1.373593           1382         0.9959        10649.0          1.279
        6728000       1.373810           1382         0.9959        10651.0          1.258
        6729000       1.374002           1382         0.9959        10652.7          1.223
        6730000       1.374224           1383         0.9959        10654.3          1.357
        6731000       1.374386           1383         0.9959        10655.9          1.257
        6732000       1.374581           1383         0.9959        10657.7          1.276
        6733000       1.374756           1383         0.9959        10659.3          1.274
        6734000       1.374961           1385         0.9959        10660.9          1.230
        6735000       1.375121           1385         0.9959        10662.4          1.220
        6736000       1.375329           1385         0.9959        10664.1          1.299
        6737000       1.375530           1385         0.9959        10665.8          1.200
        6738000       1.375734           1385         0.9959        10667.3          1.217
        6739000       1.375948           1385         0.9959        10668.8          1.185
        6740000       1.376159           1386         0.9959        10670.4          1.161
        6741000       1.376310           1387         0.9959        10671.9          1.223
        6742000       1.376517           1387         0.9959        10673.5          1.127
        6743000       1.376722           1387         0.9959        10675.0          1.122
        6744000       1.376930           1387         0.9959        10676.7          1.252
        6745000       1.377126           1387         0.9959        10678.3          1.284
        6746000       1.377319           1387         0.9959        10679.9          1.249
        6747000       1.377571           1387         0.9959        10681.5          1.123
        6748000       1.377755           1387         0.9959        10683.0          1.211
        6749000       1.377965           1387         0.9959        10684.5          1.152
        6750000       1.378200           1387         0.9959        10686.1          1.166
        6751000       1.378368           1387         0.9959        10687.8          1.172
        6752000       1.378598           1387         0.9959        10689.4          1.243
        6753000       1.378815           1387         0.9959        10691.0          1.289
        6754000       1.379028           1387         0.9959        10692.6          1.264
        6755000       1.379234           1387         0.9959        10694.5          1.266
        6756000       1.379453           1387         0.9959        10696.6          1.252
        6757000       1.379668           1387         0.9959        10699.5          1.256
        6758000       1.379883           1387         0.9959        10701.4          1.298
        6759000       1.380102           1387         0.9959        10703.0          1.289
        6760000       1.380316           1387         0.9959        10704.6          1.276
        6761000       1.380515           1387         0.9959        10706.6          1.299
        6762000       1.380675           1388         0.9959        10708.3          1.240
        6763000       1.380801           1388         0.9959        10710.1          1.244
        6764000       1.380998           1389         0.9959        10711.7          1.273
        6765000       1.381163           1389         0.9959        10713.2          1.263
        6766000       1.381385           1389         0.9959        10714.7          1.277
        6767000       1.381566           1389         0.9959        10716.5          1.226
        6768000       1.381756           1389         0.9959        10718.1          1.174
        6769000       1.381955           1389         0.9959        10719.7          1.137
        6770000       1.382127           1389         0.9959        10721.5          1.268
        6771000       1.382285           1389         0.9959        10723.2          1.286
        6772000       1.382473           1389         0.9959        10725.0          1.304
        6773000       1.382678           1389         0.9959        10726.7          1.172
        6774000       1.382839           1390         0.9959        10728.3          1.147
        6775000       1.383020           1390         0.9959        10729.8          1.100
        6776000       1.383236           1390         0.9959        10731.3          1.130
        6777000       1.383418           1390         0.9959        10732.7          1.142
        6778000       1.383629           1390         0.9959        10734.3          1.122
        6779000       1.383837           1391         0.9959        10735.7          1.073
        6780000       1.384047           1391         0.9959        10737.2          1.132
        6781000       1.384252           1391         0.9959        10738.7          1.227
        6782000       1.384445           1391         0.9959        10740.2          1.146
        6783000       1.384666           1391         0.9959        10741.7          1.218
        6784000       1.384886           1391         0.9959        10743.1          1.197
        6785000       1.385124           1391         0.9959        10744.6          1.169
        6786000       1.385336           1391         0.9959        10746.1          1.253
        6787000       1.385561           1391         0.9959        10747.6          1.132
        6788000       1.385754           1391         0.9959        10749.1          1.126
        6789000       1.385942           1391         0.9959        10750.6          1.215
        6790000       1.386197           1391         0.9959        10752.1          1.211
        6791000       1.386430           1391         0.9959        10753.6          1.153
        6792000       1.386650           1391         0.9959        10755.1          1.177
        6793000       1.386877           1391         0.9959        10756.6          1.138
        6794000       1.387072           1392         0.9959        10758.1          1.154
        6795000       1.387275           1393         0.9959        10759.6          1.216
        6796000       1.387497           1393         0.9959        10761.1          1.214
        6797000       1.387726           1393         0.9959        10762.6          1.296
        6798000       1.387936           1393         0.9959        10764.1          1.259
        6799000       1.388188           1393         0.9959        10765.7          1.265
        6800000       1.388419           1394         0.9959        10767.3          1.154
        6801000       1.388637           1394         0.9959        10768.8          1.159
        6802000       1.388811           1394         0.9959        10770.7          1.214
        6803000       1.389023           1394         0.9959        10772.3          1.196
        6804000       1.389218           1394         0.9959        10774.2          1.177
        6805000       1.389413           1394         0.9959        10775.8          1.338
        6806000       1.389591           1395         0.9959        10777.4          1.187
        6807000       1.389827           1396         0.9959        10779.0          1.263
        6808000       1.390012           1396         0.9959        10780.7          1.247
        6809000       1.390253           1397         0.9959        10782.7          1.338
        6810000       1.390434           1397         0.9959        10784.5          1.229
        6811000       1.390630           1397         0.9959        10786.5          1.213
        6812000       1.390867           1397         0.9959        10788.3          1.277
        6813000       1.391042           1398         0.9959        10790.2          1.240
        6814000       1.391285           1399         0.9959        10792.5          1.315
        6815000       1.391477           1399         0.9959        10794.8          1.307
        6816000       1.391671           1399         0.9959        10796.4          1.284
        6817000       1.391860           1399         0.9959        10798.3          1.292
        6818000       1.392026           1399         0.9959        10800.4          1.286
        6819000       1.392164           1399         0.9959        10802.4          1.344
        6820000       1.392404           1399         0.9959        10804.0          1.283
        6821000       1.392573           1399         0.9959        10805.7          1.218
        6822000       1.392793           1399         0.9959        10807.3          1.217
        6823000       1.392964           1399         0.9959        10808.8          1.261
        6824000       1.393109           1399         0.9959        10810.6          1.195
        6825000       1.393321           1400         0.9959        10812.1          1.223
        6826000       1.393496           1400         0.9959        10813.7          1.248
        6827000       1.393672           1400         0.9959        10815.1          1.235
        6828000       1.393862           1400         0.9959        10816.6          1.286
        6829000       1.394101           1401         0.9959        10818.2          1.200
        6830000       1.394258           1401         0.9959        10819.6          1.208
        6831000       1.394494           1401         0.9959        10821.2          1.297
        6832000       1.394751           1402         0.9959        10822.9          1.282
        6833000       1.394956           1402         0.9959        10824.5          1.269
        6834000       1.395155           1402         0.9959        10826.1          1.247
        6835000       1.395395           1404         0.9959        10827.5          1.294
        6836000       1.395571           1404         0.9959        10829.1          1.285
        6837000       1.395778           1405         0.9959        10830.9          1.306
        6838000       1.396001           1406         0.9959        10832.5          1.298
        6839000       1.396208           1406         0.9959        10834.1          1.334
        6840000       1.396409           1406         0.9959        10835.8          1.307
        6841000       1.396573           1406         0.9959        10837.5          1.265
        6842000       1.396775           1407         0.9959        10839.1          1.251
        6843000       1.396942           1407         0.9959        10841.0          1.298
        6844000       1.397146           1407         0.9959        10842.5          1.159
        6845000       1.397347           1408         0.9959        10844.0          1.148
        6846000       1.397507           1408         0.9959        10845.5          1.107
        6847000       1.397685           1408         0.9959        10846.9          1.192
        6848000       1.397909           1408         0.9959        10848.5          1.169
        6849000       1.398071           1408         0.9959        10850.0          1.189
        6850000       1.398285           1408         0.9959        10851.4          1.150
        6851000       1.398478           1408         0.9959        10852.9          1.140
        6852000       1.398674           1408         0.9959        10854.4          1.122
        6853000       1.398934           1408         0.9959        10855.9          1.123
        6854000       1.399132           1408         0.9959        10857.4          1.152
        6855000       1.399307           1408         0.9959        10858.8          1.118
        6856000       1.399514           1408         0.9959        10860.3          1.066
        6857000       1.399713           1408         0.9959        10861.8          1.194
        6858000       1.399941           1409         0.9959        10863.2          1.214
        6859000       1.400129           1409         0.9959        10864.8          1.140
        6860000       1.400352           1409         0.9959        10866.3          1.221
        6861000       1.400552           1409         0.9959        10867.7          1.185
        6862000       1.400748           1410         0.9959        10869.2          1.166
        6863000       1.400950           1410         0.9959        10870.6          1.109
        6864000       1.401186           1410         0.9959        10872.1          1.200
        6865000       1.401372           1410         0.9959        10873.5          1.197
        6866000       1.401557           1412         0.9959        10875.0          1.188
        6867000       1.401747           1412         0.9959        10876.4          1.238
        6868000       1.401929           1412         0.9959        10877.9          1.185
        6869000       1.402095           1412         0.9959        10880.0          1.176
        6870000       1.402312           1412         0.9959        10881.7          1.147
        6871000       1.402539           1412         0.9959        10883.5          1.262
        6872000       1.402760           1412         0.9958        10885.1          1.298
        6873000       1.402994           1413         0.9958        10886.7          1.220
        6874000       1.403191           1413         0.9958        10888.3          1.206
        6875000       1.403372           1413         0.9958        10889.7          1.200
        6876000       1.403566           1413         0.9958        10891.2          1.210
        6877000       1.403745           1413         0.9958        10892.7          1.266
        6878000       1.403931           1413         0.9958        10894.2          1.288
        6879000       1.404125           1414         0.9958        10896.0          1.355
        6880000       1.404352           1414         0.9958        10897.7          1.298
        6881000       1.404559           1414         0.9958        10899.2          1.318
        6882000       1.404751           1414         0.9958        10901.0          1.326
        6883000       1.404988           1416         0.9958        10902.9          1.320
        6884000       1.405195           1416         0.9958        10904.7          1.315
        6885000       1.405386           1416         0.9958        10906.3          1.288
        6886000       1.405592           1416         0.9958        10908.2          1.360
        6887000       1.405799           1416         0.9958        10910.1          1.295
        6888000       1.406000           1416         0.9958        10911.6          1.226
        6889000       1.406169           1416         0.9958        10913.3          1.290
        6890000       1.406340           1416         0.9958        10915.5          1.255
        6891000       1.406531           1416         0.9958        10917.0          1.231
        6892000       1.406751           1416         0.9958        10918.6          1.292
        6893000       1.406915           1416         0.9958        10920.1          1.279
        6894000       1.407144           1416         0.9958        10921.9          1.301
        6895000       1.407328           1416         0.9958        10923.7          1.321
        6896000       1.407541           1416         0.9958        10925.4          1.295
        6897000       1.407780           1416         0.9958        10926.9          1.237
        6898000       1.407981           1416         0.9958        10928.5          1.208
        6899000       1.408182           1416         0.9958        10930.3          1.289
        6900000       1.408400           1416         0.9958        10932.1          1.327
        6901000       1.408580           1416         0.9958        10934.2          1.346
        6902000       1.408754           1416         0.9958        10936.9          1.297
        6903000       1.408978           1417         0.9958        10938.6          1.304
        6904000       1.409168           1417         0.9958        10940.3          1.341
        6905000       1.409368           1417         0.9958        10942.0          1.290
        6906000       1.409569           1417         0.9958        10943.5          1.235
        6907000       1.409752           1418         0.9958        10945.3          1.244
        6908000       1.409951           1418         0.9958        10946.9          1.176
        6909000       1.410116           1419         0.9958        10948.7          1.224
        6910000       1.410322           1420         0.9958        10950.1          1.247
        6911000       1.410524           1420         0.9958        10951.8          1.263
        6912000       1.410759           1420         0.9958        10953.4          1.185
        6913000       1.410926           1421         0.9958        10954.8          1.103
        6914000       1.411161           1421         0.9958        10956.3          1.207
        6915000       1.411319           1421         0.9958        10957.7          1.186
        6916000       1.411518           1421         0.9958        10959.4          1.312
        6917000       1.411753           1421         0.9958        10961.4          1.309
        6918000       1.411979           1421         0.9958        10962.9          1.239
        6919000       1.412187           1421         0.9958        10964.6          1.198
        6920000       1.412415           1421         0.9958        10966.3          1.236
        6921000       1.412628           1421         0.9958        10967.8          1.213
        6922000       1.412846           1421         0.9958        10969.4          1.201
        6923000       1.413077           1421         0.9958        10971.2          1.254
        6924000       1.413301           1421         0.9958        10973.1          1.227
        6925000       1.413488           1421         0.9958        10974.8          1.229
        6926000       1.413679           1421         0.9958        10976.4          1.266
        6927000       1.413887           1421         0.9958        10977.9          1.224
        6928000       1.414109           1421         0.9958        10979.8          1.299
        6929000       1.414315           1422         0.9958        10981.6          1.245
        6930000       1.414465           1422         0.9958        10983.8          1.210
        6931000       1.414641           1422         0.9958        10985.4          1.207
        6932000       1.414775           1422         0.9958        10987.5          1.246
        6933000       1.415000           1422         0.9958        10989.2          1.250
        6934000       1.415186           1422         0.9958        10991.1          1.258
        6935000       1.415380           1422         0.9958        10992.9          1.381
        6936000       1.415601           1423         0.9958        10994.7          1.412
        6937000       1.415794           1423         0.9958        10996.1          1.383
        6938000       1.415993           1423         0.9958        10997.9          1.339
        6939000       1.416196           1423         0.9958        10999.9          1.345
        6940000       1.416379           1423         0.9958        11001.7          1.369
        6941000       1.416568           1423         0.9958        11003.7          1.230
        6942000       1.416749           1423         0.9958        11005.5          1.245
        6943000       1.416947           1423         0.9958        11007.6          1.243
        6944000       1.417130           1423         0.9958        11009.5          1.289
        6945000       1.417352           1423         0.9958        11011.4          1.269
        6946000       1.417554           1423         0.9958        11013.1          1.159
        6947000       1.417742           1423         0.9958        11014.9          1.234
        6948000       1.417964           1423         0.9958        11016.7          1.113
        6949000       1.418195           1423         0.9958        11018.5          1.227
        6950000       1.418364           1423         0.9958        11020.4          1.243
        6951000       1.418536           1423         0.9958        11021.9          1.244
        6952000       1.418782           1425         0.9958        11023.8          1.228
        6953000       1.418995           1425         0.9958        11026.0          1.243
        6954000       1.419231           1426         0.9958        11027.4          1.225
        6955000       1.419372           1426         0.9958        11029.0          1.230
        6956000       1.419599           1426         0.9958        11031.0          1.254
        6957000       1.419835           1426         0.9958        11032.9          1.258
        6958000       1.420059           1426         0.9958        11034.9          1.173
        6959000       1.420293           1426         0.9958        11036.7          1.199
        6960000       1.420496           1427         0.9958        11038.2          1.190
        6961000       1.420721           1427         0.9958        11039.8          1.207
        6962000       1.420915           1427         0.9958        11041.7          1.220
        6963000       1.421126           1427         0.9958        11044.1          1.260
        6964000       1.421328           1427         0.9958        11045.9          1.260
        6965000       1.421517           1427         0.9958        11048.0          1.262
        6966000       1.421738           1428         0.9958        11049.8          1.262
        6967000       1.421925           1429         0.9958        11051.5          1.312
        6968000       1.422117           1429         0.9958        11053.5          1.290
        6969000       1.422371           1429         0.9958        11055.4          1.257
        6970000       1.422557           1429         0.9958        11057.3          1.277
        6971000       1.422742           1429         0.9958        11059.2          1.234
        6972000       1.422927           1429         0.9958        11061.1          1.303
        6973000       1.423124           1430         0.9958        11063.2          1.314
        6974000       1.423336           1430         0.9958        11065.0          1.310
        6975000       1.423501           1430         0.9958        11066.9          1.320
        6976000       1.423690           1430         0.9958        11069.0          1.365
        6977000       1.423904           1430         0.9958        11070.9          1.360
        6978000       1.424124           1430         0.9958        11072.7          1.373
        6979000       1.424371           1430         0.9958        11074.7          1.357
        6980000       1.424549           1431         0.9958        11077.1          1.357
        6981000       1.424714           1432         0.9958        11079.0          1.310
        6982000       1.424893           1432         0.9958        11081.7          1.396
        6983000       1.425125           1432         0.9958        11083.8          1.305
        6984000       1.425332           1432         0.9958        11086.1          1.326
        6985000       1.425546           1432         0.9958        11088.9          1.318
        6986000       1.425744           1432         0.9958        11090.8          1.320
        6987000       1.425981           1433         0.9958        11093.2          1.314
        6988000       1.426181           1433         0.9958        11095.2          1.354
        6989000       1.426364           1433         0.9958        11097.4          1.352
        6990000       1.426556           1433         0.9958        11099.5          1.328
        6991000       1.426773           1433         0.9958        11101.7          1.324
        6992000       1.426991           1433         0.9958        11104.2          1.309
        6993000       1.427229           1433         0.9958        11107.1          1.238
        6994000       1.427419           1433         0.9958        11109.1          1.252
        6995000       1.427629           1433         0.9958        11111.5          1.231
        6996000       1.427843           1433         0.9958        11113.3          1.259
        6997000       1.428029           1434         0.9958        11115.8          1.306
        6998000       1.428216           1434         0.9958        11117.9          1.307
        6999000       1.428474           1434         0.9958        11119.7          1.358
        7000000       1.428639           1434         0.9958        11121.9          1.361
        7001000       1.428871           1434         0.9958        11123.7          1.366
        7002000       1.429045           1434         0.9958        11126.0          1.375
        7003000       1.429253           1435         0.9958        11128.6          1.309
        7004000       1.429401           1435         0.9958        11130.4          1.315
        7005000       1.429582           1435         0.9958        11132.4          1.359
        7006000       1.429749           1435         0.9958        11134.6          1.343
        7007000       1.429968           1436         0.9958        11136.3          1.355
        7008000       1.430142           1436         0.9958        11138.2          1.349
        7009000       1.430336           1436         0.9958        11140.1          1.326
        7010000       1.430553           1436         0.9958        11142.1          1.436
        7011000       1.430744           1436         0.9958        11143.6          1.340
        7012000       1.430905           1436         0.9958        11145.7          1.309
        7013000       1.431085           1436         0.9958        11147.3          1.307
        7014000       1.431279           1436         0.9958        11149.3          1.394
        7015000       1.431495           1436         0.9958        11151.4          1.359
        7016000       1.431714           1436         0.9958        11153.1          1.288
        7017000       1.431920           1436         0.9958        11154.9          1.297
        7018000       1.432114           1436         0.9958        11157.6          1.313
        7019000       1.432302           1437         0.9958        11159.3          1.279
        7020000       1.432475           1438         0.9958        11161.0          1.480
        7021000       1.432650           1438         0.9958        11162.7          1.370
        7022000       1.432870           1438         0.9958        11164.8          1.336
        7023000       1.433095           1438         0.9958        11166.6          1.304
        7024000       1.433280           1439         0.9958        11168.3          1.217
        7025000       1.433511           1439         0.9958        11169.9          1.269
        7026000       1.433739           1439         0.9958        11171.6          1.293
        7027000       1.433979           1439         0.9958        11173.5          1.246
        7028000       1.434149           1439         0.9958        11175.4          1.222
        7029000       1.434358           1439         0.9958        11177.2          1.261
        7030000       1.434547           1439         0.9958        11179.1          1.203
        7031000       1.434787           1439         0.9958        11180.7          1.225
        7032000       1.434968           1439         0.9958        11182.2          1.147
        7033000       1.435157           1439         0.9958        11184.0          1.158
        7034000       1.435318           1439         0.9958        11185.7          1.163
        7035000       1.435512           1439         0.9958        11187.3          1.188
        7036000       1.435741           1439         0.9958        11189.0          1.218
        7037000       1.435943           1439         0.9958        11190.6          1.213
        7038000       1.436131           1440         0.9958        11192.1          1.198
        7039000       1.436367           1440         0.9958        11193.9          1.205
        7040000       1.436586           1440         0.9958        11195.4          1.315
        7041000       1.436806           1440         0.9958        11197.0          1.310
        7042000       1.436993           1440         0.9958        11198.6          1.188
        7043000       1.437174           1441         0.9958        11200.1          1.201
        7044000       1.437384           1442         0.9958        11201.9          1.232
        7045000       1.437587           1442         0.9958        11203.8          1.233
        7046000       1.437745           1442         0.9958        11205.3          1.149
        7047000       1.437941           1443         0.9958        11207.0          1.211
        7048000       1.438128           1444         0.9958        11208.5          1.224
        7049000       1.438329           1445         0.9958        11210.1          1.200
        7050000       1.438528           1446         0.9958        11211.7          1.170
        7051000       1.438769           1447         0.9958        11213.4          1.120
        7052000       1.438979           1447         0.9958        11215.1          1.079
        7053000       1.439155           1447         0.9958        11216.9          1.119
        7054000       1.439361           1447         0.9958        11218.5          1.180
        7055000       1.439595           1447         0.9958        11220.2          1.102
        7056000       1.439812           1447         0.9958        11222.1          1.170
        7057000       1.440000           1447         0.9958        11223.8          1.233
        7058000       1.440175           1448         0.9958        11225.6          1.261
        7059000       1.440391           1448         0.9958        11227.2          1.222
        7060000       1.440584           1448         0.9958        11229.1          1.172
        7061000       1.440797           1448         0.9958        11230.9          1.141
        7062000       1.441038           1448         0.9958        11232.8          1.176
        7063000       1.441212           1448         0.9958        11234.3          1.211
        7064000       1.441400           1448         0.9958        11236.2          1.201
        7065000       1.441598           1448         0.9958        11237.8          1.197
        7066000       1.441804           1449         0.9958        11239.4          1.195
        7067000       1.442000           1449         0.9958        11241.2          1.219
        7068000       1.442216           1449         0.9958        11242.9          1.282
        7069000       1.442405           1449         0.9958        11244.5          1.255
        7070000       1.442642           1449         0.9958        11246.5          1.188
        7071000       1.442865           1450         0.9958        11248.1          1.314
        7072000       1.443066           1451         0.9958        11250.0          1.322
        7073000       1.443258           1451         0.9958        11251.9          1.304
        7074000       1.443507           1451         0.9958        11253.5          1.297
        7075000       1.443693           1451         0.9958        11255.2          1.303
        7076000       1.443884           1451         0.9958        11257.1          1.256
        7077000       1.444130           1451         0.9958        11258.7          1.228
        7078000       1.444316           1451         0.9958        11260.6          1.303
        7079000       1.444507           1451         0.9958        11262.4          1.249
        7080000       1.444703           1452         0.9958        11264.0          1.232
        7081000       1.444927           1452         0.9958        11265.7          1.303
        7082000       1.445105           1452         0.9958        11267.3          1.268
        7083000       1.445336           1452         0.9958        11269.0          1.282
        7084000       1.445505           1452         0.9958        11270.8          1.244
        7085000       1.445701           1452         0.9958        11272.7          1.216
        7086000       1.445912           1452         0.9958        11274.6          1.278
        7087000       1.446132           1452         0.9958        11276.4          1.263
        7088000       1.446342           1452         0.9958        11278.4          1.263
        7089000       1.446528           1452         0.9958        11280.2          1.279
        7090000       1.446712           1452         0.9958        11281.9          1.292
        7091000       1.446921           1452         0.9958        11283.8          1.274
        7092000       1.447084           1452         0.9958        11285.6          1.184
        7093000       1.447277           1452         0.9958        11287.7          1.320
        7094000       1.447478           1452         0.9958        11289.6          1.236
        7095000       1.447688           1452         0.9958        11291.5          1.274
        7096000       1.447883           1452         0.9958        11293.5          1.255
        7097000       1.448099           1453         0.9958        11295.3          1.257
        7098000       1.448307           1453         0.9958        11296.9          1.240
        7099000       1.448543           1453         0.9958        11299.0          1.263
        7100000       1.448694           1453         0.9958        11300.9          1.224
        7101000       1.448906           1453         0.9958        11302.8          1.266
        7102000       1.449102           1453         0.9958        11304.5          1.201
        7103000       1.449285           1453         0.9958        11306.4          1.268
        7104000       1.449495           1454         0.9958        11308.1          1.241
        7105000       1.449737           1454         0.9958        11310.1          1.234
        7106000       1.449912           1454         0.9958        11312.4          1.199
        7107000       1.450133           1454         0.9958        11314.1          1.214
        7108000       1.450361           1454         0.9958        11316.7          1.233
        7109000       1.450621           1454         0.9958        11318.2          1.255
        7110000       1.450804           1454         0.9958        11319.8          1.406
        7111000       1.451004           1455         0.9958        11321.6          1.270
        7112000       1.451211           1456         0.9958        11323.3          1.284
        7113000       1.451402           1457         0.9958        11324.9          1.297
        7114000       1.451619           1457         0.9958        11326.9          1.392
        7115000       1.451824           1457         0.9958        11328.6          1.282
        7116000       1.452034           1457         0.9958        11330.3          1.293
        7117000       1.452219           1457         0.9958        11332.2          1.369
        7118000       1.452471           1457         0.9958        11334.3          1.402
        7119000       1.452679           1458         0.9958        11336.1          1.413
        7120000       1.452894           1458         0.9958        11338.4          1.379
        7121000       1.453056           1459         0.9958        11340.2          1.305
        7122000       1.453290           1459         0.9958        11342.0          1.384
        7123000       1.453497           1459         0.9958        11343.8          1.388
        7124000       1.453688           1459         0.9958        11345.8          1.416
        7125000       1.453871           1460         0.9958        11347.8          1.349
        7126000       1.454061           1460         0.9958        11349.7          1.419
        7127000       1.454274           1460         0.9958        11352.2          1.403
        7128000       1.454501           1460         0.9958        11354.1          1.421
        7129000       1.454667           1460         0.9958        11357.0          1.421
        7130000       1.454890           1460         0.9958        11359.3          1.422
        7131000       1.455128           1460         0.9958        11361.3          1.413
        7132000       1.455360           1460         0.9958        11363.4          1.417
        7133000       1.455559           1460         0.9958        11365.6          1.305
        7134000       1.455746           1460         0.9958        11367.9          1.330
        7135000       1.455976           1460         0.9958        11370.2          1.322
        7136000       1.456146           1461         0.9958        11372.5          1.337
        7137000       1.456354           1462         0.9958        11374.2          1.297
        7138000       1.456562           1462         0.9958        11376.4          1.320
        7139000       1.456794           1462         0.9958        11379.0          1.267
        7140000       1.456993           1462         0.9958        11380.7          1.305
        7141000       1.457212           1462         0.9958        11384.3          1.342
        7142000       1.457400           1462         0.9958        11387.3          1.358
        7143000       1.457575           1462         0.9958        11389.2          1.362
        7144000       1.457766           1462         0.9958        11391.7          1.379
        7145000       1.457956           1463         0.9958        11394.2          1.394
        7146000       1.458196           1463         0.9958        11397.0          1.385
        7147000       1.458406           1464         0.9958        11398.9          1.329
        7148000       1.458595           1464         0.9958        11401.2          1.327
        7149000       1.458855           1465         0.9958        11403.2          1.351
        7150000       1.459090           1465         0.9958        11405.3          1.312
        7151000       1.459284           1465         0.9958        11407.6          1.370
        7152000       1.459500           1465         0.9958        11409.9          1.357
        7153000       1.459728           1465         0.9958        11411.7          1.319
        7154000       1.459943           1466         0.9958        11413.8          1.379
        7155000       1.460131           1466         0.9958        11416.3          1.409
        7156000       1.460300           1468         0.9958        11418.3          1.336
        7157000       1.460499           1468         0.9958        11420.4          1.380
        7158000       1.460699           1468         0.9957        11422.4          1.451
        7159000       1.460886           1468         0.9957        11424.6          1.310
        7160000       1.461108           1468         0.9957        11426.7          1.269
        7161000       1.461320           1468         0.9957        11428.9          1.313
        7162000       1.461468           1468         0.9957        11430.8          1.338
        7163000       1.461674           1469         0.9957        11432.7          1.340
        7164000       1.461870           1469         0.9957        11434.4          1.245
        7165000       1.462074           1469         0.9957        11435.9          1.318
        7166000       1.462226           1469         0.9957        11437.7          1.301
        7167000       1.462456           1469         0.9957        11439.4          1.271
        7168000       1.462672           1469         0.9957        11440.9          1.343
        7169000       1.462838           1469         0.9957        11442.7          1.349
        7170000       1.463023           1469         0.9957        11444.6          1.371
        7171000       1.463234           1469         0.9957        11446.2          1.337
        7172000       1.463420           1469         0.9957        11447.8          1.339
        7173000       1.463671           1471         0.9957        11449.5          1.300
        7174000       1.463873           1471         0.9957        11451.2          1.289
        7175000       1.464065           1471         0.9957        11452.9          1.258
        7176000       1.464294           1473         0.9957        11454.5          1.390
        7177000       1.464533           1473         0.9957        11456.5          1.287
        7178000       1.464696           1473         0.9957        11458.0          1.248
        7179000       1.464927           1474         0.9957        11459.7          1.168
        7180000       1.465159           1474         0.9957        11461.4          1.202
        7181000       1.465338           1474         0.9957        11463.2          1.204
        7182000       1.465554           1475         0.9957        11464.7          1.286
        7183000       1.465766           1475         0.9957        11466.4          1.233
        7184000       1.465963           1477         0.9957        11468.2          1.206
        7185000       1.466232           1477         0.9957        11470.2          1.233
        7186000       1.466447           1477         0.9957        11472.0          1.283
        7187000       1.466641           1477         0.9957        11474.1          1.353
        7188000       1.466859           1478         0.9957        11476.1          1.397
        7189000       1.467080           1478         0.9957        11477.7          1.328
        7190000       1.467271           1478         0.9957        11479.3          1.257
        7191000       1.467442           1478         0.9957        11481.1          1.367
        7192000       1.467679           1478         0.9957        11482.8          1.279
        7193000       1.467860           1478         0.9957        11484.7          1.224
        7194000       1.468059           1478         0.9957        11486.2          1.193
        7195000       1.468283           1478         0.9957        11488.2          1.256
        7196000       1.468487           1478         0.9957        11489.8          1.272
        7197000       1.468707           1478         0.9957        11491.7          1.263
        7198000       1.468880           1478         0.9957        11493.6          1.276
        7199000       1.469085           1478         0.9957        11495.6          1.331
        7200000       1.469324           1478         0.9957        11497.3          1.179
        7201000       1.469529           1478         0.9957        11499.0          1.185
        7202000       1.469736           1478         0.9957        11500.9          1.223
        7203000       1.469957           1478         0.9957        11502.9          1.179
        7204000       1.470166           1478         0.9957        11504.5          1.309
        7205000       1.470389           1478         0.9957        11506.2          1.285
        7206000       1.470621           1478         0.9957        11508.0          1.376
        7207000       1.470831           1479         0.9957        11509.7          1.388
        7208000       1.471017           1479         0.9957        11511.6          1.355
        7209000       1.471258           1480         0.9957        11513.5          1.288
        7210000       1.471434           1480         0.9957        11515.2          1.256
        7211000       1.471658           1480         0.9957        11517.0          1.252
        7212000       1.471800           1481         0.9957        11518.4          1.253
        7213000       1.471989           1482         0.9957        11520.3          1.338
        7214000       1.472182           1482         0.9957        11522.1          1.361
        7215000       1.472412           1482         0.9957        11524.4          1.342
        7216000       1.472623           1482         0.9957        11526.6          1.235
        7217000       1.472822           1482         0.9957        11528.3          1.172
        7218000       1.473002           1482         0.9957        11529.8          1.217
        7219000       1.473242           1483         0.9957        11531.6          1.229
        7220000       1.473498           1484         0.9957        11533.5          1.220
        7221000       1.473747           1485         0.9957        11535.1          1.358
        7222000       1.473974           1485         0.9957        11537.1          1.257
        7223000       1.474147           1485         0.9957        11538.5          1.339
        7224000       1.474374           1485         0.9957        11540.1          1.325
        7225000       1.474567           1485         0.9957        11542.1          1.258
        7226000       1.474764           1485         0.9957        11543.7          1.319
        7227000       1.474917           1486         0.9957        11545.6          1.280
        7228000       1.475128           1486         0.9957        11547.8          1.287
        7229000       1.475298           1486         0.9957        11550.0          1.300
        7230000       1.475499           1486         0.9957        11551.7          1.404
        7231000       1.475688           1486         0.9957        11553.6          1.428
        7232000       1.475913           1486         0.9957        11555.7          1.445
        7233000       1.476127           1486         0.9957        11557.4          1.440
        7234000       1.476325           1487         0.9957        11559.5          1.412
        7235000       1.476532           1487         0.9957        11561.7          1.522
        7236000       1.476739           1487         0.9957        11563.4          1.445
        7237000       1.476937           1487         0.9957        11565.7          1.458
        7238000       1.477096           1487         0.9957        11567.3          1.432
        7239000       1.477310           1487         0.9957        11569.4          1.380
        7240000       1.477518           1487         0.9957        11571.6          1.362
        7241000       1.477707           1487         0.9957        11573.5          1.269
        7242000       1.477924           1487         0.9957        11575.5          1.255
        7243000       1.478115           1488         0.9957        11577.5          1.318
        7244000       1.478311           1488         0.9957        11579.6          1.259
        7245000       1.478478           1488         0.9957        11581.7          1.296
        7246000       1.478668           1488         0.9957        11583.7          1.265
        7247000       1.478827           1488         0.9957        11585.5          1.267
        7248000       1.479006           1490         0.9957        11587.5          1.331
        7249000       1.479277           1490         0.9957        11589.8          1.351
        7250000       1.479487           1490         0.9957        11592.2          1.350
        7251000       1.479705           1490         0.9957        11594.1          1.395
        7252000       1.479900           1490         0.9957        11596.5          1.364
        7253000       1.480097           1490         0.9957        11598.4          1.349
        7254000       1.480284           1490         0.9957        11600.3          1.269
        7255000       1.480515           1490         0.9957        11601.9          1.313
        7256000       1.480760           1490         0.9957        11604.0          1.215
        7257000       1.480954           1490         0.9957        11606.2          1.238
        7258000       1.481148           1491         0.9957        11608.6          1.250
        7259000       1.481376           1491         0.9957        11610.5          1.252
        7260000       1.481583           1491         0.9957        11612.6          1.270
        7261000       1.481742           1491         0.9957        11614.9          1.333
        7262000       1.481913           1491         0.9957        11617.0          1.314
        7263000       1.482095           1491         0.9957        11619.0          1.452
        7264000       1.482293           1491         0.9957        11621.2          1.326
        7265000       1.482458           1491         0.9957        11623.5          1.415
        7266000       1.482635           1491         0.9957        11626.0          1.388
        7267000       1.482898           1491         0.9957        11627.9          1.350
        7268000       1.483129           1493         0.9957        11630.6          1.423
        7269000       1.483356           1493         0.9957        11632.4          1.358
        7270000       1.483590           1493         0.9957        11634.8          1.260
        7271000       1.483802           1493         0.9957        11638.5          1.253
        7272000       1.483994           1493         0.9957        11641.5          1.235
        7273000       1.484185           1493         0.9957        11643.7          1.249
        7274000       1.484363           1493         0.9957        11646.2          1.261
        7275000       1.484565           1493         0.9957        11648.6          1.265
        7276000       1.484769           1493         0.9957        11650.7          1.275
        7277000       1.484965           1494         0.9957        11652.9          1.291
        7278000       1.485208           1494         0.9957        11655.1          1.356
        7279000       1.485437           1494         0.9957        11657.3          1.369
        7280000       1.485616           1495         0.9957        11659.6          1.361
        7281000       1.485748           1495         0.9957        11661.7          1.393
        7282000       1.485907           1495         0.9957        11663.7          1.299
        7283000       1.486108           1495         0.9957        11665.6          1.301
        7284000       1.486323           1495         0.9957        11668.3          1.318
        7285000       1.486513           1495         0.9957        11671.1          1.305
        7286000       1.486663           1495         0.9957        11673.4          1.301
        7287000       1.486887           1495         0.9957        11675.7          1.324
        7288000       1.487135           1495         0.9957        11677.5          1.362
        7289000       1.487324           1495         0.9957        11679.6          1.284
        7290000       1.487554           1496         0.9957        11681.4          1.231
        7291000       1.487746           1496         0.9957        11683.5          1.171
        7292000       1.487917           1496         0.9957        11685.9          1.262
        7293000       1.488141           1497         0.9957        11688.2          1.279
        7294000       1.488355           1497         0.9957        11690.3          1.306
        7295000       1.488543           1497         0.9957        11692.1          1.367
        7296000       1.488775           1497         0.9957        11694.2          1.364
        7297000       1.488984           1497         0.9957        11696.4          1.327
        7298000       1.489167           1497         0.9957        11698.4          1.428
        7299000       1.489393           1497         0.9957        11700.4          1.439
        7300000       1.489596           1498         0.9957        11702.3          1.402
        7301000       1.489777           1498         0.9957        11704.4          1.346
        7302000       1.489947           1499         0.9957        11706.5          1.370
        7303000       1.490121           1499         0.9957        11708.7          1.336
        7304000       1.490350           1499         0.9957        11710.9          1.337
        7305000       1.490558           1499         0.9957        11713.1          1.321
        7306000       1.490766           1499         0.9957        11715.3          1.298
        7307000       1.491054           1500         0.9957        11717.4          1.327
        7308000       1.491256           1500         0.9957        11719.2          1.374
        7309000       1.491450           1500         0.9957        11721.4          1.458
        7310000       1.491662           1501         0.9957        11723.7          1.464
        7311000       1.491851           1501         0.9957        11726.3          1.447
        7312000       1.492044           1501         0.9957        11728.3          1.329
        7313000       1.492218           1501         0.9957        11730.4          1.312
        7314000       1.492423           1503         0.9957        11732.6          1.274
        7315000       1.492618           1503         0.9957        11734.7          1.316
        7316000       1.492804           1503         0.9957        11736.5          1.303
        7317000       1.493020           1503         0.9957        11738.6          1.324
        7318000       1.493242           1503         0.9957        11740.9          1.342
        7319000       1.493457           1503         0.9957        11743.2          1.264
        7320000       1.493663           1503         0.9957        11745.5          1.268
        7321000       1.493879           1503         0.9957        11747.5          1.368
        7322000       1.494060           1503         0.9957        11749.7          1.369
        7323000       1.494259           1503         0.9957        11751.7          1.360
        7324000       1.494463           1503         0.9957        11753.6          1.370
        7325000       1.494635           1503         0.9957        11755.7          1.320
        7326000       1.494822           1503         0.9957        11757.9          1.384
        7327000       1.495026           1503         0.9957        11760.4          1.335
        7328000       1.495250           1503         0.9957        11763.3          1.371
        7329000       1.495500           1503         0.9957        11765.2          1.300
        7330000       1.495739           1504         0.9957        11766.9          1.314
        7331000       1.495926           1504         0.9957        11768.8          1.364
        7332000       1.496148           1504         0.9957        11770.6          1.333
        7333000       1.496366           1504         0.9957        11772.6          1.353
        7334000       1.496587           1504         0.9957        11774.7          1.277
        7335000       1.496816           1504         0.9957        11776.8          1.242
        7336000       1.496994           1504         0.9957        11779.0          1.265
        7337000       1.497182           1504         0.9957        11781.2          1.320
        7338000       1.497341           1504         0.9957        11783.2          1.335
        7339000       1.497572           1505         0.9957        11785.3          1.287
        7340000       1.497768           1505         0.9957        11787.3          1.379
        7341000       1.497960           1506         0.9957        11789.4          1.371
        7342000       1.498151           1506         0.9957        11791.4          1.384
        7343000       1.498324           1506         0.9957        11793.1          1.377
        7344000       1.498581           1506         0.9957        11795.7          1.315
        7345000       1.498814           1506         0.9957        11797.9          1.343
        7346000       1.498984           1506         0.9957        11800.5          1.318
        7347000       1.499191           1506         0.9957        11802.9          1.333
        7348000       1.499360           1507         0.9957        11805.2          1.328
        7349000       1.499523           1507         0.9957        11807.0          1.330
        7350000       1.499724           1507         0.9957        11809.7          1.394
        7351000       1.499942           1507         0.9957        11811.9          1.366
        7352000       1.500138           1508         0.9957        11813.8          1.378
        7353000       1.500362           1509         0.9957        11816.1          1.346
        7354000       1.500532           1509         0.9957        11818.2          1.401
        7355000       1.500739           1510         0.9957        11820.7          1.444
        7356000       1.500874           1510         0.9957        11823.0          1.437
        7357000       1.501093           1510         0.9957        11825.7          1.438
        7358000       1.501307           1510         0.9957        11828.4          1.462
        7359000       1.501571           1510         0.9957        11830.7          1.451
        7360000       1.501805           1510         0.9957        11833.1          1.462
        7361000       1.502016           1510         0.9957        11835.5          1.435
        7362000       1.502232           1510         0.9957        11837.8          1.444
        7363000       1.502351           1511         0.9957        11840.0          1.405
        7364000       1.502581           1511         0.9957        11842.3          1.417
        7365000       1.502760           1512         0.9957        11844.8          1.370
        7366000       1.502989           1513         0.9957        11847.1          1.387
        7367000       1.503156           1513         0.9957        11849.8          1.375
        7368000       1.503357           1514         0.9957        11852.1          1.354
        7369000       1.503555           1514         0.9957        11854.2          1.371
        7370000       1.503755           1514         0.9957        11856.5          1.438
        7371000       1.503939           1514         0.9957        11858.7          1.437
        7372000       1.504137           1514         0.9957        11861.4          1.439
        7373000       1.504328           1514         0.9957        11863.8          1.445
        7374000       1.504535           1514         0.9957        11865.7          1.452
        7375000       1.504777           1514         0.9957        11867.9          1.481
        7376000       1.504999           1514         0.9957        11870.1          1.532
        7377000       1.505215           1514         0.9957        11872.0          1.605
        7378000       1.505398           1514         0.9957        11873.8          1.478
        7379000       1.505655           1514         0.9957        11876.1          1.430
        7380000       1.505848           1515         0.9957        11878.2          1.426
        7381000       1.506051           1516         0.9957        11880.0          1.408
        7382000       1.506245           1516         0.9957        11882.0          1.441
        7383000       1.506421           1516         0.9957        11884.0          1.485
        7384000       1.506614           1516         0.9957        11886.1          1.391
        7385000       1.506787           1517         0.9957        11889.5          1.408
        7386000       1.506982           1518         0.9957        11892.3          1.411
        7387000       1.507181           1518         0.9957        11894.8          1.329
        7388000       1.507388           1518         0.9957        11896.5          1.365
        7389000       1.507617           1518         0.9957        11898.7          1.368
        7390000       1.507803           1518         0.9957        11901.8          1.327
        7391000       1.507987           1518         0.9957        11904.0          1.315
        7392000       1.508164           1518         0.9957        11907.7          1.340
        7393000       1.508345           1519         0.9957        11910.0          1.307
        7394000       1.508553           1519         0.9957        11913.1          1.362
        7395000       1.508732           1519         0.9957        11915.4          1.382
        7396000       1.508905           1519         0.9957        11917.4          1.323
        7397000       1.509109           1519         0.9957        11919.7          1.336
        7398000       1.509313           1519         0.9957        11922.1          1.359
        7399000       1.509530           1519         0.9957        11924.4          1.377
        7400000       1.509776           1519         0.9957        11927.3          1.415
        7401000       1.509969           1519         0.9957        11929.8          1.315
        7402000       1.510180           1521         0.9957        11932.5          1.317
        7403000       1.510331           1521         0.9957        11934.8          1.295
        7404000       1.510512           1521         0.9957        11937.2          1.318
        7405000       1.510673           1521         0.9957        11939.6          1.429
        7406000       1.510889           1521         0.9957        11941.6          1.390
        7407000       1.511067           1521         0.9957        11943.4          1.369
        7408000       1.511317           1521         0.9957        11945.7          1.361
        7409000       1.511496           1521         0.9957        11948.4          1.316
        7410000       1.511708           1521         0.9957        11950.3          1.342
        7411000       1.511959           1521         0.9957        11953.1          1.405
        7412000       1.512139           1521         0.9957        11955.2          1.374
        7413000       1.512391           1521         0.9957        11957.3          1.394
        7414000       1.512577           1521         0.9957        11959.7          1.412
        7415000       1.512758           1521         0.9957        11962.0          1.404
        7416000       1.512931           1521         0.9957        11964.3          1.374
        7417000       1.513105           1521         0.9957        11966.2          1.337
        7418000       1.513303           1521         0.9957        11968.2          1.414
        7419000       1.513519           1523         0.9957        11970.9          1.378
        7420000       1.513700           1523         0.9957        11973.0          1.346
        7421000       1.513922           1524         0.9957        11976.0          1.401
        7422000       1.514130           1524         0.9957        11978.5          1.400
        7423000       1.514321           1524         0.9957        11980.6          1.401
        7424000       1.514537           1526         0.9957        11983.2          1.433
        7425000       1.514744           1526         0.9957        11986.2          1.434
        7426000       1.514930           1526         0.9957        11988.8          1.446
        7427000       1.515120           1526         0.9957        11992.0          1.462
        7428000       1.515358           1526         0.9957        11994.4          1.471
        7429000       1.515540           1526         0.9957        11996.8          1.477
        7430000       1.515786           1527         0.9957        11999.6          1.488
        7431000       1.515975           1528         0.9957        12001.6          1.476
        7432000       1.516174           1528         0.9957        12004.5          1.327
        7433000       1.516314           1528         0.9957        12006.6          1.359
        7434000       1.516502           1528         0.9957        12008.8          1.362
        7435000       1.516657           1528         0.9957        12011.5          1.389
        7436000       1.516833           1528         0.9957        12013.7          1.412
        7437000       1.517045           1528         0.9957        12016.2          1.552
        7438000       1.517234           1529         0.9957        12018.4          1.424
        7439000       1.517408           1529         0.9957        12020.6          1.477
        7440000       1.517607           1529         0.9957        12023.0          1.436
        7441000       1.517812           1529         0.9957        12026.2          1.454
        7442000       1.517967           1529         0.9957        12028.3          1.424
        7443000       1.518136           1529         0.9957        12030.7          1.349
        7444000       1.518329           1530         0.9957        12033.7          1.464
        7445000       1.518560           1530         0.9957        12035.7          1.446
        7446000       1.518730           1530         0.9957        12039.0          1.412
        7447000       1.518900           1530         0.9957        12041.4          1.426
        7448000       1.519127           1530         0.9957        12044.4          1.439
        7449000       1.519330           1530         0.9957        12046.9          1.389
        7450000       1.519574           1530         0.9957        12049.6          1.382
        7451000       1.519745           1530         0.9957        12051.6          1.369
        7452000       1.519907           1530         0.9957        12053.7          1.471
        7453000       1.520131           1530         0.9957        12055.7          1.368
        7454000       1.520312           1530         0.9957        12057.6          1.380
        7455000       1.520491           1531         0.9957        12059.5          1.348
        7456000       1.520705           1531         0.9957        12061.4          1.371
        7457000       1.520953           1531         0.9957        12063.6          1.322
        7458000       1.521128           1531         0.9957        12065.6          1.405
        7459000       1.521371           1532         0.9957        12068.5          1.435
        7460000       1.521603           1532         0.9957        12070.9          1.389
        7461000       1.521806           1532         0.9957        12073.9          1.384
        7462000       1.521984           1532         0.9957        12075.9          1.397
        7463000       1.522197           1532         0.9957        12078.2          1.417
        7464000       1.522370           1532         0.9957        12080.3          1.349
        7465000       1.522561           1532         0.9957        12083.1          1.364
        7466000       1.522788           1532         0.9957        12085.1          1.397
        7467000       1.522986           1532         0.9957        12087.4          1.412
        7468000       1.523118           1532         0.9957        12089.3          1.405
        7469000       1.523335           1535         0.9957        12091.5          1.382
        7470000       1.523564           1535         0.9957        12094.1          1.398
        7471000       1.523751           1535         0.9957        12096.4          1.416
        7472000       1.523958           1535         0.9957        12098.9          1.422
        7473000       1.524178           1535         0.9957        12101.9          1.412
        7474000       1.524365           1535         0.9957        12104.5          1.408
        7475000       1.524606           1535         0.9957        12107.6          1.413
        7476000       1.524814           1535         0.9957        12109.5          1.420
        7477000       1.525026           1535         0.9957        12112.2          1.412
        7478000       1.525229           1535         0.9957        12114.8          1.442
        7479000       1.525464           1535         0.9957        12117.1          1.484
        7480000       1.525704           1535         0.9957        12119.3          1.558
        7481000       1.525940           1535         0.9957        12121.8          1.385
        7482000       1.526169           1535         0.9957        12123.8          1.427
        7483000       1.526363           1535         0.9957        12126.3          1.398
        7484000       1.526589           1535         0.9957        12128.2          1.431
        7485000       1.526778           1535         0.9957        12130.7          1.362
        7486000       1.526948           1535         0.9957        12133.0          1.381
        7487000       1.527152           1535         0.9957        12136.0          1.408
        7488000       1.527341           1535         0.9957        12137.9          1.438
        7489000       1.527510           1535         0.9957        12140.2          1.460
        7490000       1.527738           1535         0.9957        12142.2          1.414
        7491000       1.528008           1535         0.9957        12145.6          1.388
        7492000       1.528213           1538         0.9957        12148.6          1.354
        7493000       1.528425           1538         0.9957        12151.4          1.364
        7494000       1.528638           1538         0.9957        12153.5          1.370
        7495000       1.528837           1538         0.9957        12155.4          1.400
        7496000       1.529048           1538         0.9957        12157.5          1.413
        7497000       1.529222           1538         0.9957        12159.9          1.380
        7498000       1.529445           1539         0.9957        12162.2          1.364
        7499000       1.529598           1539         0.9957        12164.5          1.415
        7500000       1.529747           1539         0.9957        12166.6          1.411
        7501000       1.529951           1540         0.9957        12168.8          1.417
        7502000       1.530137           1540         0.9957        12170.7          1.411
        7503000       1.530384           1541         0.9957        12172.9          1.355
        7504000       1.530564           1541         0.9957        12175.0          1.371
        7505000       1.530816           1542         0.9957        12177.7          1.413
        7506000       1.531012           1542         0.9957        12179.9          1.363
        7507000       1.531178           1542         0.9957        12182.1          1.434
        7508000       1.531386           1542         0.9957        12184.5          1.404
        7509000       1.531578           1542         0.9957        12187.1          1.429
        7510000       1.531790           1542         0.9957        12189.5          1.374
        7511000       1.532024           1542         0.9957        12192.0          1.445
        7512000       1.532258           1542         0.9957        12195.0          1.357
        7513000       1.532459           1542         0.9957        12198.7          1.304
        7514000       1.532650           1543         0.9957        12201.1          1.322
        7515000       1.532867           1544         0.9957        12203.3          1.320
        7516000       1.533089           1545         0.9957        12206.0          1.315
        7517000       1.533277           1545         0.9957        12209.0          1.389
        7518000       1.533491           1545         0.9957        12212.2          1.507
        7519000       1.533706           1545         0.9957        12214.4          1.436
        7520000       1.533941           1545         0.9957        12217.7          1.443
        7521000       1.534119           1545         0.9957        12220.8          1.461
        7522000       1.534348           1545         0.9957        12222.9          1.425
        7523000       1.534544           1545         0.9957        12226.4          1.395
        7524000       1.534799           1545         0.9957        12228.9          1.431
        7525000       1.535035           1546         0.9957        12232.4          1.371
        7526000       1.535247           1547         0.9957        12235.2          1.376
        7527000       1.535432           1547         0.9957        12238.2          1.378
        7528000       1.535616           1547         0.9957        12240.6          1.339
        7529000       1.535812           1547         0.9957        12243.6          1.407
        7530000       1.536043           1547         0.9957        12246.1          1.339
        7531000       1.536241           1548         0.9957        12248.5          1.307
        7532000       1.536391           1548         0.9957        12250.8          1.312
        7533000       1.536604           1548         0.9957        12253.5          1.323
        7534000       1.536819           1548         0.9957        12255.8          1.286
        7535000       1.537026           1548         0.9957        12258.3          1.370
        7536000       1.537229           1548         0.9957        12260.8          1.289
        7537000       1.537447           1548         0.9957        12263.7          1.310
        7538000       1.537677           1548         0.9957        12265.5          1.301
        7539000       1.537859           1548         0.9957        12268.6          1.324
        7540000       1.538066           1548         0.9957        12271.7          1.261
        7541000       1.538289           1548         0.9957        12274.8          1.364
        7542000       1.538477           1548         0.9957        12277.2          1.367
        7543000       1.538658           1548         0.9957        12280.3          1.335
        7544000       1.538920           1548         0.9957        12282.7          1.385
        7545000       1.539071           1548         0.9957        12285.2          1.366
        7546000       1.539297           1548         0.9957        12287.1          1.433
        7547000       1.539573           1548         0.9956        12289.7          1.409
        7548000       1.539711           1548         0.9956        12291.7          1.377
        7549000       1.539908           1548         0.9956        12293.8          1.397
        7550000       1.540116           1548         0.9956        12296.8          1.458
        7551000       1.540272           1548         0.9956        12299.6          1.413
        7552000       1.540424           1548         0.9956        12302.0          1.459
        7553000       1.540627           1548         0.9956        12305.0          1.498
        7554000       1.540829           1549         0.9956        12307.2          1.411
        7555000       1.541024           1549         0.9956        12309.2          1.426
        7556000       1.541236           1549         0.9956        12311.4          1.425
        7557000       1.541365           1549         0.9956        12313.8          1.393
        7558000       1.541636           1549         0.9956        12316.2          1.363
        7559000       1.541810           1549         0.9956        12319.1          1.436
        7560000       1.542019           1549         0.9956        12321.4          1.391
        7561000       1.542230           1549         0.9956        12323.9          1.398
        7562000       1.542434           1549         0.9956        12326.7          1.442
        7563000       1.542644           1549         0.9956        12329.7          1.439
        7564000       1.542864           1549         0.9956        12332.4          1.385
        7565000       1.543085           1549         0.9956        12335.7          1.398
        7566000       1.543322           1550         0.9956        12339.2          1.411
        7567000       1.543528           1550         0.9956        12341.4          1.445
        7568000       1.543743           1550         0.9956        12344.4          1.421
        7569000       1.543934           1551         0.9956        12347.4          1.468
        7570000       1.544180           1553         0.9956        12350.7          1.446
        7571000       1.544393           1553         0.9956        12353.4          1.413
        7572000       1.544605           1553         0.9956        12356.1          1.424
        7573000       1.544774           1553         0.9956        12358.5          1.457
        7574000       1.544985           1553         0.9956        12361.7          1.455
        7575000       1.545163           1553         0.9956        12364.2          1.455
        7576000       1.545331           1553         0.9956        12366.8          1.418
        7577000       1.545534           1553         0.9956        12369.6          1.407
        7578000       1.545768           1553         0.9956        12371.6          1.357
        7579000       1.545996           1553         0.9956        12373.8          1.426
        7580000       1.546194           1553         0.9956        12376.4          1.435
        7581000       1.546411           1555         0.9956        12379.3          1.452
        7582000       1.546566           1555         0.9956        12381.9          1.457
        7583000       1.546805           1556         0.9956        12384.1          1.441
        7584000       1.547029           1556         0.9956        12386.3          1.417
        7585000       1.547273           1558         0.9956        12388.6          1.408
        7586000       1.547422           1558         0.9956        12391.1          1.390
        7587000       1.547588           1558         0.9956        12393.2          1.422
        7588000       1.547832           1558         0.9956        12395.4          1.379
        7589000       1.548024           1558         0.9956        12398.3          1.430
        7590000       1.548243           1558         0.9956        12400.8          1.394
        7591000       1.548441           1558         0.9956        12403.6          1.448
        7592000       1.548668           1559         0.9956        12406.2          1.454
        7593000       1.548846           1559         0.9956        12409.2          1.491
        7594000       1.549076           1559         0.9956        12412.3          1.411
        7595000       1.549272           1559         0.9956        12414.6          1.368
        7596000       1.549468           1559         0.9956        12416.7          1.405
        7597000       1.549666           1561         0.9956        12419.8          1.421
        7598000       1.549851           1561         0.9956        12422.4          1.426
        7599000       1.550041           1561         0.9956        12424.1          1.332
        7600000       1.550195           1561         0.9956        12426.3          1.374
        7601000       1.550353           1561         0.9956        12428.8          1.368
        7602000       1.550558           1561         0.9956        12431.6          1.396
        7603000       1.550765           1561         0.9956        12434.6          1.406
        7604000       1.550986           1562         0.9956        12437.0          1.397
        7605000       1.551225           1562         0.9956        12440.6          1.463
        7606000       1.551416           1562         0.9956        12444.1          1.419
        7607000       1.551640           1562         0.9956        12447.2          1.440
        7608000       1.551852           1562         0.9956        12450.6          1.430
        7609000       1.552032           1562         0.9956        12452.9          1.389
        7610000       1.552231           1562         0.9956        12455.0          1.411
        7611000       1.552426           1562         0.9956        12457.3          1.368
        7612000       1.552624           1562         0.9956        12459.1          1.368
        7613000       1.552807           1563         0.9956        12461.8          1.407
        7614000       1.552999           1563         0.9956        12464.8          1.387
        7615000       1.553190           1564         0.9956        12467.8          1.446
        7616000       1.553379           1564         0.9956        12470.5          1.415
        7617000       1.553568           1564         0.9956        12472.9          1.457
        7618000       1.553786           1564         0.9956        12475.4          1.463
        7619000       1.553989           1564         0.9956        12478.1          1.432
        7620000       1.554202           1564         0.9956        12480.6          1.420
        7621000       1.554381           1565         0.9956        12482.9          1.336
        7622000       1.554555           1565         0.9956        12485.4          1.398
        7623000       1.554804           1565         0.9956        12487.6          1.395
        7624000       1.555017           1565         0.9956        12490.0          1.374
        7625000       1.555211           1565         0.9956        12492.6          1.366
        7626000       1.555419           1565         0.9956        12494.5          1.389
        7627000       1.555612           1565         0.9956        12497.3          1.422
        7628000       1.555836           1565         0.9956        12499.9          1.403
        7629000       1.556012           1565         0.9956        12502.2          1.393
        7630000       1.556211           1565         0.9956        12504.2          1.350
        7631000       1.556412           1565         0.9956        12506.2          1.346
        7632000       1.556599           1565         0.9956        12508.7          1.412
        7633000       1.556795           1565         0.9956        12510.9          1.375
        7634000       1.556969           1565         0.9956        12513.3          1.381
        7635000       1.557222           1566         0.9956        12515.2          1.392
        7636000       1.557430           1566         0.9956        12518.3          1.339
        7637000       1.557641           1566         0.9956        12520.6          1.359
        7638000       1.557840           1566         0.9956        12523.2          1.430
        7639000       1.558032           1566         0.9956        12525.4          1.349
        7640000       1.558240           1566         0.9956        12527.2          1.361
        7641000       1.558459           1566         0.9956        12529.3          1.435
        7642000       1.558673           1566         0.9956        12531.5          1.449
        7643000       1.558867           1566         0.9956        12533.8          1.452
        7644000       1.559040           1566         0.9956        12535.8          1.440
        7645000       1.559215           1566         0.9956        12538.1          1.385
        7646000       1.559438           1566         0.9956        12540.1          1.393
        7647000       1.559628           1566         0.9956        12542.4          1.377
        7648000       1.559803           1566         0.9956        12544.2          1.351
        7649000       1.559998           1567         0.9956        12546.4          1.350
        7650000       1.560196           1567         0.9956        12548.4          1.307
        7651000       1.560363           1567         0.9956        12550.3          1.318
        7652000       1.560532           1567         0.9956        12551.9          1.363
        7653000       1.560728           1567         0.9956        12554.2          1.354
        7654000       1.560880           1567         0.9956        12556.0          1.280
        7655000       1.561078           1567         0.9956        12558.1          1.397
        7656000       1.561237           1567         0.9956        12560.2          1.325
        7657000       1.561406           1567         0.9956        12562.7          1.372
        7658000       1.561637           1567         0.9956        12565.0          1.350
        7659000       1.561817           1568         0.9956        12566.9          1.273
        7660000       1.561999           1568         0.9956        12568.9          1.276
        7661000       1.562202           1569         0.9956        12572.0          1.249
        7662000       1.562380           1569         0.9956        12574.0          1.334
        7663000       1.562590           1570         0.9956        12575.8          1.339
        7664000       1.562768           1570         0.9956        12578.2          1.361
        7665000       1.562983           1570         0.9956        12580.1          1.359
        7666000       1.563215           1571         0.9956        12582.4          1.362
        7667000       1.563448           1571         0.9956        12584.5          1.343
        7668000       1.563659           1571         0.9956        12587.0          1.375
        7669000       1.563870           1572         0.9956        12588.9          1.372
        7670000       1.564073           1572         0.9956        12590.9          1.326
        7671000       1.564281           1572         0.9956        12593.2          1.375
        7672000       1.564500           1572         0.9956        12595.5          1.385
        7673000       1.564661           1573         0.9956        12597.4          1.372
        7674000       1.564870           1574         0.9956        12599.3          1.356
        7675000       1.565100           1574         0.9956        12601.3          1.374
        7676000       1.565341           1574         0.9956        12603.4          1.410
        7677000       1.565562           1575         0.9956        12605.4          1.382
        7678000       1.565782           1575         0.9956        12607.2          1.431
        7679000       1.566002           1575         0.9956        12609.3          1.420
        7680000       1.566158           1575         0.9956        12611.1          1.391
        7681000       1.566385           1575         0.9956        12613.1          1.415
        7682000       1.566602           1575         0.9956        12615.4          1.427
        7683000       1.566744           1575         0.9956        12617.2          1.429
        7684000       1.566923           1575         0.9956        12619.2          1.375
        7685000       1.567167           1575         0.9956        12621.2          1.394
        7686000       1.567374           1575         0.9956        12623.1          1.431
        7687000       1.567529           1576         0.9956        12625.4          1.434
        7688000       1.567769           1576         0.9956        12627.8          1.441
        7689000       1.567990           1576         0.9956        12629.8          1.440
        7690000       1.568181           1577         0.9956        12631.8          1.425
        7691000       1.568359           1577         0.9956        12633.9          1.427
        7692000       1.568551           1577         0.9956        12635.7          1.423
        7693000       1.568696           1577         0.9956        12638.2          1.323
        7694000       1.568868           1577         0.9956        12641.0          1.332
        7695000       1.569093           1577         0.9956        12643.1          1.327
        7696000       1.569272           1577         0.9956        12645.5          1.378
        7697000       1.569469           1577         0.9956        12647.7          1.413
        7698000       1.569658           1578         0.9956        12649.8          1.467
        7699000       1.569849           1578         0.9956        12651.7          1.445
        7700000       1.570055           1578         0.9956        12654.0          1.334
        7701000       1.570222           1578         0.9956        12656.0          1.369
        7702000       1.570378           1579         0.9956        12658.7          1.337
        7703000       1.570575           1579         0.9956        12660.8          1.446
        7704000       1.570776           1579         0.9956        12662.9          1.410
        7705000       1.570997           1579         0.9956        12664.6          1.393
        7706000       1.571107           1579         0.9956        12666.6          1.351
        7707000       1.571301           1579         0.9956        12668.8          1.341
        7708000       1.571445           1579         0.9956        12671.9          1.337
        7709000       1.571717           1579         0.9956        12674.0          1.305
        7710000       1.571970           1579         0.9956        12677.3          1.315
        7711000       1.572181           1579         0.9956        12679.6          1.346
        7712000       1.572406           1579         0.9956        12683.0          1.382
        7713000       1.572622           1579         0.9956        12685.3          1.424
        7714000       1.572887           1579         0.9956        12687.6          1.400
        7715000       1.573067           1579         0.9956        12689.4          1.345
        7716000       1.573310           1579         0.9956        12691.8          1.313
        7717000       1.573473           1579         0.9956        12693.7          1.330
        7718000       1.573696           1579         0.9956        12695.7          1.322
        7719000       1.573896           1579         0.9956        12697.9          1.298
        7720000       1.574046           1579         0.9956        12700.4          1.356
        7721000       1.574247           1579         0.9956        12702.3          1.364
        7722000       1.574496           1579         0.9956        12704.6          1.343
        7723000       1.574611           1579         0.9956        12706.4          1.327
        7724000       1.574823           1580         0.9956        12708.7          1.336
        7725000       1.575000           1580         0.9956        12710.8          1.306
        7726000       1.575187           1580         0.9956        12712.5          1.267
        7727000       1.575377           1580         0.9956        12714.3          1.286
        7728000       1.575630           1580         0.9956        12716.6          1.297
        7729000       1.575813           1580         0.9956        12718.9          1.326
        7730000       1.576031           1580         0.9956        12721.0          1.304
        7731000       1.576259           1580         0.9956        12723.2          1.323
        7732000       1.576481           1581         0.9956        12725.2          1.456
        7733000       1.576734           1582         0.9956        12727.1          1.312
        7734000       1.576912           1582         0.9956        12729.2          1.329
        7735000       1.577093           1582         0.9956        12730.9          1.325
        7736000       1.577283           1582         0.9956        12733.3          1.363
        7737000       1.577482           1582         0.9956        12735.6          1.359
        7738000       1.577699           1582         0.9956        12737.6          1.378
        7739000       1.577938           1582         0.9956        12740.0          1.357
        7740000       1.578148           1582         0.9956        12741.9          1.407
        7741000       1.578310           1582         0.9956        12744.4          1.445
        7742000       1.578530           1583         0.9956        12746.8          1.431
        7743000       1.578749           1584         0.9956        12749.1          1.491
        7744000       1.578946           1584         0.9956        12750.9          1.539
        7745000       1.579131           1584         0.9956        12753.4          1.374
        7746000       1.579355           1585         0.9956        12756.1          1.411
        7747000       1.579526           1585         0.9956        12758.5          1.388
        7748000       1.579745           1585         0.9956        12761.0          1.385
        7749000       1.579964           1585         0.9956        12763.5          1.437
        7750000       1.580192           1586         0.9956        12765.7          1.398
        7751000       1.580401           1586         0.9956        12767.9          1.415
        7752000       1.580691           1588         0.9956        12770.0          1.403
        7753000       1.580908           1589         0.9956        12772.0          1.389
        7754000       1.581084           1589         0.9956        12774.5          1.400
        7755000       1.581264           1589         0.9956        12776.5          1.369
        7756000       1.581444           1589         0.9956        12778.7          1.383
        7757000       1.581642           1590         0.9956        12781.5          1.385
        7758000       1.581868           1590         0.9956        12784.5          1.378
        7759000       1.582141           1591         0.9956        12786.5          1.351
        7760000       1.582374           1591         0.9956        12788.5          1.477
        7761000       1.582571           1591         0.9956        12790.7          1.414
        7762000       1.582790           1591         0.9956        12792.7          1.420
        7763000       1.582992           1591         0.9956        12795.3          1.422
        7764000       1.583143           1591         0.9956        12797.4          1.377
        7765000       1.583317           1592         0.9956        12799.8          1.389
        7766000       1.583525           1592         0.9956        12802.3          1.326
        7767000       1.583726           1592         0.9956        12804.4          1.384
        7768000       1.583950           1592         0.9956        12806.3          1.374
        7769000       1.584155           1592         0.9956        12808.9          1.376
        7770000       1.584368           1592         0.9956        12811.5          1.338
        7771000       1.584538           1592         0.9956        12813.6          1.341
        7772000       1.584765           1592         0.9956        12816.1          1.327
        7773000       1.585015           1592         0.9956        12818.5          1.282
        7774000       1.585201           1592         0.9956        12820.7          1.320
        7775000       1.585344           1592         0.9956        12822.7          1.325
        7776000       1.585522           1592         0.9956        12824.8          1.295
        7777000       1.585712           1592         0.9956        12826.8          1.282
        7778000       1.585945           1592         0.9956        12828.8          1.285
        7779000       1.586169           1592         0.9956        12830.8          1.379
        7780000       1.586406           1592         0.9956        12834.0          1.291
        7781000       1.586609           1592         0.9956        12836.3          1.335
        7782000       1.586818           1592         0.9956        12839.5          1.370
        7783000       1.587017           1592         0.9956        12841.8          1.389
        7784000       1.587194           1592         0.9956        12843.8          1.364
        7785000       1.587371           1592         0.9956        12845.7          1.437
        7786000       1.587571           1594         0.9956        12848.2          1.318
        7787000       1.587728           1595         0.9956        12850.3          1.297
        7788000       1.587939           1595         0.9956        12852.6          1.274
        7789000       1.588166           1595         0.9956        12855.1          1.418
        7790000       1.588326           1595         0.9956        12857.2          1.426
        7791000       1.588562           1595         0.9956        12859.2          1.397
        7792000       1.588746           1596         0.9956        12861.4          1.411
        7793000       1.588982           1596         0.9956        12864.0          1.412
        7794000       1.589184           1596         0.9956        12867.5          1.411
        7795000       1.589407           1596         0.9956        12869.9          1.407
        7796000       1.589588           1596         0.9956        12872.3          1.364
        7797000       1.589791           1596         0.9956        12874.3          1.446
        7798000       1.590057           1597         0.9956        12877.0          1.453
        7799000       1.590280           1597         0.9956        12879.4          1.418
        7800000       1.590457           1597         0.9956        12882.8          1.374
        7801000       1.590643           1597         0.9956        12885.1          1.386
        7802000       1.590843           1597         0.9956        12888.2          1.369
        7803000       1.591054           1597         0.9956        12890.1          1.303
        7804000       1.591257           1597         0.9956        12892.3          1.291
        7805000       1.591482           1597         0.9956        12894.7          1.328
        7806000       1.591713           1597         0.9956        12897.3          1.331
        7807000       1.591922           1597         0.9956        12899.8          1.348
        7808000       1.592116           1598         0.9956        12901.8          1.390
        7809000       1.592339           1598         0.9956        12904.0          1.402
        7810000       1.592543           1598         0.9956        12906.2          1.392
        7811000       1.592785           1598         0.9956        12908.3          1.313
        7812000       1.592986           1598         0.9956        12910.4          1.406
        7813000       1.593186           1598         0.9956        12912.9          1.422
        7814000       1.593368           1598         0.9956        12915.2          1.451
        7815000       1.593575           1598         0.9956        12917.7          1.443
        7816000       1.593755           1598         0.9956        12919.8          1.448
        7817000       1.594000           1598         0.9956        12922.2          1.426
        7818000       1.594189           1598         0.9956        12924.2          1.322
        7819000       1.594349           1599         0.9956        12926.2          1.309
        7820000       1.594526           1599         0.9956        12928.1          1.330
        7821000       1.594670           1599         0.9956        12930.2          1.334
        7822000       1.594879           1599         0.9956        12932.7          1.452
        7823000       1.595100           1599         0.9956        12934.8          1.341
        7824000       1.595297           1599         0.9956        12937.2          1.360
        7825000       1.595485           1599         0.9956        12939.5          1.338
        7826000       1.595662           1599         0.9956        12941.9          1.332
        7827000       1.595866           1599         0.9956        12944.2          1.412
        7828000       1.596039           1599         0.9956        12946.7          1.370
        7829000       1.596271           1599         0.9956        12948.9          1.439
        7830000       1.596450           1599         0.9956        12951.5          1.468
        7831000       1.596647           1599         0.9956        12953.9          1.462
        7832000       1.596865           1599         0.9956        12955.9          1.488
        7833000       1.597059           1599         0.9956        12958.3          1.480
        7834000       1.597301           1600         0.9956        12961.3          1.484
        7835000       1.597524           1600         0.9956        12964.0          1.458
        7836000       1.597722           1600         0.9956        12966.3          1.497
        7837000       1.597926           1600         0.9956        12969.0          1.480
        7838000       1.598117           1600         0.9956        12971.9          1.465
        7839000       1.598315           1600         0.9956        12974.5          1.507
        7840000       1.598561           1600         0.9956        12977.6          1.461
        7841000       1.598776           1600         0.9956        12980.1          1.435
        7842000       1.598985           1601         0.9956        12982.5          1.415
        7843000       1.599206           1602         0.9956        12985.2          1.421
        7844000       1.599445           1602         0.9956        12988.1          1.354
        7845000       1.599659           1602         0.9956        12990.2          1.482
        7846000       1.599854           1602         0.9956        12993.3          1.417
        7847000       1.600084           1602         0.9956        12995.3          1.438
        7848000       1.600259           1602         0.9956        12998.6          1.400
        7849000       1.600469           1602         0.9956        13000.9          1.393
        7850000       1.600715           1602         0.9956        13003.7          1.403
        7851000       1.600900           1602         0.9956        13006.3          1.395
        7852000       1.601116           1602         0.9956        13008.7          1.390
        7853000       1.601330           1602         0.9956        13010.9          1.439
        7854000       1.601541           1602         0.9956        13013.4          1.418
        7855000       1.601725           1602         0.9956        13015.4          1.417
        7856000       1.601912           1602         0.9956        13017.8          1.397
        7857000       1.602076           1602         0.9956        13019.8          1.422
        7858000       1.602271           1602         0.9956        13022.0          1.362
        7859000       1.602436           1602         0.9956        13024.5          1.341
        7860000       1.602693           1602         0.9956        13027.1          1.372
        7861000       1.602838           1602         0.9956        13029.5          1.458
        7862000       1.603057           1602         0.9956        13032.2          1.481
        7863000       1.603326           1602         0.9956        13035.6          1.490
        7864000       1.603569           1602         0.9956        13037.9          1.390
        7865000       1.603745           1602         0.9956        13040.4          1.365
        7866000       1.603960           1602         0.9956        13043.0          1.357
        7867000       1.604142           1603         0.9956        13045.6          1.418
        7868000       1.604318           1604         0.9956        13048.1          1.384
        7869000       1.604513           1604         0.9956        13051.4          1.383
        7870000       1.604701           1604         0.9956        13053.6          1.448
        7871000       1.604880           1604         0.9956        13056.6          1.457
        7872000       1.605112           1604         0.9956        13059.0          1.468
        7873000       1.605326           1604         0.9955        13061.1          1.387
        7874000       1.605591           1604         0.9955        13063.6          1.303
        7875000       1.605820           1604         0.9955        13065.9          1.434
        7876000       1.605999           1604         0.9955        13067.9          1.447
        7877000       1.606230           1604         0.9955        13070.0          1.432
        7878000       1.606430           1604         0.9955        13072.1          1.319
        7879000       1.606605           1604         0.9955        13074.4          1.342
        7880000       1.606820           1604         0.9955        13076.4          1.396
        7881000       1.607045           1604         0.9955        13078.5          1.350
        7882000       1.607251           1605         0.9955        13080.5          1.356
        7883000       1.607441           1605         0.9955        13082.4          1.377
        7884000       1.607647           1606         0.9955        13084.3          1.459
        7885000       1.607863           1606         0.9955        13086.0          1.316
        7886000       1.608044           1606         0.9955        13087.8          1.412
        7887000       1.608257           1606         0.9955        13089.9          1.433
        7888000       1.608461           1606         0.9955        13092.0          1.347
        7889000       1.608689           1606         0.9955        13094.4          1.376
        7890000       1.608886           1606         0.9955        13096.3          1.412
        7891000       1.609074           1606         0.9955        13098.2          1.393
        7892000       1.609262           1606         0.9955        13100.3          1.414
        7893000       1.609448           1606         0.9955        13102.1          1.392
        7894000       1.609669           1606         0.9955        13104.1          1.392
        7895000       1.609890           1606         0.9955        13106.1          1.389
        7896000       1.610129           1606         0.9955        13108.2          1.417
        7897000       1.610337           1606         0.9955        13110.3          1.417
        7898000       1.610617           1607         0.9955        13112.4          1.398
        7899000       1.610851           1607         0.9955        13114.2          1.411
        7900000       1.611039           1607         0.9955        13116.3          1.424
        7901000       1.611271           1608         0.9955        13118.2          1.480
        7902000       1.611476           1608         0.9955        13120.7          1.496
        7903000       1.611724           1609         0.9955        13123.1          1.453
        7904000       1.611898           1609         0.9955        13125.2          1.454
        7905000       1.612097           1609         0.9955        13127.5          1.475
        7906000       1.612333           1610         0.9955        13129.8          1.478
        7907000       1.612525           1611         0.9955        13132.2          1.481
        7908000       1.612754           1611         0.9955        13134.6          1.481
        7909000       1.612909           1612         0.9955        13136.5          1.476
        7910000       1.613105           1613         0.9955        13139.0          1.486
        7911000       1.613286           1613         0.9955        13141.6          1.453
        7912000       1.613521           1613         0.9955        13143.8          1.410
        7913000       1.613718           1613         0.9955        13146.2          1.417
        7914000       1.613904           1613         0.9955        13148.3          1.386
        7915000       1.614104           1613         0.9955        13150.5          1.423
        7916000       1.614293           1613         0.9955        13152.9          1.397
        7917000       1.614511           1613         0.9955        13155.3          1.441
        7918000       1.614720           1614         0.9955        13157.4          1.469
        7919000       1.614942           1614         0.9955        13159.8          1.500
        7920000       1.615132           1614         0.9955        13162.1          1.419
        7921000       1.615309           1614         0.9955        13164.5          1.452
        7922000       1.615477           1614         0.9955        13166.7          1.356
        7923000       1.615728           1614         0.9955        13169.0          1.384
        7924000       1.615932           1615         0.9955        13171.2          1.412
        7925000       1.616146           1615         0.9955        13173.1          1.342
        7926000       1.616404           1615         0.9955        13175.2          1.390
        7927000       1.616609           1615         0.9955        13177.9          1.374
        7928000       1.616811           1615         0.9955        13180.5          1.436
        7929000       1.617051           1615         0.9955        13183.3          1.390
        7930000       1.617246           1615         0.9955        13185.3          1.431
        7931000       1.617458           1615         0.9955        13187.3          1.383
        7932000       1.617635           1615         0.9955        13189.5          1.407
        7933000       1.617841           1615         0.9955        13191.8          1.353
        7934000       1.618027           1615         0.9955        13193.6          1.385
        7935000       1.618223           1615         0.9955        13195.6          1.345
        7936000       1.618434           1615         0.9955        13197.5          1.351
        7937000       1.618633           1616         0.9955        13199.5          1.364
        7938000       1.618828           1616         0.9955        13201.5          1.361
        7939000       1.619015           1616         0.9955        13203.5          1.399
        7940000       1.619238           1616         0.9955        13205.7          1.429
        7941000       1.619441           1617         0.9955        13208.3          1.389
        7942000       1.619667           1617         0.9955        13211.3          1.455
        7943000       1.619904           1617         0.9955        13213.7          1.477
        7944000       1.620128           1617         0.9955        13216.8          1.423
        7945000       1.620331           1617         0.9955        13219.6          1.404
        7946000       1.620551           1617         0.9955        13222.1          1.366
        7947000       1.620766           1617         0.9955        13225.3          1.474
        7948000       1.620935           1617         0.9955        13227.3          1.485
        7949000       1.621130           1617         0.9955        13229.8          1.453
        7950000       1.621352           1617         0.9955        13232.1          1.498
        7951000       1.621542           1617         0.9955        13234.2          1.484
        7952000       1.621721           1617         0.9955        13236.5          1.489
        7953000       1.621940           1617         0.9955        13239.0          1.437
        7954000       1.622125           1617         0.9955        13241.0          1.379
        7955000       1.622317           1617         0.9955        13243.6          1.391
        7956000       1.622505           1617         0.9955        13245.7          1.374
        7957000       1.622717           1617         0.9955        13248.0          1.402
        7958000       1.622962           1617         0.9955        13250.2          1.402
        7959000       1.623180           1617         0.9955        13252.5          1.421
        7960000       1.623409           1617         0.9955        13254.8          1.424
        7961000       1.623661           1617         0.9955        13257.2          1.410
        7962000       1.623877           1617         0.9955        13259.8          1.379
        7963000       1.624111           1617         0.9955        13261.9          1.379
        7964000       1.624257           1617         0.9955        13264.1          1.366
        7965000       1.624473           1617         0.9955        13266.7          1.399
        7966000       1.624658           1617         0.9955        13268.9          1.378
        7967000       1.624879           1618         0.9955        13271.4          1.357
        7968000       1.625104           1619         0.9955        13273.4          1.419
        7969000       1.625293           1620         0.9955        13275.7          1.468
        7970000       1.625467           1620         0.9955        13277.7          1.424
        7971000       1.625675           1620         0.9955        13280.0          1.407
        7972000       1.625869           1620         0.9955        13282.1          1.466
        7973000       1.626048           1620         0.9955        13284.4          1.432
        7974000       1.626307           1620         0.9955        13287.1          1.413
        7975000       1.626489           1620         0.9955        13288.9          1.394
        7976000       1.626698           1620         0.9955        13290.8          1.387
        7977000       1.626915           1620         0.9955        13293.1          1.488
        7978000       1.627141           1621         0.9955        13295.6          1.458
        7979000       1.627353           1621         0.9955        13298.2          1.436
        7980000       1.627569           1621         0.9955        13300.2          1.433
        7981000       1.627752           1621         0.9955        13302.4          1.443
        7982000       1.627936           1621         0.9955        13304.5          1.442
        7983000       1.628126           1621         0.9955        13306.7          1.459
        7984000       1.628326           1622         0.9955        13309.3          1.543
        7985000       1.628539           1626         0.9955        13311.4          1.496
        7986000       1.628758           1626         0.9955        13314.5          1.502
        7987000       1.628993           1626         0.9955        13316.8          1.527
        7988000       1.629191           1626         0.9955        13319.3          1.484
        7989000       1.629389           1626         0.9955        13321.9          1.466
        7990000       1.629592           1626         0.9955        13325.4          1.472
        7991000       1.629779           1626         0.9955        13327.8          1.477
        7992000       1.629974           1626         0.9955        13330.5          1.406
        7993000       1.630187           1627         0.9955        13333.1          1.463
        7994000       1.630380           1627         0.9955        13335.5          1.436
        7995000       1.630614           1628         0.9955        13338.2          1.406
        7996000       1.630797           1630         0.9955        13341.5          1.487
        7997000       1.631017           1630         0.9955        13344.4          1.450
        7998000       1.631219           1630         0.9955        13347.2          1.485
        7999000       1.631397           1632         0.9955        13350.1          1.496
        8000000       1.631570           1632         0.9955        13353.0          1.488
        8001000       1.631807           1632         0.9955        13356.0          1.484
        8002000       1.632054           1632         0.9955        13359.3          1.427
        8003000       1.632266           1632         0.9955        13362.0          1.398
        8004000       1.632471           1632         0.9955        13364.2          1.448
        8005000       1.632687           1633         0.9955        13367.2          1.397
        8006000       1.632919           1633         0.9955        13369.5          1.444
        8007000       1.633111           1633         0.9955        13372.2          1.444
        8008000       1.633320           1633         0.9955        13374.6          1.452
        8009000       1.633539           1633         0.9955        13377.1          1.425
        8010000       1.633719           1633         0.9955        13380.0          1.541
        8011000       1.633890           1633         0.9955        13382.5          1.433
        8012000       1.634091           1633         0.9955        13384.8          1.472
        8013000       1.634330           1633         0.9955        13386.9          1.484
        8014000       1.634516           1633         0.9955        13389.8          1.406
        8015000       1.634705           1633         0.9955        13391.7          1.408
        8016000       1.634873           1634         0.9955        13394.1          1.367
        8017000       1.635056           1634         0.9955        13396.3          1.374
        8018000       1.635256           1634         0.9955        13398.5          1.548
        8019000       1.635496           1635         0.9955        13400.5          1.420
        8020000       1.635763           1635         0.9955        13402.4          1.384
        8021000       1.635911           1635         0.9955        13404.5          1.521
        8022000       1.636060           1635         0.9955        13407.8          1.445
        8023000       1.636299           1636         0.9955        13410.3          1.412
        8024000       1.636516           1636         0.9955        13412.7          1.452
        8025000       1.636723           1637         0.9955        13415.4          1.465
        8026000       1.636930           1637         0.9955        13418.3          1.463
        8027000       1.637134           1637         0.9955        13421.5          1.442
        8028000       1.637346           1637         0.9955        13424.6          1.462
        8029000       1.637571           1637         0.9955        13427.4          1.456
        8030000       1.637782           1637         0.9955        13429.9          1.468
        8031000       1.638018           1637         0.9955        13432.9          1.414
        8032000       1.638167           1637         0.9955        13436.3          1.434
        8033000       1.638351           1638         0.9955        13439.5          1.438
        8034000       1.638537           1639         0.9955        13441.8          1.424
        8035000       1.638730           1642         0.9955        13444.3          1.469
        8036000       1.638918           1642         0.9955        13447.3          1.418
        8037000       1.639120           1643         0.9955        13449.3          1.378
        8038000       1.639256           1643         0.9955        13451.8          1.415
        8039000       1.639457           1643         0.9955        13454.8          1.394
        8040000       1.639615           1643         0.9955        13457.4          1.498
        8041000       1.639850           1644         0.9955        13460.5          1.454
        8042000       1.640059           1644         0.9955        13463.9          1.437
        8043000       1.640259           1645         0.9955        13465.8          1.448
        8044000       1.640447           1646         0.9955        13468.1          1.480
        8045000       1.640650           1646         0.9955        13470.5          1.523
        8046000       1.640866           1646         0.9955        13473.2          1.628
        8047000       1.641095           1646         0.9955        13475.6          1.510
        8048000       1.641290           1646         0.9955        13478.7          1.511
        8049000       1.641524           1646         0.9955        13482.4          1.489
        8050000       1.641764           1646         0.9955        13484.8          1.443
        8051000       1.641967           1647         0.9955        13487.8          1.471
        8052000       1.642145           1647         0.9955        13489.6          1.432
        8053000       1.642314           1647         0.9955        13492.3          1.490
        8054000       1.642518           1648         0.9955        13495.4          1.519
        8055000       1.642741           1648         0.9955        13498.8          1.490
        8056000       1.642930           1650         0.9955        13501.7          1.437
        8057000       1.643106           1650         0.9955        13505.8          1.453
        8058000       1.643357           1650         0.9955        13509.1          1.512
        8059000       1.643584           1650         0.9955        13511.2          1.420
        8060000       1.643865           1651         0.9955        13514.1          1.468
        8061000       1.644120           1651         0.9955        13516.7          1.474
        8062000       1.644258           1651         0.9955        13519.7          1.438
        8063000       1.644428           1651         0.9955        13522.5          1.503
        8064000       1.644610           1651         0.9955        13526.1          1.504
        8065000       1.644873           1651         0.9955        13530.0          1.406
        8066000       1.645066           1651         0.9955        13532.9          1.470
        8067000       1.645277           1652         0.9955        13535.6          1.431
        8068000       1.645443           1652         0.9955        13539.8          1.428
        8069000       1.645624           1652         0.9955        13543.6          1.470
        8070000       1.645805           1652         0.9955        13547.2          1.492
        8071000       1.646014           1652         0.9955        13550.4          1.572
        8072000       1.646215           1652         0.9955        13553.4          1.532
        8073000       1.646441           1652         0.9955        13556.2          1.513
        8074000       1.646627           1652         0.9955        13560.3          1.533
        8075000       1.646837           1653         0.9955        13563.2          1.530
        8076000       1.647080           1654         0.9955        13566.9          1.533
        8077000       1.647231           1654         0.9955        13570.3          1.477
        8078000       1.647421           1654         0.9955        13573.1          1.527
        8079000       1.647611           1654         0.9955        13575.5          1.558
        8080000       1.647806           1654         0.9955        13579.1          1.558
        8081000       1.647956           1654         0.9955        13582.5          1.508
        8082000       1.648161           1654         0.9955        13585.8          1.550
        8083000       1.648368           1655         0.9955        13588.5          1.516
        8084000       1.648571           1655         0.9955        13592.0          1.505
        8085000       1.648790           1655         0.9955        13594.8          1.509
        8086000       1.648972           1655         0.9955        13598.2          1.572
        8087000       1.649183           1655         0.9955        13602.0          1.545
        8088000       1.649371           1655         0.9955        13605.2          1.527
        8089000       1.649590           1655         0.9955        13608.7          1.569
        8090000       1.649812           1655         0.9955        13612.4          1.491
        8091000       1.650027           1655         0.9955        13615.5          1.570
        8092000       1.650274           1656         0.9955        13618.4          1.529
        8093000       1.650455           1657         0.9955        13621.4          1.506
        8094000       1.650673           1657         0.9955        13625.4          1.563
        8095000       1.650873           1657         0.9955        13628.9          1.545
        8096000       1.651042           1657         0.9955        13632.6          1.574
        8097000       1.651224           1657         0.9955        13635.4          1.551
        8098000       1.651452           1657         0.9955        13639.2          1.557
        8099000       1.651725           1658         0.9955        13641.6          1.571
        8100000       1.651950           1658         0.9955        13644.2          1.571
        8101000       1.652130           1658         0.9955        13647.0          1.548
        8102000       1.652320           1659         0.9955        13650.2          1.566
        8103000       1.652486           1660         0.9955        13654.3          1.566
        8104000       1.652732           1660         0.9955        13657.0          1.473
        8105000       1.652932           1660         0.9955        13660.7          1.500
        8106000       1.653095           1660         0.9955        13663.4          1.525
        8107000       1.653289           1660         0.9955        13666.6          1.553
        8108000       1.653483           1660         0.9955        13670.3          1.528
        8109000       1.653665           1660         0.9955        13674.6          1.534
        8110000       1.653900           1660         0.9955        13678.5          1.560
        8111000       1.654124           1660         0.9955        13680.9          1.547
        8112000       1.654307           1660         0.9955        13684.8          1.562
        8113000       1.654510           1662         0.9955        13688.4          1.564
        8114000       1.654712           1662         0.9955        13691.7          1.579
        8115000       1.654934           1662         0.9955        13694.5          1.577
        8116000       1.655068           1662         0.9955        13697.1          1.585
        8117000       1.655253           1662         0.9955        13702.0          1.582
        8118000       1.655410           1662         0.9955        13705.6          1.535
        8119000       1.655661           1662         0.9955        13708.5          1.516
        8120000       1.655883           1662         0.9955        13711.5          1.493
        8121000       1.656068           1662         0.9955        13713.9          1.486
        8122000       1.656291           1662         0.9955        13717.0          1.470
        8123000       1.656550           1662         0.9955        13720.4          1.526
        8124000       1.656783           1662         0.9955        13723.3          1.475
        8125000       1.657016           1662         0.9955        13725.7          1.533
        8126000       1.657191           1663         0.9955        13729.1          1.473
        8127000       1.657442           1664         0.9955        13731.8          1.526
        8128000       1.657643           1665         0.9955        13734.7          1.632
        8129000       1.657855           1665         0.9955        13737.9          1.635
        8130000       1.658150           1665         0.9955        13741.3          1.647
        8131000       1.658415           1665         0.9955        13743.7          1.630
        8132000       1.658600           1665         0.9955        13746.9          1.626
        8133000       1.658781           1665         0.9955        13749.8          1.597
        8134000       1.658986           1665         0.9955        13752.5          1.630
        8135000       1.659186           1665         0.9955        13755.1          1.613
        8136000       1.659432           1665         0.9955        13758.1          1.650
        8137000       1.659657           1665         0.9955        13761.0          1.617
        8138000       1.659882           1665         0.9955        13765.0          1.448
        8139000       1.660109           1667         0.9955        13768.1          1.498
        8140000       1.660322           1667         0.9955        13771.4          1.441
        8141000       1.660510           1667         0.9955        13774.3          1.454
        8142000       1.660702           1667         0.9955        13776.9          1.515
        8143000       1.660916           1667         0.9955        13779.9          1.514
        8144000       1.661163           1667         0.9955        13782.9          1.515
        8145000       1.661360           1667         0.9955        13785.9          1.446
        8146000       1.661585           1667         0.9955        13788.2          1.417
        8147000       1.661815           1667         0.9955        13791.6          1.448
        8148000       1.662021           1667         0.9955        13794.6          1.528
        8149000       1.662243           1668         0.9955        13797.0          1.530
        8150000       1.662442           1668         0.9955        13799.6          1.500
        8151000       1.662639           1668         0.9955        13801.9          1.495
        8152000       1.662872           1668         0.9955        13805.3          1.483
        8153000       1.663085           1668         0.9955        13807.7          1.516
        8154000       1.663305           1668         0.9955        13810.5          1.379
        8155000       1.663510           1668         0.9955        13813.3          1.406
        8156000       1.663685           1668         0.9955        13816.0          1.463
        8157000       1.663870           1668         0.9955        13819.1          1.458
        8158000       1.664034           1668         0.9955        13821.8          1.444
        8159000       1.664261           1670         0.9955        13824.4          1.426
        8160000       1.664447           1670         0.9955        13826.9          1.402
        8161000       1.664630           1670         0.9955        13829.4          1.361
        8162000       1.664868           1671         0.9955        13832.1          1.370
        8163000       1.665054           1671         0.9955        13834.4          1.364
        8164000       1.665271           1671         0.9955        13837.1          1.439
        8165000       1.665481           1671         0.9955        13840.2          1.406
        8166000       1.665643           1672         0.9955        13843.0          1.436
        8167000       1.665848           1672         0.9955        13845.3          1.457
        8168000       1.666047           1672         0.9955        13848.1          1.424
        8169000       1.666276           1673         0.9955        13851.3          1.468
        8170000       1.666489           1673         0.9955        13854.0          1.531
        8171000       1.666673           1673         0.9955        13857.8          1.483
        8172000       1.666861           1673         0.9955        13861.6          1.483
        8173000       1.667101           1673         0.9955        13865.1          1.506
        8174000       1.667272           1673         0.9955        13868.4          1.506
        8175000       1.667525           1673         0.9955        13871.2          1.531
        8176000       1.667732           1673         0.9955        13874.8          1.494
        8177000       1.667921           1674         0.9955        13877.7          1.482
        8178000       1.668124           1674         0.9955        13880.2          1.525
        8179000       1.668396           1675         0.9955        13882.8          1.500
        8180000       1.668583           1675         0.9955        13885.8          1.490
        8181000       1.668796           1676         0.9955        13888.9          1.415
        8182000       1.668979           1677         0.9955        13892.1          1.527
        8183000       1.669186           1677         0.9955        13895.8          1.503
        8184000       1.669359           1677         0.9955        13898.8          1.526
        8185000       1.669556           1677         0.9955        13902.2          1.529
        8186000       1.669725           1677         0.9955        13906.1          1.514
        8187000       1.669899           1677         0.9955        13910.3          1.505
        8188000       1.670178           1677         0.9955        13913.3          1.514
        8189000       1.670401           1677         0.9955        13916.4          1.454
        8190000       1.670590           1677         0.9955        13919.5          1.463
        8191000       1.670796           1677         0.9955        13922.0          1.468
        8192000       1.670988           1677         0.9955        13925.6          1.391
        8193000       1.671155           1677         0.9955        13928.1          1.452
        8194000       1.671331           1678         0.9955        13930.8          1.468
        8195000       1.671542           1678         0.9955        13933.6          1.472
        8196000       1.671744           1678         0.9955        13936.4          1.430
        8197000       1.671932           1678         0.9955        13939.3          1.402
        8198000       1.672120           1678         0.9955        13942.0          1.480
        8199000       1.672349           1678         0.9955        13944.6          1.465
        8200000       1.672571           1678         0.9954        13947.1          1.430
        8201000       1.672744           1678         0.9955        13950.2          1.465
        8202000       1.672960           1678         0.9955        13952.9          1.499
        8203000       1.673148           1678         0.9955        13955.7          1.400
        8204000       1.673351           1678         0.9955        13958.7          1.414
        8205000       1.673575           1680         0.9955        13961.8          1.389
        8206000       1.673763           1680         0.9954        13964.6          1.351
        8207000       1.673971           1680         0.9954        13967.4          1.412
        8208000       1.674198           1681         0.9954        13970.1          1.407
        8209000       1.674433           1681         0.9954        13973.0          1.377
        8210000       1.674652           1681         0.9954        13976.5          1.398
        8211000       1.674833           1681         0.9954        13980.1          1.377
        8212000       1.675046           1681         0.9954        13982.1          1.391
        8213000       1.675263           1681         0.9954        13984.7          1.401
        8214000       1.675475           1681         0.9954        13987.3          1.404
        8215000       1.675687           1681         0.9954        13990.4          1.421
        8216000       1.675960           1682         0.9954        13992.8          1.416
        8217000       1.676120           1682         0.9954        13995.0          1.410
        8218000       1.676334           1682         0.9954        13998.0          1.420
        8219000       1.676540           1682         0.9954        14000.6          1.434
        8220000       1.676768           1682         0.9954        14003.0          1.407
        8221000       1.677004           1682         0.9954        14006.1          1.392
        8222000       1.677199           1683         0.9954        14007.9          1.368
        8223000       1.677408           1683         0.9954        14009.8          1.372
        8224000       1.677620           1683         0.9954        14011.9          1.388
        8225000       1.677807           1683         0.9954        14015.2          1.425
        8226000       1.678042           1683         0.9954        14018.1          1.481
        8227000       1.678225           1683         0.9954        14019.8          1.473
        8228000       1.678432           1683         0.9954        14022.0          1.437
        8229000       1.678635           1683         0.9954        14024.3          1.499
        8230000       1.678868           1683         0.9954        14026.6          1.478
        8231000       1.679076           1684         0.9954        14028.9          1.462
        8232000       1.679223           1684         0.9954        14031.0          1.414
        8233000       1.679455           1684         0.9954        14034.1          1.455
        8234000       1.679688           1685         0.9954        14037.6          1.476
        8235000       1.679897           1685         0.9954        14040.1          1.496
        8236000       1.680174           1686         0.9954        14043.6          1.469
        8237000       1.680355           1686         0.9954        14046.4          1.431
        8238000       1.680537           1686         0.9954        14049.8          1.418
        8239000       1.680751           1686         0.9954        14052.8          1.454
        8240000       1.680912           1686         0.9954        14055.9          1.439
        8241000       1.681129           1686         0.9954        14059.5          1.465
        8242000       1.681332           1686         0.9954        14062.3          1.406
        8243000       1.681527           1686         0.9954        14065.1          1.441
        8244000       1.681716           1686         0.9954        14067.2          1.464
        8245000       1.681947           1686         0.9954        14069.9          1.442
        8246000       1.682148           1686         0.9954        14072.2          1.345
        8247000       1.682398           1686         0.9954        14074.5          1.330
        8248000       1.682630           1686         0.9954        14077.3          1.381
        8249000       1.682780           1686         0.9954        14079.2          1.457
        8250000       1.682987           1686         0.9954        14082.0          1.511
        8251000       1.683201           1687         0.9954        14084.8          1.433
        8252000       1.683403           1687         0.9954        14087.8          1.431
        8253000       1.683617           1687         0.9954        14091.1          1.396
        8254000       1.683813           1687         0.9954        14093.6          1.421
        8255000       1.683996           1687         0.9954        14096.1          1.426
        8256000       1.684205           1687         0.9954        14098.1          1.413
        8257000       1.684429           1687         0.9954        14100.2          1.400
        8258000       1.684627           1689         0.9954        14102.7          1.411
        8259000       1.684876           1689         0.9954        14105.0          1.410
        8260000       1.685057           1689         0.9954        14107.9          1.470
        8261000       1.685296           1689         0.9954        14111.2          1.425
        8262000       1.685491           1689         0.9954        14113.9          1.486
        8263000       1.685691           1689         0.9954        14116.5          1.449
        8264000       1.685869           1690         0.9954        14119.9          1.464
        8265000       1.686050           1690         0.9954        14123.0          1.420
        8266000       1.686222           1690         0.9954        14126.2          1.391
        8267000       1.686465           1690         0.9954        14129.0          1.447
        8268000       1.686692           1690         0.9954        14132.2          1.505
        8269000       1.686892           1690         0.9954        14134.6          1.517
        8270000       1.687122           1690         0.9954        14137.3          1.446
        8271000       1.687298           1690         0.9954        14140.2          1.337
        8272000       1.687506           1690         0.9954        14142.8          1.337
        8273000       1.687734           1690         0.9954        14145.6          1.377
        8274000       1.687927           1690         0.9954        14148.0          1.332
        8275000       1.688139           1690         0.9954        14150.7          1.306
        8276000       1.688341           1690         0.9954        14153.3          1.296
        8277000       1.688523           1690         0.9954        14156.3          1.361
        8278000       1.688698           1690         0.9954        14159.2          1.403
        8279000       1.688956           1690         0.9954        14161.9          1.456
        8280000       1.689134           1690         0.9954        14164.5          1.413
        8281000       1.689358           1690         0.9954        14167.5          1.383
        8282000       1.689555           1690         0.9954        14170.0          1.414
        8283000       1.689723           1690         0.9954        14172.3          1.426
        8284000       1.689881           1690         0.9954        14174.7          1.391
        8285000       1.690077           1690         0.9954        14176.8          1.437
        8286000       1.690295           1690         0.9954        14179.1          1.435
        8287000       1.690475           1690         0.9954        14181.3          1.464
        8288000       1.690681           1690         0.9954        14183.8          1.441
        8289000       1.690900           1691         0.9954        14185.9          1.436
        8290000       1.691100           1691         0.9954        14188.5          1.477
        8291000       1.691308           1691         0.9954        14190.9          1.451
        8292000       1.691480           1691         0.9954        14192.9          1.434
        8293000       1.691700           1691         0.9954        14195.6          1.414
        8294000       1.691874           1691         0.9954        14198.2          1.420
        8295000       1.692068           1691         0.9954        14200.3          1.430
        8296000       1.692287           1691         0.9954        14202.8          1.434
        8297000       1.692501           1691         0.9954        14205.0          1.429
        8298000       1.692684           1692         0.9954        14207.6          1.418
        8299000       1.692918           1692         0.9954        14209.9          1.369
        8300000       1.693144           1692         0.9954        14212.4          1.438
        8301000       1.693321           1693         0.9954        14214.7          1.438
        8302000       1.693548           1693         0.9954        14217.4          1.411
        8303000       1.693736           1693         0.9954        14219.5          1.436
        8304000       1.693912           1693         0.9954        14222.1          1.491
        8305000       1.694122           1693         0.9954        14225.0          1.489
        8306000       1.694302           1693         0.9954        14227.6          1.439
        8307000       1.694500           1693         0.9954        14229.6          1.412
        8308000       1.694715           1695         0.9954        14231.7          1.455
        8309000       1.694882           1695         0.9954        14233.8          1.495
        8310000       1.695110           1696         0.9954        14236.4          1.478
        8311000       1.695343           1696         0.9954        14239.3          1.524
        8312000       1.695571           1696         0.9954        14241.6          1.513
        8313000       1.695751           1697         0.9954        14243.8          1.502
        8314000       1.695915           1697         0.9954        14246.2          1.474
        8315000       1.696121           1698         0.9954        14248.5          1.416
        8316000       1.696306           1699         0.9954        14251.1          1.396
        8317000       1.696513           1699         0.9954        14253.5          1.370
        8318000       1.696711           1699         0.9954        14255.9          1.381
        8319000       1.696932           1699         0.9954        14258.4          1.373
        8320000       1.697186           1700         0.9954        14261.0          1.377
        8321000       1.697381           1700         0.9954        14263.3          1.432
        8322000       1.697559           1700         0.9954        14265.3          1.405
        8323000       1.697715           1700         0.9954        14267.3          1.385
        8324000       1.697921           1700         0.9954        14269.6          1.462
        8325000       1.698109           1701         0.9954        14271.9          1.382
        8326000       1.698276           1703         0.9954        14274.0          1.382
        8327000       1.698521           1703         0.9954        14276.7          1.381
        8328000       1.698771           1703         0.9954        14279.4          1.414
        8329000       1.698899           1703         0.9954        14282.6          1.446
        8330000       1.699104           1703         0.9954        14285.1          1.441
        8331000       1.699359           1703         0.9954        14287.6          1.426
        8332000       1.699593           1703         0.9954        14290.0          1.504
        8333000       1.699780           1703         0.9954        14292.4          1.504
        8334000       1.699984           1703         0.9954        14295.1          1.507
        8335000       1.700195           1703         0.9954        14298.0          1.503
        8336000       1.700424           1703         0.9954        14300.9          1.471
        8337000       1.700627           1705         0.9954        14303.3          1.506
        8338000       1.700853           1705         0.9954        14306.3          1.475
        8339000       1.701082           1705         0.9954        14309.1          1.421
        8340000       1.701326           1705         0.9954        14312.0          1.409
        8341000       1.701514           1706         0.9954        14314.3          1.406
        8342000       1.701711           1706         0.9954        14316.1          1.394
        8343000       1.701860           1706         0.9954        14318.4          1.383
        8344000       1.702084           1706         0.9954        14320.9          1.442
        8345000       1.702312           1706         0.9954        14323.0          1.376
        8346000       1.702515           1706         0.9954        14325.2          1.406
        8347000       1.702704           1706         0.9954        14327.3          1.338
        8348000       1.702915           1706         0.9954        14329.3          1.310
        8349000       1.703115           1706         0.9954        14331.2          1.393
        8350000       1.703313           1706         0.9954        14333.2          1.331
        8351000       1.703528           1706         0.9954        14335.1          1.351
        8352000       1.703706           1707         0.9954        14336.8          1.361
        8353000       1.703898           1708         0.9954        14338.8          1.383
        8354000       1.704099           1708         0.9954        14340.8          1.324
        8355000       1.704291           1708         0.9954        14343.2          1.414
        8356000       1.704476           1709         0.9954        14346.1          1.409
        8357000       1.704669           1709         0.9954        14348.1          1.419
        8358000       1.704905           1709         0.9954        14350.4          1.418
        8359000       1.705105           1709         0.9954        14352.7          1.451
        8360000       1.705300           1709         0.9954        14355.2          1.489
        8361000       1.705521           1709         0.9954        14357.2          1.405
        8362000       1.705714           1709         0.9954        14359.2          1.345
        8363000       1.705925           1709         0.9954        14361.3          1.357
        8364000       1.706154           1710         0.9954        14363.7          1.473
        8365000       1.706360           1710         0.9954        14366.2          1.480
        8366000       1.706564           1711         0.9954        14368.6          1.426
        8367000       1.706752           1712         0.9954        14371.0          1.463
        8368000       1.706968           1712         0.9954        14373.3          1.450
        8369000       1.707170           1712         0.9954        14375.4          1.461
        8370000       1.707339           1712         0.9954        14377.5          1.398
        8371000       1.707560           1712         0.9954        14380.3          1.408
        8372000       1.707766           1712         0.9954        14382.4          1.373
        8373000       1.707964           1712         0.9954        14384.5          1.385
        8374000       1.708171           1712         0.9954        14386.6          1.397
        8375000       1.708376           1712         0.9954        14388.9          1.432
        8376000       1.708630           1712         0.9954        14391.4          1.484
        8377000       1.708811           1714         0.9954        14393.2          1.455
        8378000       1.709026           1715         0.9954        14395.3          1.485
        8379000       1.709172           1715         0.9954        14397.6          1.479
        8380000       1.709394           1715         0.9954        14400.0          1.409
        8381000       1.709591           1715         0.9954        14402.5          1.421
        8382000       1.709759           1715         0.9954        14404.9          1.381
        8383000       1.709972           1715         0.9954        14407.1          1.440
        8384000       1.710140           1715         0.9954        14409.1          1.496
        8385000       1.710373           1717         0.9954        14411.5          1.421
        8386000       1.710565           1717         0.9954        14414.3          1.445
        8387000       1.710794           1718         0.9954        14416.5          1.393
        8388000       1.710977           1718         0.9954        14419.0          1.378
        8389000       1.711159           1718         0.9954        14421.2          1.436
        8390000       1.711339           1718         0.9954        14423.8          1.432
        8391000       1.711543           1718         0.9954        14426.6          1.399
        8392000       1.711760           1719         0.9954        14429.1          1.483
        8393000       1.711980           1719         0.9954        14431.3          1.482
        8394000       1.712214           1719         0.9954        14433.7          1.436
        8395000       1.712440           1719         0.9954        14435.7          1.469
        8396000       1.712679           1719         0.9954        14438.0          1.468
        8397000       1.712905           1719         0.9954        14440.3          1.466
        8398000       1.713128           1719         0.9954        14442.7          1.457
        8399000       1.713351           1719         0.9954        14445.3          1.492
        8400000       1.713565           1719         0.9954        14447.5          1.486
        8401000       1.713775           1719         0.9954        14449.5          1.427
        8402000       1.713941           1719         0.9954        14451.7          1.421
        8403000       1.714126           1719         0.9954        14453.5          1.400
        8404000       1.714398           1719         0.9954        14456.5          1.376
        8405000       1.714628           1719         0.9954        14458.5          1.402
        8406000       1.714816           1719         0.9954        14461.5          1.445
        8407000       1.714980           1719         0.9954        14464.8          1.495
        8408000       1.715184           1719         0.9954        14468.3          1.487
        8409000       1.715401           1719         0.9954        14470.7          1.474
        8410000       1.715623           1720         0.9954        14473.9          1.487
        8411000       1.715839           1720         0.9954        14476.7          1.509
        8412000       1.716078           1723         0.9954        14479.9          1.495
        8413000       1.716290           1723         0.9954        14483.5          1.454
        8414000       1.716485           1723         0.9954        14485.7          1.390
        8415000       1.716695           1724         0.9954        14488.2          1.365
        8416000       1.716902           1724         0.9954        14490.5          1.353
        8417000       1.717128           1724         0.9954        14492.8          1.334
        8418000       1.717311           1724         0.9954        14495.7          1.291
        8419000       1.717518           1725         0.9954        14498.3          1.296
        8420000       1.717668           1725         0.9954        14500.8          1.344
        8421000       1.717853           1725         0.9954        14503.0          1.321
        8422000       1.718040           1725         0.9954        14505.7          1.297
        8423000       1.718265           1725         0.9954        14508.8          1.317
        8424000       1.718454           1726         0.9954        14511.2          1.359
        8425000       1.718638           1726         0.9954        14513.6          1.322
        8426000       1.718861           1726         0.9954        14516.7          1.301
        8427000       1.719069           1726         0.9954        14519.1          1.304
        8428000       1.719280           1726         0.9954        14521.5          1.313
        8429000       1.719455           1727         0.9954        14523.5          1.466
        8430000       1.719662           1727         0.9954        14525.8          1.417
        8431000       1.719916           1728         0.9954        14528.2          1.370
        8432000       1.720161           1730         0.9954        14530.2          1.375
        8433000       1.720373           1730         0.9954        14532.1          1.364
        8434000       1.720569           1730         0.9954        14534.5          1.315
        8435000       1.720764           1730         0.9954        14536.5          1.372
        8436000       1.720993           1730         0.9954        14539.3          1.412
        8437000       1.721164           1730         0.9954        14541.8          1.438
        8438000       1.721393           1730         0.9954        14544.4          1.398
        8439000       1.721572           1731         0.9954        14546.9          1.431
        8440000       1.721744           1731         0.9954        14549.8          1.348
        8441000       1.721940           1731         0.9954        14551.8          1.305
        8442000       1.722111           1731         0.9954        14554.4          1.425
        8443000       1.722277           1731         0.9954        14556.5          1.425
        8444000       1.722507           1731         0.9954        14558.8          1.425
        8445000       1.722734           1732         0.9954        14561.0          1.418
        8446000       1.722953           1733         0.9954        14563.6          1.425
        8447000       1.723230           1733         0.9954        14566.1          1.319
        8448000       1.723446           1734         0.9954        14568.1          1.352
        8449000       1.723612           1734         0.9954        14570.0          1.440
        8450000       1.723848           1735         0.9954        14572.5          1.405
        8451000       1.724032           1736         0.9954        14574.3          1.443
        8452000       1.724214           1736         0.9954        14576.6          1.442
        8453000       1.724427           1736         0.9954        14578.9          1.509
        8454000       1.724647           1736         0.9954        14580.9          1.480
        8455000       1.724842           1738         0.9954        14583.3          1.451
        8456000       1.725058           1739         0.9954        14585.9          1.354
        8457000       1.725288           1739         0.9954        14588.3          1.318
        8458000       1.725527           1740         0.9954        14590.6          1.388
        8459000       1.725718           1741         0.9954        14592.8          1.398
        8460000       1.725906           1741         0.9954        14595.0          1.327
        8461000       1.726112           1741         0.9954        14597.6          1.394
        8462000       1.726295           1741         0.9954        14600.0          1.407
        8463000       1.726504           1741         0.9954        14602.4          1.376
        8464000       1.726669           1742         0.9954        14604.6          1.468
        8465000       1.726882           1742         0.9954        14606.9          1.457
        8466000       1.727087           1742         0.9954        14609.1          1.482
        8467000       1.727285           1742         0.9954        14611.4          1.489
        8468000       1.727528           1742         0.9954        14614.3          1.494
        8469000       1.727727           1742         0.9954        14616.8          1.530
        8470000       1.727983           1742         0.9954        14619.4          1.533
        8471000       1.728181           1743         0.9954        14622.1          1.418
        8472000       1.728386           1745         0.9954        14624.5          1.471
        8473000       1.728591           1745         0.9954        14627.0          1.449
        8474000       1.728827           1745         0.9954        14629.6          1.459
        8475000       1.729029           1746         0.9954        14632.4          1.458
        8476000       1.729208           1746         0.9954        14634.9          1.428
        8477000       1.729418           1746         0.9954        14637.4          1.474
        8478000       1.729585           1746         0.9954        14639.5          1.490
        8479000       1.729780           1746         0.9954        14641.8          1.485
        8480000       1.729952           1746         0.9954        14643.9          1.468
        8481000       1.730194           1746         0.9954        14647.2          1.469
        8482000       1.730370           1746         0.9954        14649.0          1.462
        8483000       1.730591           1746         0.9954        14651.6          1.499
        8484000       1.730801           1746         0.9954        14654.2          1.489
        8485000       1.730986           1746         0.9954        14656.7          1.486
        8486000       1.731167           1746         0.9954        14658.6          1.484
        8487000       1.731331           1746         0.9954        14661.0          1.479
        8488000       1.731493           1746         0.9954        14663.3          1.407
        8489000       1.731705           1747         0.9954        14665.3          1.448
        8490000       1.731927           1747         0.9954        14667.8          1.482
        8491000       1.732157           1747         0.9954        14670.2          1.500
        8492000       1.732368           1747         0.9954        14672.3          1.472
        8493000       1.732617           1748         0.9954        14675.0          1.473
        8494000       1.732838           1748         0.9954        14677.2          1.493
        8495000       1.733042           1748         0.9954        14679.3          1.483
        8496000       1.733263           1748         0.9954        14682.0          1.446
        8497000       1.733446           1748         0.9954        14684.2          1.496
        8498000       1.733660           1748         0.9954        14686.8          1.443
        8499000       1.733895           1749         0.9954        14688.8          1.412
        8500000       1.734138           1749         0.9954        14691.4          1.369
        8501000       1.734338           1749         0.9954        14693.5          1.418
        8502000       1.734532           1749         0.9954        14695.7          1.371
        8503000       1.734773           1750         0.9954        14698.2          1.369
        8504000       1.734984           1751         0.9954        14700.2          1.358
        8505000       1.735235           1752         0.9954        14702.5          1.361
        8506000       1.735463           1752         0.9954        14705.0          1.483
        8507000       1.735645           1752         0.9954        14707.0          1.471
        8508000       1.735840           1752         0.9954        14709.2          1.408
        8509000       1.736058           1753         0.9954        14711.0          1.412
        8510000       1.736287           1753         0.9954        14713.2          1.424
        8511000       1.736438           1753         0.9954        14715.7          1.465
        8512000       1.736632           1753         0.9954        14717.7          1.483
        8513000       1.736848           1753         0.9954        14720.1          1.503
        8514000       1.737069           1753         0.9954        14722.3          1.451
        8515000       1.737271           1753         0.9954        14724.6          1.430
        8516000       1.737469           1753         0.9954        14726.8          1.430
        8517000       1.737673           1753         0.9954        14729.0          1.426
        8518000       1.737893           1753         0.9954        14731.8          1.431
        8519000       1.738110           1753         0.9954        14734.4          1.426
        8520000       1.738298           1753         0.9954        14737.0          1.430
        8521000       1.738517           1753         0.9954        14739.7          1.514
        8522000       1.738706           1753         0.9954        14741.9          1.421
        8523000       1.738940           1754         0.9954        14744.6          1.407
        8524000       1.739135           1754         0.9954        14746.8          1.431
        8525000       1.739365           1754         0.9954        14749.4          1.431
        8526000       1.739570           1755         0.9954        14751.8          1.492
        8527000       1.739774           1755         0.9954        14754.4          1.476
        8528000       1.740007           1755         0.9954        14757.2          1.467
        8529000       1.740159           1755         0.9953        14760.5          1.480
        8530000       1.740374           1755         0.9953        14763.1          1.470
        8531000       1.740567           1755         0.9953        14765.2          1.483
        8532000       1.740745           1755         0.9953        14767.3          1.482
        8533000       1.740913           1755         0.9953        14769.8          1.449
        8534000       1.741079           1755         0.9953        14772.1          1.477
        8535000       1.741310           1755         0.9953        14774.6          1.457
        8536000       1.741500           1756         0.9953        14776.9          1.460
        8537000       1.741720           1756         0.9953        14778.7          1.459
        8538000       1.741905           1756         0.9953        14780.8          1.462
        8539000       1.742152           1756         0.9953        14783.5          1.424
        8540000       1.742308           1756         0.9953        14786.0          1.395
        8541000       1.742542           1756         0.9953        14788.5          1.349
        8542000       1.742742           1756         0.9953        14790.9          1.363
        8543000       1.742946           1756         0.9953        14793.5          1.352
        8544000       1.743110           1756         0.9953        14796.2          1.347
        8545000       1.743283           1757         0.9953        14798.7          1.364
        8546000       1.743530           1758         0.9953        14801.7          1.351
        8547000       1.743728           1758         0.9953        14804.3          1.344
        8548000       1.743893           1758         0.9953        14806.7          1.341
        8549000       1.744104           1758         0.9953        14809.1          1.415
        8550000       1.744329           1759         0.9953        14811.3          1.436
        8551000       1.744508           1759         0.9953        14813.6          1.461
        8552000       1.744706           1759         0.9953        14815.7          1.474
        8553000       1.744883           1760         0.9953        14818.0          1.512
        8554000       1.745039           1760         0.9953        14820.5          1.498
        8555000       1.745254           1760         0.9953        14823.1          1.493
        8556000       1.745464           1760         0.9953        14825.9          1.471
        8557000       1.745671           1760         0.9953        14828.6          1.448
        8558000       1.745879           1760         0.9953        14831.1          1.424
        8559000       1.746038           1761         0.9953        14833.2          1.526
        8560000       1.746273           1761         0.9953        14835.4          1.505
        8561000       1.746495           1762         0.9953        14837.7          1.457
        8562000       1.746681           1762         0.9953        14840.2          1.500
        8563000       1.746897           1762         0.9953        14843.2          1.464
        8564000       1.747090           1762         0.9953        14845.7          1.468
        8565000       1.747283           1762         0.9953        14848.3          1.530
        8566000       1.747473           1762         0.9953        14850.6          1.527
        8567000       1.747681           1762         0.9953        14853.5          1.542
        8568000       1.747927           1762         0.9953        14856.5          1.533
        8569000       1.748078           1763         0.9953        14858.7          1.545
        8570000       1.748241           1763         0.9953        14861.1          1.550
        8571000       1.748495           1763         0.9953        14863.5          1.553
        8572000       1.748681           1763         0.9953        14865.9          1.550
        8573000       1.748873           1763         0.9953        14868.8          1.516
        8574000       1.749094           1763         0.9953        14871.7          1.535
        8575000       1.749306           1763         0.9953        14874.1          1.552
        8576000       1.749468           1763         0.9953        14876.8          1.636
        8577000       1.749667           1763         0.9953        14879.6          1.548
        8578000       1.749865           1763         0.9953        14883.3          1.534
        8579000       1.750032           1763         0.9953        14885.8          1.517
        8580000       1.750183           1763         0.9953        14888.0          1.478
        8581000       1.750397           1763         0.9953        14890.6          1.481
        8582000       1.750600           1763         0.9953        14893.9          1.451
        8583000       1.750812           1764         0.9953        14896.5          1.510
        8584000       1.751053           1764         0.9953        14899.2          1.490
        8585000       1.751230           1764         0.9953        14901.6          1.534
        8586000       1.751449           1764         0.9953        14904.7          1.456
        8587000       1.751661           1764         0.9953        14907.8          1.516
        8588000       1.751810           1764         0.9953        14911.0          1.515
        8589000       1.752002           1765         0.9953        14914.0          1.457
        8590000       1.752208           1765         0.9953        14916.8          1.438
        8591000       1.752428           1765         0.9953        14919.9          1.405
        8592000       1.752625           1765         0.9953        14923.4          1.447
        8593000       1.752856           1765         0.9953        14925.9          1.464
        8594000       1.753046           1765         0.9953        14929.0          1.462
        8595000       1.753225           1767         0.9953        14931.5          1.422
        8596000       1.753374           1767         0.9953        14934.3          1.436
        8597000       1.753550           1767         0.9953        14936.9          1.444
        8598000       1.753714           1767         0.9953        14939.6          1.461
        8599000       1.753874           1767         0.9953        14943.1          1.436
        8600000       1.754133           1767         0.9953        14945.8          1.442
        8601000       1.754403           1767         0.9953        14949.2          1.490
        8602000       1.754618           1768         0.9953        14952.5          1.539
        8603000       1.754814           1768         0.9953        14954.7          1.519
        8604000       1.755045           1768         0.9953        14958.0          1.472
        8605000       1.755252           1769         0.9953        14960.7          1.521
        8606000       1.755463           1770         0.9953        14963.2          1.501
        8607000       1.755685           1771         0.9953        14966.0          1.510
        8608000       1.755883           1773         0.9953        14968.7          1.526
        8609000       1.756082           1773         0.9953        14971.0          1.514
        8610000       1.756250           1773         0.9953        14974.0          1.499
        8611000       1.756451           1773         0.9953        14976.6          1.499
        8612000       1.756615           1773         0.9953        14979.6          1.501
        8613000       1.756866           1773         0.9953        14982.3          1.468
        8614000       1.757044           1775         0.9953        14984.8          1.452
        8615000       1.757216           1775         0.9953        14987.5          1.442
        8616000       1.757392           1775         0.9953        14990.6          1.423
        8617000       1.757555           1776         0.9953        14992.9          1.434
        8618000       1.757769           1776         0.9953        14995.6          1.450
        8619000       1.757974           1776         0.9953        14998.7          1.457
        8620000       1.758152           1776         0.9953        15000.7          1.439
        8621000       1.758394           1776         0.9953        15003.1          1.459
        8622000       1.758604           1776         0.9953        15005.3          1.451
        8623000       1.758825           1776         0.9953        15007.5          1.445
        8624000       1.759054           1777         0.9953        15010.4          1.431
        8625000       1.759269           1777         0.9953        15012.6          1.514
        8626000       1.759429           1777         0.9953        15015.0          1.432
        8627000       1.759663           1777         0.9953        15017.2          1.407
        8628000       1.759911           1777         0.9953        15019.9          1.501
        8629000       1.760088           1777         0.9953        15022.4          1.437
        8630000       1.760264           1777         0.9953        15024.5          1.372
        8631000       1.760510           1777         0.9953        15027.3          1.424
        8632000       1.760716           1777         0.9953        15029.6          1.389
        8633000       1.760882           1777         0.9953        15032.2          1.514
        8634000       1.761104           1777         0.9953        15034.5          1.386
        8635000       1.761309           1778         0.9953        15036.6          1.403
        8636000       1.761521           1778         0.9953        15039.4          1.459
        8637000       1.761705           1778         0.9953        15041.7          1.478
        8638000       1.761908           1778         0.9953        15044.0          1.446
        8639000       1.762115           1778         0.9953        15046.8          1.425
        8640000       1.762267           1778         0.9953        15049.1          1.486
        8641000       1.762512           1778         0.9953        15052.0          1.520
        8642000       1.762710           1778         0.9953        15055.7          1.532
        8643000       1.762889           1778         0.9953        15058.7          1.613
        8644000       1.763112           1778         0.9953        15060.9          1.624
        8645000       1.763339           1778         0.9953        15063.9          1.518
        8646000       1.763567           1778         0.9953        15067.0          1.558
        8647000       1.763780           1779         0.9953        15069.5          1.611
        8648000       1.763938           1780         0.9953        15072.0          1.628
        8649000       1.764159           1780         0.9953        15074.5          1.627
        8650000       1.764352           1780         0.9953        15076.9          1.637
        8651000       1.764502           1780         0.9953        15078.9          1.630
        8652000       1.764676           1780         0.9953        15081.4          1.623
        8653000       1.764900           1780         0.9953        15083.5          1.616
        8654000       1.765119           1780         0.9953        15085.8          1.621
        8655000       1.765305           1781         0.9953        15088.4          1.493
        8656000       1.765516           1782         0.9953        15090.6          1.471
        8657000       1.765708           1782         0.9953        15093.3          1.578
        8658000       1.765923           1782         0.9953        15095.7          1.617
        8659000       1.766143           1782         0.9953        15098.8          1.551
        8660000       1.766342           1782         0.9953        15101.3          1.527
        8661000       1.766560           1782         0.9953        15103.8          1.568
        8662000       1.766708           1783         0.9953        15105.9          1.568
        8663000       1.766936           1783         0.9953        15108.9          1.551
        8664000       1.767088           1783         0.9953        15111.2          1.614
        8665000       1.767295           1783         0.9953        15114.0          1.584
        8666000       1.767522           1784         0.9953        15116.4          1.609
        8667000       1.767735           1784         0.9953        15118.7          1.585
        8668000       1.767919           1784         0.9953        15120.9          1.581
        8669000       1.768128           1784         0.9953        15123.9          1.586
        8670000       1.768357           1785         0.9953        15126.2          1.576
        8671000       1.768568           1785         0.9953        15129.5          1.675
        8672000       1.768799           1785         0.9953        15132.3          1.670
        8673000       1.768997           1786         0.9953        15134.6          1.435
        8674000       1.769192           1786         0.9953        15137.3          1.531
        8675000       1.769365           1786         0.9953        15139.8          1.559
        8676000       1.769573           1786         0.9953        15142.2          1.511
        8677000       1.769811           1786         0.9953        15144.2          1.518
        8678000       1.769977           1786         0.9953        15146.7          1.521
        8679000       1.770202           1786         0.9953        15149.8          1.615
        8680000       1.770420           1786         0.9953        15152.4          1.617
        8681000       1.770655           1786         0.9953        15155.0          1.638
        8682000       1.770896           1787         0.9953        15157.8          1.635
        8683000       1.771076           1788         0.9953        15160.1          1.638
        8684000       1.771240           1788         0.9953        15164.2          1.613
        8685000       1.771468           1788         0.9953        15167.6          1.640
        8686000       1.771657           1788         0.9953        15171.0          1.631
        8687000       1.771887           1788         0.9953        15173.7          1.634
        8688000       1.772067           1789         0.9953        15176.7          1.593
        8689000       1.772277           1789         0.9953        15179.8          1.582
        8690000       1.772434           1789         0.9953        15182.3          1.576
        8691000       1.772610           1789         0.9953        15185.2          1.574
        8692000       1.772814           1789         0.9953        15187.5          1.562
        8693000       1.773015           1789         0.9953        15190.5          1.569
        8694000       1.773213           1789         0.9953        15194.8          1.567
        8695000       1.773388           1789         0.9953        15198.2          1.585
        8696000       1.773601           1789         0.9953        15201.3          1.582
        8697000       1.773771           1789         0.9953        15203.8          1.591
        8698000       1.773974           1789         0.9953        15207.1          1.573
        8699000       1.774181           1790         0.9953        15209.7          1.560
        8700000       1.774366           1790         0.9953        15212.3          1.532
        8701000       1.774566           1790         0.9953        15214.9          1.462
        8702000       1.774776           1790         0.9953        15217.2          1.511
        8703000       1.774999           1790         0.9953        15220.1          1.499
        8704000       1.775197           1790         0.9953        15223.1          1.580
        8705000       1.775383           1790         0.9953        15226.0          1.587
        8706000       1.775588           1790         0.9953        15228.7          1.547
        8707000       1.775775           1790         0.9953        15231.5          1.517
        8708000       1.775994           1790         0.9953        15234.8          1.528
        8709000       1.776192           1791         0.9953        15237.4          1.570
        8710000       1.776358           1791         0.9953        15240.3          1.539
        8711000       1.776553           1792         0.9953        15242.8          1.518
        8712000       1.776747           1792         0.9953        15245.5          1.543
        8713000       1.776942           1792         0.9953        15248.6          1.565
        8714000       1.777161           1792         0.9953        15252.0          1.568
        8715000       1.777378           1792         0.9953        15254.9          1.606
        8716000       1.777572           1792         0.9953        15258.1          1.582
        8717000       1.777755           1792         0.9953        15260.8          1.631
        8718000       1.778013           1792         0.9953        15265.2          1.557
        8719000       1.778250           1792         0.9953        15268.5          1.526
        8720000       1.778445           1792         0.9953        15271.4          1.513
        8721000       1.778703           1792         0.9953        15274.4          1.509
        8722000       1.778876           1792         0.9953        15277.4          1.512
        8723000       1.779067           1792         0.9953        15280.1          1.495
        8724000       1.779305           1792         0.9953        15283.1          1.554
        8725000       1.779491           1793         0.9953        15286.6          1.513
        8726000       1.779695           1793         0.9953        15290.5          1.610
        8727000       1.779897           1793         0.9953        15293.7          1.565
        8728000       1.780130           1793         0.9953        15297.2          1.521
        8729000       1.780320           1793         0.9953        15301.0          1.654
        8730000       1.780500           1793         0.9953        15304.7          1.613
        8731000       1.780755           1794         0.9953        15307.8          1.609
        8732000       1.780932           1794         0.9953        15310.5          1.503
        8733000       1.781100           1794         0.9953        15313.3          1.503
        8734000       1.781292           1794         0.9953        15316.4          1.498
        8735000       1.781461           1795         0.9953        15318.9          1.511
        8736000       1.781687           1795         0.9953        15322.6          1.478
        8737000       1.781884           1796         0.9953        15325.6          1.451
        8738000       1.782074           1796         0.9953        15327.8          1.420
        8739000       1.782251           1796         0.9953        15331.3          1.538
        8740000       1.782466           1797         0.9953        15335.1          1.512
        8741000       1.782655           1797         0.9953        15338.6          1.537
        8742000       1.782848           1797         0.9953        15342.0          1.548
        8743000       1.783039           1797         0.9953        15345.6          1.457
        8744000       1.783226           1797         0.9953        15349.1          1.484
        8745000       1.783441           1797         0.9953        15352.1          1.492
        8746000       1.783652           1797         0.9953        15355.9          1.513
        8747000       1.783839           1797         0.9953        15358.8          1.588
        8748000       1.784049           1798         0.9953        15361.6          1.450
        8749000       1.784279           1800         0.9953        15364.7          1.538
        8750000       1.784480           1802         0.9953        15366.9          1.509
        8751000       1.784681           1802         0.9953        15369.7          1.462
        8752000       1.784833           1802         0.9953        15372.7          1.417
        8753000       1.785044           1802         0.9953        15375.9          1.394
        8754000       1.785285           1802         0.9953        15378.4          1.427
        8755000       1.785474           1803         0.9953        15381.3          1.450
        8756000       1.785693           1803         0.9953        15384.7          1.394
        8757000       1.785878           1804         0.9953        15387.6          1.585
        8758000       1.786088           1804         0.9953        15389.8          1.545
        8759000       1.786287           1804         0.9953        15392.9          1.420
        8760000       1.786525           1805         0.9953        15396.0          1.493
        8761000       1.786762           1805         0.9953        15398.4          1.534
        8762000       1.786983           1805         0.9953        15401.8          1.697
        8763000       1.787153           1805         0.9953        15404.8          1.489
        8764000       1.787331           1805         0.9953        15407.5          1.478
        8765000       1.787527           1805         0.9953        15410.1          1.495
        8766000       1.787665           1805         0.9953        15413.1          1.521
        8767000       1.787822           1805         0.9953        15416.9          1.488
        8768000       1.787989           1805         0.9953        15419.6          1.500
        8769000       1.788175           1805         0.9953        15421.9          1.531
        8770000       1.788395           1805         0.9953        15424.2          1.509
        8771000       1.788599           1805         0.9953        15427.1          1.503
        8772000       1.788786           1805         0.9953        15429.2          1.501
        8773000       1.788989           1805         0.9953        15431.9          1.474
        8774000       1.789172           1805         0.9953        15434.4          1.474
        8775000       1.789342           1805         0.9953        15437.0          1.472
        8776000       1.789535           1805         0.9953        15439.7          1.466
        8777000       1.789759           1805         0.9953        15442.1          1.440
        8778000       1.789949           1805         0.9953        15444.3          1.408
        8779000       1.790135           1805         0.9953        15446.3          1.449
        8780000       1.790287           1805         0.9953        15448.6          1.422
        8781000       1.790496           1805         0.9953        15452.0          1.468
        8782000       1.790664           1805         0.9953        15454.6          1.469
        8783000       1.790838           1805         0.9953        15457.4          1.562
        8784000       1.791059           1805         0.9953        15461.0          1.532
        8785000       1.791259           1805         0.9953        15464.5          1.621
        8786000       1.791454           1805         0.9953        15467.7          1.610
        8787000       1.791706           1806         0.9953        15470.3          1.617
        8788000       1.791938           1806         0.9953        15474.4          1.636
        8789000       1.792111           1806         0.9953        15477.2          1.580
        8790000       1.792338           1806         0.9953        15480.0          1.475
        8791000       1.792556           1806         0.9953        15483.7          1.467
        8792000       1.792819           1808         0.9953        15487.5          1.588
        8793000       1.793053           1808         0.9953        15492.3          1.642
        8794000       1.793259           1808         0.9953        15496.0          1.601
        8795000       1.793467           1808         0.9953        15499.0          1.535
        8796000       1.793660           1808         0.9953        15502.2          1.490
        8797000       1.793916           1808         0.9953        15505.8          1.454
        8798000       1.794123           1809         0.9953        15509.5          1.515
        8799000       1.794355           1810         0.9953        15512.5          1.553
        8800000       1.794596           1810         0.9953        15517.1          1.502
        8801000       1.794827           1810         0.9953        15520.7          1.498
        8802000       1.795024           1810         0.9953        15523.7          1.454
        8803000       1.795238           1810         0.9953        15526.3          1.446
        8804000       1.795438           1810         0.9953        15530.9          1.465
        8805000       1.795606           1810         0.9953        15535.3          1.452
        8806000       1.795808           1811         0.9953        15538.6          1.473
        8807000       1.796022           1811         0.9953        15541.1          1.556
        8808000       1.796232           1811         0.9953        15545.0          1.547
        8809000       1.796436           1811         0.9953        15548.1          1.590
        8810000       1.796643           1811         0.9953        15551.6          1.602
        8811000       1.796884           1811         0.9953        15554.4          1.575
        8812000       1.797074           1811         0.9953        15557.3          1.558
        8813000       1.797261           1811         0.9953        15560.8          1.548
        8814000       1.797416           1811         0.9953        15563.6          1.562
        8815000       1.797617           1811         0.9953        15566.6          1.562
        8816000       1.797821           1811         0.9953        15569.9          1.550
        8817000       1.798025           1811         0.9953        15573.9          1.537
        8818000       1.798248           1811         0.9953        15577.6          1.537
        8819000       1.798476           1811         0.9953        15580.3          1.535
        8820000       1.798658           1811         0.9953        15583.7          1.514
        8821000       1.798829           1811         0.9953        15587.0          1.516
        8822000       1.799010           1812         0.9953        15589.9          1.513
        8823000       1.799227           1812         0.9953        15593.1          1.462
        8824000       1.799418           1812         0.9953        15595.6          1.568
        8825000       1.799643           1812         0.9953        15598.1          1.588
        8826000       1.799803           1812         0.9953        15600.5          1.559
        8827000       1.800002           1813         0.9953        15603.9          1.631
        8828000       1.800168           1813         0.9953        15608.2          1.635
        8829000       1.800344           1813         0.9953        15612.3          1.641
        8830000       1.800525           1813         0.9953        15615.5          1.643
        8831000       1.800770           1813         0.9953        15618.3          1.579
        8832000       1.800972           1813         0.9953        15621.0          1.601
        8833000       1.801148           1813         0.9953        15623.6          1.645
        8834000       1.801368           1814         0.9953        15626.4          1.638
        8835000       1.801539           1815         0.9953        15629.1          1.636
        8836000       1.801728           1815         0.9953        15633.0          1.634
        8837000       1.801951           1816         0.9953        15636.3          1.595
        8838000       1.802168           1817         0.9953        15639.5          1.497
        8839000       1.802356           1817         0.9953        15642.0          1.499
        8840000       1.802558           1817         0.9953        15644.8          1.543
        8841000       1.802755           1817         0.9953        15648.7          1.599
        8842000       1.802973           1817         0.9953        15652.3          1.555
        8843000       1.803198           1817         0.9953        15655.2          1.495
        8844000       1.803398           1817         0.9953        15658.2          1.538
        8845000       1.803595           1817         0.9953        15660.4          1.576
        8846000       1.803772           1817         0.9953        15662.9          1.581
        8847000       1.803954           1818         0.9953        15665.6          1.551
        8848000       1.804205           1818         0.9953        15668.5          1.474
        8849000       1.804414           1819         0.9953        15671.1          1.489
        8850000       1.804575           1819         0.9953        15674.1          1.694
        8851000       1.804767           1820         0.9953        15676.7          1.518
        8852000       1.804941           1820         0.9953        15680.2          1.525
        8853000       1.805150           1821         0.9953        15682.9          1.468
        8854000       1.805353           1821         0.9953        15686.4          1.520
        8855000       1.805576           1821         0.9953        15688.7          1.450
        8856000       1.805807           1821         0.9953        15691.5          1.471
        8857000       1.805999           1821         0.9953        15694.5          1.488
        8858000       1.806188           1822         0.9953        15697.7          1.493
        8859000       1.806390           1822         0.9953        15700.5          1.470
        8860000       1.806588           1822         0.9953        15702.8          1.449
        8861000       1.806770           1822         0.9953        15705.7          1.472
        8862000       1.806942           1822         0.9953        15708.4          1.479
        8863000       1.807113           1822         0.9953        15711.1          1.449
        8864000       1.807300           1822         0.9953        15714.5          1.504
        8865000       1.807536           1822         0.9953        15717.0          1.466
        8866000       1.807755           1822         0.9953        15720.6          1.417
        8867000       1.807976           1822         0.9953        15723.3          1.416
        8868000       1.808185           1822         0.9953        15726.7          1.413
        8869000       1.808371           1822         0.9953        15729.3          1.460
        8870000       1.808579           1822         0.9953        15732.3          1.510
        8871000       1.808777           1823         0.9953        15735.3          1.472
        8872000       1.808996           1823         0.9953        15739.5          1.486
        8873000       1.809200           1823         0.9953        15742.4          1.453
        8874000       1.809402           1823         0.9953        15744.9          1.479
        8875000       1.809604           1823         0.9953        15747.0          1.500
        8876000       1.809799           1824         0.9953        15749.9          1.480
        8877000       1.809946           1824         0.9953        15752.9          1.522
        8878000       1.810110           1824         0.9953        15755.3          1.523
        8879000       1.810305           1824         0.9953        15757.2          1.540
        8880000       1.810485           1825         0.9953        15759.7          1.534
        8881000       1.810641           1825         0.9953        15762.7          1.499
        8882000       1.810864           1825         0.9953        15765.6          1.521
        8883000       1.811082           1826         0.9953        15767.9          1.485
        8884000       1.811318           1826         0.9953        15770.4          1.510
        8885000       1.811508           1826         0.9953        15772.7          1.572
        8886000       1.811716           1827         0.9953        15775.7          1.599
        8887000       1.812016           1827         0.9953        15778.2          1.539
        8888000       1.812233           1827         0.9953        15780.5          1.586
        8889000       1.812421           1827         0.9953        15783.0          1.570
        8890000       1.812625           1827         0.9953        15785.1          1.547
        8891000       1.812825           1828         0.9953        15788.2          1.531
        8892000       1.813046           1828         0.9953        15791.4          1.590
        8893000       1.813208           1828         0.9953        15793.9          1.592
        8894000       1.813423           1828         0.9953        15796.8          1.605
        8895000       1.813625           1829         0.9953        15799.4          1.622
        8896000       1.813809           1830         0.9953        15801.9          1.611
        8897000       1.814017           1830         0.9953        15804.5          1.612
        8898000       1.814221           1830         0.9953        15806.9          1.615
        8899000       1.814443           1830         0.9952        15809.0          1.604
        8900000       1.814701           1830         0.9952        15812.5          1.620
        8901000       1.814913           1830         0.9952        15815.8          1.613
        8902000       1.815134           1830         0.9952        15819.3          1.610
        8903000       1.815343           1830         0.9952        15822.6          1.559
        8904000       1.815537           1830         0.9952        15825.9          1.581
        8905000       1.815722           1830         0.9952        15828.9          1.596
        8906000       1.815883           1830         0.9952        15831.8          1.592
        8907000       1.816109           1830         0.9952        15835.4          1.573
        8908000       1.816294           1830         0.9952        15840.2          1.529
        8909000       1.816495           1830         0.9952        15843.7          1.470
        8910000       1.816672           1830         0.9952        15847.1          1.438
        8911000       1.816886           1830         0.9952        15850.4          1.577
        8912000       1.817096           1832         0.9952        15854.2          1.524
        8913000       1.817317           1832         0.9952        15856.8          1.490
        8914000       1.817492           1832         0.9952        15860.0          1.474
        8915000       1.817672           1832         0.9952        15863.5          1.518
        8916000       1.817821           1833         0.9952        15867.3          1.551
        8917000       1.818042           1833         0.9952        15870.2          1.527
        8918000       1.818223           1833         0.9952        15874.0          1.572
        8919000       1.818430           1833         0.9952        15877.4          1.645
        8920000       1.818658           1833         0.9952        15880.9          1.617
        8921000       1.818837           1833         0.9952        15884.1          1.666
        8922000       1.819007           1833         0.9952        15886.7          1.641
        8923000       1.819260           1834         0.9952        15890.2          1.667
        8924000       1.819507           1835         0.9952        15893.3          1.646
        8925000       1.819774           1836         0.9952        15896.3          1.643
        8926000       1.820011           1836         0.9952        15899.4          1.495
        8927000       1.820214           1836         0.9952        15902.3          1.512
        8928000       1.820417           1836         0.9952        15905.5          1.546
        8929000       1.820631           1836         0.9952        15908.4          1.541
        8930000       1.820867           1836         0.9952        15911.1          1.523
        8931000       1.821057           1836         0.9952        15914.6          1.566
        8932000       1.821287           1836         0.9952        15917.2          1.578
        8933000       1.821492           1836         0.9952        15920.4          1.574
        8934000       1.821697           1836         0.9952        15923.3          1.541
        8935000       1.821867           1837         0.9952        15925.7          1.553
        8936000       1.822053           1837         0.9952        15928.4          1.559
        8937000       1.822294           1837         0.9952        15930.7          1.502
        8938000       1.822481           1837         0.9952        15932.8          1.545
        8939000       1.822660           1838         0.9952        15935.7          1.548
        8940000       1.822856           1838         0.9952        15938.2          1.566
        8941000       1.823044           1838         0.9952        15940.5          1.525
        8942000       1.823256           1838         0.9952        15943.2          1.506
        8943000       1.823452           1838         0.9952        15946.0          1.514
        8944000       1.823636           1838         0.9952        15948.8          1.467
        8945000       1.823798           1838         0.9952        15951.4          1.472
        8946000       1.824041           1838         0.9952        15953.9          1.450
        8947000       1.824265           1838         0.9952        15956.7          1.409
        8948000       1.824449           1838         0.9952        15959.0          1.394
        8949000       1.824630           1839         0.9952        15961.7          1.432
        8950000       1.824866           1839         0.9952        15964.0          1.391
        8951000       1.825067           1839         0.9952        15967.2          1.401
        8952000       1.825247           1839         0.9952        15969.8          1.463
        8953000       1.825426           1839         0.9952        15973.1          1.457
        8954000       1.825610           1839         0.9952        15975.6          1.423
        8955000       1.825786           1839         0.9952        15977.7          1.446
        8956000       1.825992           1839         0.9952        15979.9          1.421
        8957000       1.826179           1839         0.9952        15982.4          1.414
        8958000       1.826353           1839         0.9952        15984.8          1.468
        8959000       1.826529           1839         0.9952        15987.4          1.515
        8960000       1.826720           1839         0.9952        15990.7          1.514
        8961000       1.826890           1839         0.9952        15993.3          1.486
        8962000       1.827119           1840         0.9952        15995.7          1.486
        8963000       1.827324           1840         0.9952        15998.4          1.464
        8964000       1.827524           1840         0.9952        16001.0          1.498
        8965000       1.827729           1840         0.9952        16003.0          1.507
        8966000       1.827948           1840         0.9952        16005.5          1.534
        8967000       1.828190           1840         0.9952        16009.2          1.588
        8968000       1.828386           1840         0.9952        16011.9          1.628
        8969000       1.828602           1840         0.9952        16015.0          1.559
        8970000       1.828829           1841         0.9952        16017.7          1.618
        8971000       1.829029           1841         0.9952        16021.2          1.618
        8972000       1.829229           1841         0.9952        16023.1          1.691
        8973000       1.829423           1841         0.9952        16025.9          1.606
        8974000       1.829626           1841         0.9952        16028.5          1.595
        8975000       1.829915           1841         0.9952        16030.8          1.551
        8976000       1.830119           1843         0.9952        16033.4          1.594
        8977000       1.830313           1843         0.9952        16036.4          1.634
        8978000       1.830530           1843         0.9952        16039.3          1.619
        8979000       1.830730           1843         0.9952        16042.4          1.570
        8980000       1.830904           1843         0.9952        16045.9          1.594
        8981000       1.831152           1844         0.9952        16049.3          1.614
        8982000       1.831356           1844         0.9952        16052.6          1.641
        8983000       1.831549           1845         0.9952        16056.0          1.471
        8984000       1.831713           1845         0.9952        16058.8          1.552
        8985000       1.831894           1846         0.9952        16062.1          1.513
        8986000       1.832107           1846         0.9952        16065.8          1.589
        8987000       1.832251           1846         0.9952        16068.8          1.563
        8988000       1.832456           1846         0.9952        16072.2          1.536
        8989000       1.832644           1846         0.9952        16074.6          1.492
        8990000       1.832828           1846         0.9952        16077.7          1.590
        8991000       1.833013           1846         0.9952        16081.0          1.610
        8992000       1.833251           1846         0.9952        16083.8          1.621
        8993000       1.833451           1846         0.9952        16087.3          1.554
        8994000       1.833680           1847         0.9952        16090.0          1.560
        8995000       1.833894           1847         0.9952        16093.6          1.511
        8996000       1.834107           1847         0.9952        16096.5          1.599
        8997000       1.834324           1849         0.9952        16099.5          1.525
        8998000       1.834539           1849         0.9952        16102.7          1.460
        8999000       1.834778           1850         0.9952        16105.9          1.486
        9000000       1.834993           1850         0.9952        16109.4          1.511
        9001000       1.835192           1850         0.9952        16113.3          1.534
        9002000       1.835380           1850         0.9952        16117.0          1.567
        9003000       1.835579           1850         0.9952        16120.2          1.499
        9004000       1.835784           1850         0.9952        16123.1          1.582
        9005000       1.836003           1850         0.9952        16125.9          1.585
        9006000       1.836183           1850         0.9952        16129.1          1.639
        9007000       1.836399           1850         0.9952        16131.7          1.652
        9008000       1.836542           1850         0.9952        16134.7          1.597
        9009000       1.836743           1850         0.9952        16138.1          1.531
        9010000       1.836942           1850         0.9952        16141.0          1.551
        9011000       1.837111           1850         0.9952        16144.1          1.525
        9012000       1.837322           1850         0.9952        16147.1          1.560
        9013000       1.837534           1850         0.9952        16150.5          1.587
        9014000       1.837743           1851         0.9952        16153.8          1.528
        9015000       1.837947           1851         0.9952        16157.0          1.607
        9016000       1.838142           1852         0.9952        16159.8          1.503
        9017000       1.838332           1852         0.9952        16163.2          1.507
        9018000       1.838512           1852         0.9952        16166.0          1.540
        9019000       1.838715           1852         0.9952        16168.8          1.536
        9020000       1.838933           1852         0.9952        16172.8          1.532
        9021000       1.839135           1852         0.9952        16176.4          1.548
        9022000       1.839349           1852         0.9952        16179.8          1.584
        9023000       1.839545           1852         0.9952        16182.4          1.539
        9024000       1.839709           1853         0.9952        16185.6          1.734
        9025000       1.839878           1853         0.9952        16188.9          1.629
        9026000       1.840099           1853         0.9952        16192.4          1.625
        9027000       1.840302           1854         0.9952        16195.8          1.674
        9028000       1.840530           1854         0.9952        16199.1          1.624
        9029000       1.840733           1854         0.9952        16201.9          1.674
        9030000       1.840899           1855         0.9952        16205.5          1.641
        9031000       1.841091           1855         0.9952        16209.0          1.667
        9032000       1.841320           1855         0.9952        16211.6          1.623
        9033000       1.841487           1855         0.9952        16214.6          1.557
        9034000       1.841676           1855         0.9952        16217.0          1.597
        9035000       1.841878           1855         0.9952        16219.7          1.494
        9036000       1.842053           1856         0.9952        16223.4          1.492
        9037000       1.842256           1857         0.9952        16226.6          1.577
        9038000       1.842425           1857         0.9952        16228.8          1.521
        9039000       1.842603           1857         0.9952        16231.9          1.545
        9040000       1.842775           1858         0.9952        16234.6          1.571
        9041000       1.843000           1858         0.9952        16237.9          1.590
        9042000       1.843216           1858         0.9952        16240.5          1.588
        9043000       1.843416           1858         0.9952        16244.1          1.578
        9044000       1.843611           1858         0.9952        16247.5          1.656
        9045000       1.843778           1858         0.9952        16250.0          1.548
        9046000       1.843981           1858         0.9952        16252.8          1.545
        9047000       1.844169           1858         0.9952        16256.5          1.579
        9048000       1.844343           1858         0.9952        16258.9          1.576
        9049000       1.844570           1858         0.9952        16262.4          1.589
        9050000       1.844782           1858         0.9952        16265.2          1.593
        9051000       1.845035           1858         0.9952        16268.2          1.574
        9052000       1.845250           1859         0.9952        16270.3          1.595
        9053000       1.845475           1859         0.9952        16273.2          1.565
        9054000       1.845724           1859         0.9952        16276.5          1.572
        9055000       1.845933           1859         0.9952        16279.2          1.546
        9056000       1.846105           1859         0.9952        16281.6          1.568
        9057000       1.846281           1859         0.9952        16284.2          1.630
        9058000       1.846486           1859         0.9952        16287.3          1.662
        9059000       1.846726           1859         0.9952        16290.4          1.654
        9060000       1.846845           1859         0.9952        16293.2          1.654
        9061000       1.847084           1859         0.9952        16297.3          1.639
        9062000       1.847318           1860         0.9952        16301.0          1.647
        9063000       1.847523           1860         0.9952        16305.2          1.614
        9064000       1.847772           1861         0.9952        16309.1          1.615
        9065000       1.848012           1862         0.9952        16313.1          1.539
        9066000       1.848189           1862         0.9952        16316.5          1.565
        9067000       1.848447           1862         0.9952        16319.7          1.569
        9068000       1.848647           1862         0.9952        16322.9          1.591
        9069000       1.848898           1862         0.9952        16326.7          1.533
        9070000       1.849077           1862         0.9952        16330.5          1.619
        9071000       1.849261           1862         0.9952        16334.2          1.669
        9072000       1.849510           1863         0.9952        16337.9          1.597
        9073000       1.849744           1863         0.9952        16341.5          1.610
        9074000       1.849914           1863         0.9952        16344.4          1.574
        9075000       1.850149           1863         0.9952        16348.3          1.559
        9076000       1.850343           1863         0.9952        16352.1          1.596
        9077000       1.850518           1863         0.9952        16355.3          1.560
        9078000       1.850695           1863         0.9952        16359.4          1.573
        9079000       1.850908           1863         0.9952        16362.6          1.607
        9080000       1.851092           1863         0.9952        16365.7          1.612
        9081000       1.851291           1863         0.9952        16370.8          1.618
        9082000       1.851480           1863         0.9952        16373.4          1.626
        9083000       1.851685           1863         0.9952        16377.4          1.560
        9084000       1.851887           1863         0.9952        16380.9          1.547
        9085000       1.852078           1863         0.9952        16384.0          1.562
        9086000       1.852291           1864         0.9952        16387.7          1.583
        9087000       1.852471           1864         0.9952        16390.2          1.588
        9088000       1.852669           1864         0.9952        16392.9          1.641
        9089000       1.852864           1864         0.9952        16395.9          1.588
        9090000       1.853035           1864         0.9952        16398.3          1.600
        9091000       1.853219           1864         0.9952        16401.1          1.598
        9092000       1.853439           1864         0.9952        16404.8          1.605
        9093000       1.853614           1864         0.9952        16407.3          1.561
        9094000       1.853789           1864         0.9952        16410.4          1.528
        9095000       1.854047           1865         0.9952        16414.1          1.593
        9096000       1.854216           1866         0.9952        16417.4          1.581
        9097000       1.854425           1866         0.9952        16420.2          1.599
        9098000       1.854596           1866         0.9952        16423.3          1.593
        9099000       1.854822           1866         0.9952        16427.2          1.584
        9100000       1.855086           1866         0.9952        16430.4          1.592
        9101000       1.855278           1867         0.9952        16432.8          1.554
        9102000       1.855495           1867         0.9952        16436.3          1.597
        9103000       1.855664           1867         0.9952        16440.9          1.661
        9104000       1.855877           1867         0.9952        16443.6          1.539
        9105000       1.856029           1867         0.9952        16447.9          1.531
        9106000       1.856255           1867         0.9952        16450.7          1.528
        9107000       1.856468           1868         0.9952        16454.8          1.591
        9108000       1.856690           1868         0.9952        16459.6          1.595
        9109000       1.856878           1868         0.9952        16463.4          1.600
        9110000       1.857074           1869         0.9952        16466.9          1.581
        9111000       1.857268           1869         0.9952        16470.6          1.603
        9112000       1.857404           1870         0.9952        16474.6          1.580
        9113000       1.857626           1870         0.9952        16479.3          1.600
        9114000       1.857879           1870         0.9952        16484.0          1.597
        9115000       1.858046           1870         0.9952        16487.8          1.553
        9116000       1.858242           1872         0.9952        16491.5          1.606
        9117000       1.858436           1872         0.9952        16494.9          1.546
        9118000       1.858596           1872         0.9952        16498.4          1.568
        9119000       1.858796           1872         0.9952        16501.4          1.565
        9120000       1.859026           1872         0.9952        16504.3          1.526
        9121000       1.859225           1872         0.9952        16507.2          1.505
        9122000       1.859451           1872         0.9952        16510.5          1.539
        9123000       1.859687           1872         0.9952        16513.4          1.568
        9124000       1.859940           1873         0.9952        16516.9          1.541
        9125000       1.860137           1873         0.9952        16519.9          1.557
        9126000       1.860350           1873         0.9952        16522.9          1.534
        9127000       1.860508           1874         0.9952        16527.0          1.483
        9128000       1.860660           1874         0.9952        16530.0          1.479
        9129000       1.860850           1874         0.9952        16533.4          1.470
        9130000       1.861024           1874         0.9952        16536.5          1.481
        9131000       1.861241           1874         0.9952        16540.2          1.452
        9132000       1.861414           1874         0.9952        16543.4          1.478
        9133000       1.861658           1875         0.9952        16547.0          1.478
        9134000       1.861817           1875         0.9952        16550.9          1.442
        9135000       1.861973           1875         0.9952        16553.7          1.415
        9136000       1.862166           1875         0.9952        16556.7          1.449
        9137000       1.862331           1875         0.9952        16559.0          1.392
        9138000       1.862547           1875         0.9952        16561.6          1.507
        9139000       1.862768           1875         0.9952        16564.9          1.438
        9140000       1.862972           1876         0.9952        16567.8          1.409
        9141000       1.863194           1876         0.9952        16570.9          1.536
        9142000       1.863387           1876         0.9952        16573.9          1.471
        9143000       1.863578           1876         0.9952        16576.4          1.511
        9144000       1.863787           1876         0.9952        16579.1          1.534
        9145000       1.864018           1877         0.9952        16581.8          1.574
        9146000       1.864249           1878         0.9952        16584.9          1.522
        9147000       1.864445           1878         0.9952        16588.0          1.565
        9148000       1.864620           1878         0.9952        16590.9          1.529
        9149000       1.864835           1878         0.9952        16594.1          1.605
        9150000       1.865003           1879         0.9952        16597.0          1.588
        9151000       1.865181           1879         0.9952        16599.8          1.575
        9152000       1.865360           1879         0.9952        16602.4          1.545
        9153000       1.865489           1879         0.9952        16604.7          1.537
        9154000       1.865696           1879         0.9952        16608.0          1.514
        9155000       1.865904           1880         0.9952        16611.3          1.475
        9156000       1.866072           1881         0.9952        16614.0          1.457
        9157000       1.866284           1881         0.9952        16617.4          1.439
        9158000       1.866456           1881         0.9952        16619.7          1.416
        9159000       1.866644           1881         0.9952        16623.5          1.421
        9160000       1.866826           1881         0.9952        16625.9          1.410
        9161000       1.867044           1881         0.9952        16628.5          1.404
        9162000       1.867255           1882         0.9952        16630.8          1.464
        9163000       1.867466           1882         0.9952        16633.7          1.494
        9164000       1.867689           1882         0.9952        16636.8          1.532
        9165000       1.867907           1882         0.9952        16639.5          1.527
        9166000       1.868088           1882         0.9952        16642.3          1.511
        9167000       1.868327           1882         0.9952        16645.3          1.520
        9168000       1.868533           1882         0.9952        16648.3          1.521
        9169000       1.868710           1883         0.9952        16650.7          1.497
        9170000       1.868896           1883         0.9952        16653.5          1.476
        9171000       1.869069           1883         0.9952        16656.0          1.426
        9172000       1.869270           1884         0.9952        16658.5          1.568
        9173000       1.869459           1885         0.9952        16661.5          1.635
        9174000       1.869677           1885         0.9952        16664.6          1.628
        9175000       1.869826           1886         0.9952        16667.5          1.639
        9176000       1.870040           1886         0.9952        16670.1          1.623
        9177000       1.870261           1886         0.9952        16673.1          1.572
        9178000       1.870465           1887         0.9952        16676.4          1.530
        9179000       1.870613           1887         0.9952        16679.1          1.546
        9180000       1.870865           1887         0.9952        16681.8          1.492
        9181000       1.871096           1887         0.9952        16684.1          1.447
        9182000       1.871343           1887         0.9952        16686.9          1.421
        9183000       1.871563           1887         0.9952        16690.0          1.427
        9184000       1.871778           1887         0.9952        16692.4          1.358
        9185000       1.871980           1887         0.9952        16695.6          1.450
        9186000       1.872186           1888         0.9952        16698.2          1.429
        9187000       1.872338           1888         0.9952        16701.9          1.524
        9188000       1.872520           1888         0.9952        16704.9          1.474
        9189000       1.872751           1888         0.9952        16707.2          1.412
        9190000       1.872956           1888         0.9952        16710.1          1.534
        9191000       1.873175           1888         0.9952        16713.0          1.442
        9192000       1.873350           1888         0.9952        16715.3          1.476
        9193000       1.873543           1888         0.9952        16718.9          1.469
        9194000       1.873725           1888         0.9952        16721.3          1.455
        9195000       1.873879           1888         0.9952        16723.7          1.471
        9196000       1.874102           1888         0.9952        16726.3          1.461
        9197000       1.874302           1888         0.9952        16728.7          1.408
        9198000       1.874473           1888         0.9952        16731.3          1.389
        9199000       1.874651           1888         0.9952        16734.5          1.515
        9200000       1.874868           1888         0.9952        16737.7          1.492
        9201000       1.875026           1888         0.9952        16740.2          1.537
        9202000       1.875236           1888         0.9952        16742.7          1.543
        9203000       1.875417           1888         0.9952        16746.0          1.533
        9204000       1.875606           1888         0.9952        16750.1          1.516
        9205000       1.875792           1890         0.9952        16752.9          1.516
        9206000       1.876058           1890         0.9952        16755.9          1.578
        9207000       1.876275           1890         0.9952        16758.7          1.552
        9208000       1.876456           1890         0.9952        16761.4          1.584
        9209000       1.876674           1891         0.9952        16764.6          1.530
        9210000       1.876865           1891         0.9952        16768.5          1.527
        9211000       1.877065           1891         0.9952        16771.2          1.565
        9212000       1.877258           1891         0.9952        16774.2          1.554
        9213000       1.877487           1893         0.9952        16777.2          1.532
        9214000       1.877699           1893         0.9952        16780.0          1.550
        9215000       1.877832           1893         0.9952        16782.3          1.500
        9216000       1.878028           1893         0.9952        16784.4          1.462
        9217000       1.878268           1893         0.9952        16787.0          1.426
        9218000       1.878493           1894         0.9952        16789.9          1.402
        9219000       1.878726           1894         0.9952        16792.7          1.380
        9220000       1.878908           1894         0.9952        16795.7          1.382
        9221000       1.879079           1894         0.9952        16798.2          1.404
        9222000       1.879244           1895         0.9952        16801.8          1.403
        9223000       1.879424           1895         0.9952        16804.3          1.381
        9224000       1.879663           1895         0.9952        16808.0          1.477
        9225000       1.879822           1895         0.9952        16810.4          1.513
        9226000       1.880017           1896         0.9952        16813.2          1.417
        9227000       1.880187           1896         0.9952        16816.2          1.341
        9228000       1.880378           1896         0.9952        16818.5          1.370
        9229000       1.880592           1896         0.9952        16820.7          1.390
        9230000       1.880804           1896         0.9952        16823.2          1.337
        9231000       1.880956           1896         0.9952        16825.7          1.358
        9232000       1.881157           1896         0.9952        16828.8          1.383
        9233000       1.881348           1896         0.9952        16831.7          1.433
        9234000       1.881596           1896         0.9952        16834.8          1.458
        9235000       1.881850           1897         0.9952        16838.0          1.500
        9236000       1.882086           1897         0.9951        16841.3          1.594
        9237000       1.882243           1897         0.9951        16844.2          1.498
        9238000       1.882402           1897         0.9951        16846.4          1.507
        9239000       1.882568           1897         0.9951        16850.4          1.514
        9240000       1.882742           1897         0.9951        16853.3          1.526
        9241000       1.882942           1897         0.9951        16856.3          1.484
        9242000       1.883106           1897         0.9951        16859.2          1.454
        9243000       1.883316           1898         0.9951        16862.9          1.475
        9244000       1.883502           1900         0.9951        16866.7          1.502
        9245000       1.883700           1900         0.9951        16869.1          1.503
        9246000       1.883905           1900         0.9951        16872.4          1.559
        9247000       1.884107           1901         0.9951        16875.0          1.559
        9248000       1.884341           1901         0.9951        16877.3          1.491
        9249000       1.884544           1902         0.9951        16879.6          1.496
        9250000       1.884771           1902         0.9951        16883.1          1.468
        9251000       1.885035           1902         0.9951        16885.8          1.477
        9252000       1.885241           1902         0.9951        16889.1          1.497
        9253000       1.885401           1902         0.9951        16892.2          1.541
        9254000       1.885598           1902         0.9951        16896.4          1.516
        9255000       1.885826           1902         0.9951        16899.8          1.518
        9256000       1.886032           1902         0.9951        16902.2          1.584
        9257000       1.886201           1902         0.9951        16905.3          1.592
        9258000       1.886392           1902         0.9951        16908.9          1.555
        9259000       1.886589           1902         0.9951        16913.2          1.566
        9260000       1.886823           1902         0.9951        16916.3          1.485
        9261000       1.887002           1902         0.9951        16919.2          1.625
        9262000       1.887173           1902         0.9951        16922.5          1.613
        9263000       1.887355           1902         0.9951        16925.0          1.596
        9264000       1.887554           1902         0.9951        16929.1          1.474
        9265000       1.887720           1902         0.9951        16933.0          1.481
        9266000       1.887885           1902         0.9951        16935.7          1.462
        9267000       1.888035           1902         0.9951        16938.5          1.524
        9268000       1.888256           1903         0.9951        16941.2          1.532
        9269000       1.888463           1903         0.9951        16943.5          1.502
        9270000       1.888643           1903         0.9951        16946.6          1.464
        9271000       1.888841           1903         0.9951        16949.0          1.458
        9272000       1.889021           1903         0.9951        16952.0          1.462
        9273000       1.889200           1903         0.9951        16954.6          1.474
        9274000       1.889376           1904         0.9951        16957.5          1.467
        9275000       1.889583           1904         0.9951        16960.3          1.446
        9276000       1.889770           1904         0.9951        16963.0          1.386
        9277000       1.889938           1904         0.9951        16966.2          1.388
        9278000       1.890142           1905         0.9951        16968.7          1.346
        9279000       1.890385           1905         0.9951        16971.6          1.371
        9280000       1.890626           1905         0.9951        16974.5          1.326
        9281000       1.890822           1905         0.9951        16977.3          1.359
        9282000       1.891031           1905         0.9951        16980.4          1.388
        9283000       1.891184           1905         0.9951        16983.0          1.418
        9284000       1.891386           1906         0.9951        16985.7          1.474
        9285000       1.891565           1906         0.9951        16989.0          1.433
        9286000       1.891785           1906         0.9951        16992.0          1.362
        9287000       1.891972           1906         0.9951        16994.1          1.572
        9288000       1.892177           1906         0.9951        16997.1          1.529
        9289000       1.892419           1906         0.9951        16999.1          1.534
        9290000       1.892651           1907         0.9951        17002.0          1.541
        9291000       1.892811           1907         0.9951        17005.0          1.548
        9292000       1.893051           1907         0.9951        17008.0          1.499
        9293000       1.893282           1908         0.9951        17011.1          1.550
        9294000       1.893526           1909         0.9951        17015.2          1.486
        9295000       1.893752           1910         0.9951        17017.4          1.461
        9296000       1.893925           1910         0.9951        17020.1          1.472
        9297000       1.894097           1910         0.9951        17022.8          1.463
        9298000       1.894288           1910         0.9951        17026.3          1.483
        9299000       1.894440           1910         0.9951        17030.2          1.472
        9300000       1.894613           1910         0.9951        17033.8          1.519
        9301000       1.894831           1910         0.9951        17036.3          1.606
        9302000       1.895055           1911         0.9951        17039.6          1.646
        9303000       1.895264           1912         0.9951        17042.3          1.651
        9304000       1.895457           1912         0.9951        17044.9          1.652
        9305000       1.895642           1913         0.9951        17047.9          1.538
        9306000       1.895821           1913         0.9951        17051.3          1.515
        9307000       1.896005           1913         0.9951        17054.0          1.614
        9308000       1.896216           1913         0.9951        17057.8          1.559
        9309000       1.896388           1913         0.9951        17062.2          1.565
        9310000       1.896571           1915         0.9951        17065.9          1.603
        9311000       1.896779           1915         0.9951        17069.9          1.561
        9312000       1.896937           1915         0.9951        17075.5          1.580
        9313000       1.897135           1915         0.9951        17079.0          1.574
        9314000       1.897358           1915         0.9951        17082.2          1.603
        9315000       1.897486           1915         0.9951        17084.7          1.583
        9316000       1.897717           1915         0.9951        17088.3          1.574
        9317000       1.897902           1915         0.9951        17091.0          1.562
        9318000       1.898078           1915         0.9951        17094.2          1.540
        9319000       1.898317           1915         0.9951        17097.1          1.521
        9320000       1.898536           1915         0.9951        17100.7          1.573
        9321000       1.898758           1915         0.9951        17104.6          1.576
        9322000       1.898978           1915         0.9951        17108.3          1.533
        9323000       1.899167           1915         0.9951        17113.0          1.591
        9324000       1.899388           1915         0.9951        17116.2          1.513
        9325000       1.899596           1915         0.9951        17119.5          1.533
        9326000       1.899835           1915         0.9951        17122.5          1.553
        9327000       1.900045           1916         0.9951        17125.8          1.529
        9328000       1.900216           1916         0.9951        17130.2          1.558
        9329000       1.900427           1916         0.9951        17134.1          1.600
        9330000       1.900637           1917         0.9951        17138.8          1.551
        9331000       1.900825           1917         0.9951        17142.0          1.604
        9332000       1.901058           1918         0.9951        17146.0          1.624
        9333000       1.901319           1918         0.9951        17150.3          1.571
        9334000       1.901501           1918         0.9951        17152.8          1.593
        9335000       1.901687           1918         0.9951        17156.3          1.593
        9336000       1.901885           1918         0.9951        17159.3          1.559
        9337000       1.902089           1918         0.9951        17162.3          1.588
        9338000       1.902281           1918         0.9951        17166.3          1.603
        9339000       1.902472           1918         0.9951        17170.7          1.592
        9340000       1.902628           1918         0.9951        17174.2          1.589
        9341000       1.902844           1918         0.9951        17177.7          1.640
        9342000       1.903030           1918         0.9951        17181.5          1.590
        9343000       1.903241           1918         0.9951        17184.7          1.537
        9344000       1.903436           1918         0.9951        17188.5          1.533
        9345000       1.903637           1918         0.9951        17191.5          1.561
        9346000       1.903842           1918         0.9951        17194.5          1.540
        9347000       1.904114           1918         0.9951        17198.1          1.653
        9348000       1.904310           1919         0.9951        17201.4          1.646
        9349000       1.904576           1919         0.9951        17204.3          1.581
        9350000       1.904779           1920         0.9951        17208.0          1.538
        9351000       1.904987           1920         0.9951        17210.4          1.602
        9352000       1.905265           1920         0.9951        17214.6          1.541
        9353000       1.905497           1920         0.9951        17217.8          1.599
        9354000       1.905747           1920         0.9951        17220.3          1.541
        9355000       1.905985           1920         0.9951        17223.4          1.559
        9356000       1.906216           1920         0.9951        17226.5          1.550
        9357000       1.906410           1920         0.9951        17229.8          1.562
        9358000       1.906604           1920         0.9951        17232.3          1.597
        9359000       1.906769           1920         0.9951        17235.1          1.587
        9360000       1.906982           1920         0.9951        17238.8          1.625
        9361000       1.907114           1920         0.9951        17241.8          1.612
        9362000       1.907385           1920         0.9951        17244.5          1.608
        9363000       1.907579           1920         0.9951        17247.6          1.612
        9364000       1.907769           1920         0.9951        17251.3          1.596
        9365000       1.908026           1920         0.9951        17255.3          1.580
        9366000       1.908160           1920         0.9951        17258.8          1.640
        9367000       1.908360           1920         0.9951        17261.9          1.672
        9368000       1.908581           1921         0.9951        17265.1          1.858
        9369000       1.908837           1921         0.9951        17269.2          1.585
        9370000       1.909024           1921         0.9951        17273.1          1.578
        9371000       1.909216           1921         0.9951        17276.5          1.471
        9372000       1.909438           1921         0.9951        17279.9          1.580
        9373000       1.909650           1921         0.9951        17283.1          1.563
        9374000       1.909853           1921         0.9951        17286.3          1.487
        9375000       1.910065           1921         0.9951        17290.3          1.491
        9376000       1.910277           1921         0.9951        17293.4          1.498
        9377000       1.910487           1923         0.9951        17296.6          1.498
        9378000       1.910694           1924         0.9951        17299.7          1.494
        9379000       1.910957           1925         0.9951        17303.6          1.606
        9380000       1.911111           1925         0.9951        17306.8          1.556
        9381000       1.911305           1925         0.9951        17309.6          1.543
        9382000       1.911499           1925         0.9951        17312.0          1.500
        9383000       1.911730           1926         0.9951        17315.6          1.475
        9384000       1.911947           1926         0.9951        17318.8          1.502
        9385000       1.912186           1926         0.9951        17322.3          1.506
        9386000       1.912375           1926         0.9951        17325.3          1.611
        9387000       1.912584           1927         0.9951        17328.4          1.638
        9388000       1.912804           1927         0.9951        17332.4          1.570
        9389000       1.912997           1928         0.9951        17334.8          1.504
        9390000       1.913204           1928         0.9951        17338.1          1.524
        9391000       1.913409           1929         0.9951        17341.1          1.477
        9392000       1.913607           1929         0.9951        17343.7          1.516
        9393000       1.913768           1930         0.9951        17347.2          1.495
        9394000       1.913942           1931         0.9951        17351.7          1.455
        9395000       1.914131           1931         0.9951        17355.5          1.505
        9396000       1.914333           1931         0.9951        17359.7          1.507
        9397000       1.914545           1931         0.9951        17363.4          1.514
        9398000       1.914715           1932         0.9951        17366.3          1.536
        9399000       1.914870           1932         0.9951        17371.3          1.541
        9400000       1.915077           1932         0.9951        17375.3          1.567
        9401000       1.915247           1932         0.9951        17378.9          1.534
        9402000       1.915455           1933         0.9951        17383.7          1.580
        9403000       1.915661           1933         0.9951        17386.9          1.524
        9404000       1.915850           1933         0.9951        17390.2          1.636
        9405000       1.916045           1933         0.9951        17394.7          1.576
        9406000       1.916250           1933         0.9951        17400.2          1.556
        9407000       1.916430           1933         0.9951        17404.3          1.565
        9408000       1.916623           1933         0.9951        17408.0          1.571
        9409000       1.916854           1933         0.9951        17411.4          1.628
        9410000       1.917035           1934         0.9951        17415.4          1.556
        9411000       1.917248           1935         0.9951        17419.6          1.603
        9412000       1.917424           1935         0.9951        17422.8          1.528
        9413000       1.917587           1935         0.9951        17426.4          1.516
        9414000       1.917771           1935         0.9951        17430.4          1.500
        9415000       1.917978           1935         0.9951        17433.4          1.536
        9416000       1.918202           1936         0.9951        17436.4          1.511
        9417000       1.918405           1936         0.9951        17439.9          1.525
        9418000       1.918598           1936         0.9951        17444.0          1.575
        9419000       1.918800           1938         0.9951        17446.9          1.519
        9420000       1.918988           1940         0.9951        17450.3          1.568
        9421000       1.919193           1940         0.9951        17453.6          1.532
        9422000       1.919374           1940         0.9951        17456.7          1.513
        9423000       1.919580           1940         0.9951        17460.0          1.541
        9424000       1.919808           1941         0.9951        17463.7          1.604
        9425000       1.920014           1941         0.9951        17467.5          1.551
        9426000       1.920186           1942         0.9951        17469.5          1.568
        9427000       1.920395           1942         0.9951        17472.6          1.463
        9428000       1.920562           1942         0.9951        17475.7          1.465
        9429000       1.920742           1942         0.9951        17478.7          1.450
        9430000       1.920904           1943         0.9951        17481.5          1.433
        9431000       1.921065           1943         0.9951        17485.2          1.467
        9432000       1.921283           1944         0.9951        17489.0          1.430
        9433000       1.921463           1944         0.9951        17491.5          1.468
        9434000       1.921672           1944         0.9951        17494.7          1.491
        9435000       1.921855           1944         0.9951        17498.1          1.461
        9436000       1.922058           1945         0.9951        17502.2          1.517
        9437000       1.922280           1945         0.9951        17505.1          1.482
        9438000       1.922489           1945         0.9951        17508.7          1.428
        9439000       1.922674           1945         0.9951        17511.7          1.471
        9440000       1.922894           1945         0.9951        17514.1          1.522
        9441000       1.923065           1945         0.9951        17517.4          1.484
        9442000       1.923267           1945         0.9951        17521.3          1.522
        9443000       1.923472           1945         0.9951        17524.0          1.593
        9444000       1.923681           1945         0.9951        17527.4          1.672
        9445000       1.923848           1946         0.9951        17531.4          1.587
        9446000       1.924010           1946         0.9951        17535.4          1.584
        9447000       1.924174           1946         0.9951        17538.5          1.568
        9448000       1.924380           1946         0.9951        17542.4          1.541
        9449000       1.924556           1946         0.9951        17545.4          1.556
        9450000       1.924787           1946         0.9951        17549.5          1.558
        9451000       1.924996           1946         0.9951        17553.1          1.510
        9452000       1.925213           1946         0.9951        17556.8          1.481
        9453000       1.925451           1947         0.9951        17560.4          1.480
        9454000       1.925669           1947         0.9951        17564.1          1.535
        9455000       1.925840           1947         0.9951        17567.4          1.514
        9456000       1.926121           1947         0.9951        17570.8          1.504
        9457000       1.926307           1947         0.9951        17574.4          1.525
        9458000       1.926500           1949         0.9951        17577.5          1.510
        9459000       1.926725           1950         0.9951        17580.6          1.593
        9460000       1.926941           1950         0.9951        17584.4          1.484
        9461000       1.927130           1950         0.9951        17587.2          1.582
        9462000       1.927332           1950         0.9951        17591.1          1.583
        9463000       1.927503           1950         0.9951        17594.0          1.502
        9464000       1.927658           1950         0.9951        17598.3          1.475
        9465000       1.927858           1950         0.9951        17602.2          1.514
        9466000       1.928087           1951         0.9951        17604.7          1.565
        9467000       1.928312           1951         0.9951        17607.5          1.575
        9468000       1.928556           1951         0.9951        17610.3          1.597
        9469000       1.928753           1951         0.9951        17614.5          1.653
        9470000       1.928956           1951         0.9951        17618.9          1.624
        9471000       1.929181           1951         0.9951        17622.1          1.620
        9472000       1.929305           1951         0.9951        17626.5          1.635
        9473000       1.929469           1951         0.9951        17629.6          1.670
        9474000       1.929679           1952         0.9951        17632.4          1.643
        9475000       1.929894           1952         0.9951        17636.0          1.706
        9476000       1.930084           1952         0.9951        17639.6          1.723
        9477000       1.930293           1953         0.9951        17642.9          1.699
        9478000       1.930519           1953         0.9951        17646.9          1.600
        9479000       1.930711           1953         0.9951        17649.4          1.578
        9480000       1.930922           1953         0.9951        17652.6          1.582
        9481000       1.931089           1953         0.9951        17656.0          1.546
        9482000       1.931293           1953         0.9951        17659.4          1.517
        9483000       1.931527           1953         0.9951        17662.8          1.621
        9484000       1.931691           1953         0.9951        17666.2          1.619
        9485000       1.931933           1953         0.9951        17670.2          1.604
        9486000       1.932142           1954         0.9951        17673.6          1.630
        9487000       1.932310           1954         0.9951        17677.0          1.701
        9488000       1.932481           1955         0.9951        17679.9          1.660
        9489000       1.932660           1955         0.9951        17683.9          1.718
        9490000       1.932877           1955         0.9951        17687.6          1.720
        9491000       1.933118           1955         0.9951        17690.3          1.735
        9492000       1.933344           1955         0.9951        17693.4          1.715
        9493000       1.933505           1955         0.9951        17697.7          1.691
        9494000       1.933635           1955         0.9951        17700.0          1.676
        9495000       1.933855           1956         0.9951        17703.6          1.579
        9496000       1.934011           1957         0.9951        17706.8          1.546
        9497000       1.934197           1957         0.9951        17709.7          1.583
        9498000       1.934437           1958         0.9951        17712.7          1.594
        9499000       1.934619           1959         0.9951        17716.4          1.512
        9500000       1.934867           1959         0.9951        17720.8          1.503
        9501000       1.935082           1959         0.9951        17724.1          1.514
        9502000       1.935306           1959         0.9951        17727.8          1.564
        9503000       1.935519           1960         0.9951        17730.6          1.534
        9504000       1.935693           1961         0.9951        17734.1          1.581
        9505000       1.935887           1961         0.9951        17737.6          1.563
        9506000       1.936094           1961         0.9951        17741.1          1.553
        9507000       1.936265           1961         0.9951        17745.1          1.634
        9508000       1.936464           1961         0.9951        17749.2          1.636
        9509000       1.936630           1961         0.9951        17752.6          1.589
        9510000       1.936835           1961         0.9951        17756.0          1.537
        9511000       1.937035           1962         0.9951        17760.0          1.595
        9512000       1.937273           1962         0.9951        17764.0          1.598
        9513000       1.937478           1962         0.9951        17767.8          1.651
        9514000       1.937700           1962         0.9951        17771.6          1.622
        9515000       1.937914           1962         0.9951        17775.3          1.702
        9516000       1.938118           1963         0.9951        17778.8          1.573
        9517000       1.938346           1964         0.9951        17782.5          1.559
        9518000       1.938576           1965         0.9951        17786.3          1.601
        9519000       1.938780           1965         0.9951        17789.3          1.569
        9520000       1.938965           1965         0.9951        17793.5          1.501
        9521000       1.939180           1966         0.9951        17796.3          1.583
        9522000       1.939338           1966         0.9951        17799.3          1.515
        9523000       1.939532           1967         0.9951        17802.9          1.610
        9524000       1.939731           1967         0.9951        17806.9          1.467
        9525000       1.939870           1967         0.9951        17809.9          1.420
        9526000       1.940038           1967         0.9951        17813.2          1.458
        9527000       1.940242           1967         0.9951        17817.5          1.406
        9528000       1.940431           1968         0.9951        17821.7          1.463
        9529000       1.940613           1968         0.9950        17826.6          1.386
        9530000       1.940805           1968         0.9950        17829.8          1.398
        9531000       1.941043           1969         0.9950        17833.7          1.448
        9532000       1.941255           1969         0.9950        17837.8          1.416
        9533000       1.941440           1969         0.9950        17842.9          1.436
        9534000       1.941655           1970         0.9950        17846.7          1.481
        9535000       1.941852           1970         0.9950        17849.8          1.481
        9536000       1.942030           1970         0.9950        17854.1          1.496
        9537000       1.942209           1970         0.9950        17858.2          1.542
        9538000       1.942423           1970         0.9950        17862.6          1.524
        9539000       1.942651           1970         0.9950        17867.1          1.519
        9540000       1.942829           1970         0.9950        17870.4          1.512
        9541000       1.943025           1970         0.9950        17874.7          1.548
        9542000       1.943212           1970         0.9950        17879.1          1.582
        9543000       1.943388           1972         0.9950        17883.1          1.581
        9544000       1.943577           1972         0.9950        17886.9          1.594
        9545000       1.943799           1972         0.9950        17890.4          1.554
        9546000       1.943973           1972         0.9950        17893.5          1.564
        9547000       1.944180           1972         0.9950        17897.2          1.574
        9548000       1.944399           1972         0.9950        17901.6          1.534
        9549000       1.944581           1973         0.9950        17905.9          1.552
        9550000       1.944806           1973         0.9950        17911.0          1.558
        9551000       1.944968           1973         0.9950        17913.6          1.560
        9552000       1.945162           1973         0.9950        17917.6          1.606
        9553000       1.945407           1973         0.9950        17921.8          1.559
        9554000       1.945596           1973         0.9950        17926.9          1.568
        9555000       1.945822           1975         0.9950        17931.1          1.578
        9556000       1.946012           1975         0.9950        17935.0          1.649
        9557000       1.946159           1975         0.9950        17939.6          1.661
        9558000       1.946351           1976         0.9950        17943.0          1.644
        9559000       1.946560           1976         0.9950        17947.7          1.610
        9560000       1.946746           1976         0.9950        17953.0          1.647
        9561000       1.946907           1976         0.9950        17956.4          1.619
        9562000       1.947122           1976         0.9950        17960.7          1.596
        9563000       1.947331           1976         0.9950        17964.1          1.678
        9564000       1.947565           1977         0.9950        17968.3          1.662
        9565000       1.947756           1977         0.9950        17972.3          1.633
        9566000       1.947934           1977         0.9950        17976.0          1.642
        9567000       1.948131           1977         0.9950        17979.1          1.633
        9568000       1.948359           1977         0.9950        17983.1          1.695
        9569000       1.948614           1978         0.9950        17987.7          1.576
        9570000       1.948818           1978         0.9950        17992.1          1.649
        9571000       1.948967           1978         0.9950        17996.0          1.667
        9572000       1.949199           1978         0.9950        18002.6          1.676
        9573000       1.949412           1978         0.9950        18007.9          1.694
        9574000       1.949629           1978         0.9950        18012.3          1.708
        9575000       1.949848           1978         0.9950        18017.6          1.707
        9576000       1.950049           1978         0.9950        18021.8          1.694
        9577000       1.950266           1978         0.9950        18026.2          1.670
        9578000       1.950481           1978         0.9950        18031.6          1.736
        9579000       1.950677           1978         0.9950        18035.1          1.723
        9580000       1.950934           1978         0.9950        18039.2          1.699
        9581000       1.951157           1980         0.9950        18043.8          1.681
        9582000       1.951335           1981         0.9950        18047.3          1.672
        9583000       1.951545           1983         0.9950        18051.5          1.626
        9584000       1.951752           1983         0.9950        18055.8          1.662
        9585000       1.951904           1983         0.9950        18060.1          1.689
        9586000       1.952149           1983         0.9950        18062.9          1.672
        9587000       1.952301           1984         0.9950        18065.7          1.666
        9588000       1.952540           1984         0.9950        18069.7          1.703
        9589000       1.952779           1984         0.9950        18073.6          1.674
        9590000       1.952997           1984         0.9950        18079.4          1.677
        9591000       1.953205           1984         0.9950        18084.7          1.615
        9592000       1.953423           1984         0.9950        18088.6          1.669
        9593000       1.953616           1985         0.9950        18093.1          1.669
        9594000       1.953822           1985         0.9950        18095.9          1.707
        9595000       1.954051           1985         0.9950        18100.0          1.682
        9596000       1.954212           1985         0.9950        18104.8          1.679
        9597000       1.954405           1985         0.9950        18110.2          1.650
        9598000       1.954624           1985         0.9950        18116.4          1.728
        9599000       1.954828           1985         0.9950        18120.1          1.678
        9600000       1.955061           1985         0.9950        18124.9          1.690
        9601000       1.955275           1985         0.9950        18131.0          1.651
        9602000       1.955476           1985         0.9950        18135.1          1.591
        9603000       1.955672           1986         0.9950        18139.0          1.607
        9604000       1.955902           1986         0.9950        18142.2          1.609
        9605000       1.956108           1986         0.9950        18147.0          1.600
        9606000       1.956287           1986         0.9950        18150.4          1.550
        9607000       1.956489           1986         0.9950        18153.6          1.561
        9608000       1.956705           1986         0.9950        18157.2          1.532
        9609000       1.956911           1986         0.9950        18160.1          1.568
        9610000       1.957146           1986         0.9950        18162.9          1.637
        9611000       1.957326           1987         0.9950        18167.9          1.600
        9612000       1.957545           1987         0.9950        18171.1          1.561
        9613000       1.957722           1987         0.9950        18175.7          1.585
        9614000       1.957908           1987         0.9950        18179.4          1.606
        9615000       1.958100           1987         0.9950        18185.6          1.560
        9616000       1.958336           1987         0.9950        18189.0          1.584
        9617000       1.958553           1987         0.9950        18193.6          1.581
        9618000       1.958753           1987         0.9950        18197.6          1.603
        9619000       1.958985           1988         0.9950        18201.7          1.617
        9620000       1.959174           1989         0.9950        18205.7          1.630
        9621000       1.959380           1989         0.9950        18211.5          1.611
        9622000       1.959598           1990         0.9950        18215.7          1.732
        9623000       1.959805           1990         0.9950        18219.7          1.657
        9624000       1.960029           1991         0.9950        18224.3          1.628
        9625000       1.960212           1991         0.9950        18228.7          1.676
        9626000       1.960378           1991         0.9950        18233.4          1.668
        9627000       1.960606           1991         0.9950        18238.1          1.623
        9628000       1.960804           1991         0.9950        18242.6          1.589
        9629000       1.960989           1991         0.9950        18246.1          1.660
        9630000       1.961170           1991         0.9950        18250.1          1.676
        9631000       1.961357           1991         0.9950        18255.5          1.667
        9632000       1.961556           1991         0.9950        18259.6          1.622
        9633000       1.961754           1991         0.9950        18264.1          1.628
        9634000       1.962020           1991         0.9950        18269.6          1.632
        9635000       1.962227           1991         0.9950        18273.9          1.624
        9636000       1.962448           1992         0.9950        18278.9          1.665
        9637000       1.962683           1993         0.9950        18284.4          1.728
        9638000       1.962877           1993         0.9950        18290.8          1.724
        9639000       1.963136           1994         0.9950        18296.1          1.735
        9640000       1.963355           1995         0.9950        18300.3          1.713
        9641000       1.963585           1995         0.9950        18304.5          1.710
        9642000       1.963804           1995         0.9950        18308.4          1.676
        9643000       1.964004           1995         0.9950        18312.6          1.595
        9644000       1.964228           1995         0.9950        18316.8          1.666
        9645000       1.964413           1995         0.9950        18320.5          1.646
        9646000       1.964612           1995         0.9950        18324.8          1.652
        9647000       1.964814           1995         0.9950        18328.7          1.591
        9648000       1.964999           1995         0.9950        18332.6          1.611
        9649000       1.965190           1995         0.9950        18336.8          1.564
        9650000       1.965379           1995         0.9950        18340.9          1.551
        9651000       1.965609           1995         0.9950        18345.0          1.627
        9652000       1.965791           1995         0.9950        18349.0          1.594
        9653000       1.966013           1995         0.9950        18353.3          1.669
        9654000       1.966229           1996         0.9950        18357.6          1.622
        9655000       1.966497           1996         0.9950        18361.3          1.631
        9656000       1.966700           1996         0.9950        18365.5          1.598
        9657000       1.966899           1996         0.9950        18369.5          1.621
        9658000       1.967157           1996         0.9950        18373.8          1.586
        9659000       1.967336           1996         0.9950        18378.4          1.568
        9660000       1.967563           1996         0.9950        18381.9          1.601
        9661000       1.967707           1996         0.9950        18385.3          1.617
        9662000       1.967892           1996         0.9950        18390.5          1.709
        9663000       1.968121           1996         0.9950        18394.5          1.627
        9664000       1.968313           1996         0.9950        18399.2          1.620
        9665000       1.968505           1996         0.9950        18403.8          1.622
        9666000       1.968733           1996         0.9950        18407.9          1.632
        9667000       1.968911           1996         0.9950        18411.4          1.621
        9668000       1.969158           1996         0.9950        18417.3          1.574
        9669000       1.969371           1997         0.9950        18423.0          1.611
        9670000       1.969579           1998         0.9950        18427.5          1.597
        9671000       1.969764           1999         0.9950        18431.4          1.549
        9672000       1.970004           1999         0.9950        18435.1          1.591
        9673000       1.970204           1999         0.9950        18439.6          1.639
        9674000       1.970411           1999         0.9950        18443.8          1.653
        9675000       1.970611           1999         0.9950        18448.4          1.693
        9676000       1.970858           1999         0.9950        18452.3          1.690
        9677000       1.971053           1999         0.9950        18457.1          1.681
        9678000       1.971278           2000         0.9950        18461.2          1.633
        9679000       1.971530           2001         0.9950        18464.4          1.702
        9680000       1.971786           2001         0.9950        18469.5          1.718
        9681000       1.971985           2001         0.9950        18474.2          1.720
        9682000       1.972177           2001         0.9950        18478.6          1.651
        9683000       1.972386           2002         0.9950        18482.5          1.689
        9684000       1.972550           2002         0.9950        18486.9          1.695
        9685000       1.972717           2003         0.9950        18492.3          1.626
        9686000       1.972969           2003         0.9950        18496.9          1.622
        9687000       1.973195           2003         0.9950        18501.6          1.536
        9688000       1.973369           2004         0.9950        18504.9          1.531
        9689000       1.973574           2005         0.9950        18509.5          1.563
        9690000       1.973788           2005         0.9950        18514.7          1.515
        9691000       1.973995           2006         0.9950        18518.3          1.528
        9692000       1.974193           2006         0.9950        18522.8          1.590
        9693000       1.974402           2006         0.9950        18526.1          1.564
        9694000       1.974626           2006         0.9950        18530.9          1.583
        9695000       1.974832           2006         0.9950        18536.5          1.595
        9696000       1.975075           2006         0.9950        18541.5          1.632
        9697000       1.975282           2006         0.9950        18547.1          1.653
        9698000       1.975456           2006         0.9950        18552.3          1.688
        9699000       1.975678           2006         0.9950        18558.0          1.706
        9700000       1.975902           2006         0.9950        18562.8          1.696
        9701000       1.976126           2006         0.9950        18567.1          1.685
        9702000       1.976342           2006         0.9950        18571.8          1.692
        9703000       1.976556           2006         0.9950        18576.4          1.656
        9704000       1.976730           2006         0.9950        18580.0          1.620
        9705000       1.976926           2006         0.9950        18585.1          1.688
        9706000       1.977140           2006         0.9950        18591.9          1.712
        9707000       1.977334           2006         0.9950        18597.3          1.705
        9708000       1.977540           2006         0.9950        18602.4          1.695
        9709000       1.977736           2006         0.9950        18606.6          1.697
        9710000       1.977975           2006         0.9950        18611.8          1.655
        9711000       1.978188           2006         0.9950        18616.9          1.688
        9712000       1.978359           2006         0.9950        18620.3          1.686
        9713000       1.978569           2006         0.9950        18625.4          1.692
        9714000       1.978744           2006         0.9950        18629.8          1.697
        9715000       1.978929           2006         0.9950        18633.7          1.678
        9716000       1.979119           2007         0.9950        18638.8          1.670
        9717000       1.979323           2007         0.9950        18644.9          1.702
        9718000       1.979520           2007         0.9950        18649.8          1.761
        9719000       1.979728           2007         0.9950        18654.9          1.683
        9720000       1.979925           2007         0.9950        18659.9          1.683
        9721000       1.980152           2007         0.9950        18665.7          1.693
        9722000       1.980361           2008         0.9950        18670.2          1.616
        9723000       1.980550           2008         0.9950        18674.1          1.589
        9724000       1.980769           2008         0.9950        18679.2          1.568
        9725000       1.980952           2009         0.9950        18682.8          1.528
        9726000       1.981185           2010         0.9950        18686.3          1.619
        9727000       1.981401           2010         0.9950        18689.3          1.569
        9728000       1.981610           2010         0.9950        18692.7          1.557
        9729000       1.981831           2011         0.9950        18696.6          1.573
        9730000       1.981992           2011         0.9950        18700.0          1.564
        9731000       1.982177           2012         0.9950        18703.6          1.694
        9732000       1.982365           2012         0.9950        18707.2          1.656
        9733000       1.982613           2013         0.9950        18711.1          1.578
        9734000       1.982792           2013         0.9950        18715.8          1.608
        9735000       1.983038           2013         0.9950        18719.2          1.635
        9736000       1.983225           2014         0.9950        18722.8          1.578
        9737000       1.983451           2014         0.9950        18726.1          1.610
        9738000       1.983667           2014         0.9950        18730.4          1.598
        9739000       1.983854           2014         0.9950        18733.5          1.593
        9740000       1.984057           2014         0.9950        18736.8          1.563
        9741000       1.984259           2014         0.9950        18740.4          1.577
        9742000       1.984482           2015         0.9950        18743.7          1.655
        9743000       1.984705           2015         0.9950        18748.0          1.651
        9744000       1.984916           2015         0.9950        18751.2          1.658
        9745000       1.985099           2015         0.9950        18754.4          1.652
        9746000       1.985334           2015         0.9950        18757.7          1.691
        9747000       1.985557           2015         0.9950        18761.4          1.672
        9748000       1.985757           2015         0.9950        18765.4          1.670
        9749000       1.985924           2015         0.9950        18768.4          1.681
        9750000       1.986088           2016         0.9950        18772.8          1.670
        9751000       1.986297           2016         0.9950        18777.0          1.678
        9752000       1.986515           2016         0.9950        18780.5          1.676
        9753000       1.986712           2016         0.9950        18783.9          1.663
        9754000       1.986915           2016         0.9950        18788.2          1.668
        9755000       1.987153           2016         0.9950        18792.3          1.680
        9756000       1.987384           2016         0.9950        18796.6          1.691
        9757000       1.987558           2016         0.9950        18800.2          1.669
        9758000       1.987785           2016         0.9950        18804.3          1.624
        9759000       1.987951           2016         0.9950        18807.9          1.755
        9760000       1.988183           2016         0.9950        18811.6          1.671
        9761000       1.988369           2016         0.9950        18815.5          1.645
        9762000       1.988593           2016         0.9950        18819.6          1.609
        9763000       1.988797           2016         0.9950        18824.1          1.629
        9764000       1.989025           2017         0.9950        18827.2          1.619
        9765000       1.989245           2018         0.9950        18830.8          1.629
        9766000       1.989454           2018         0.9950        18834.5          1.537
        9767000       1.989705           2019         0.9950        18837.6          1.549
        9768000       1.989926           2019         0.9950        18841.4          1.529
        9769000       1.990133           2019         0.9950        18845.4          1.553
        9770000       1.990351           2020         0.9950        18849.0          1.646
        9771000       1.990582           2020         0.9950        18852.5          1.639
        9772000       1.990778           2020         0.9950        18856.4          1.570
        9773000       1.990965           2020         0.9950        18859.5          1.551
        9774000       1.991180           2020         0.9950        18862.9          1.540
        9775000       1.991395           2020         0.9950        18866.0          1.538
        9776000       1.991578           2020         0.9950        18869.7          1.520
        9777000       1.991770           2020         0.9950        18874.2          1.601
        9778000       1.992027           2020         0.9950        18877.7          1.571
        9779000       1.992234           2021         0.9950        18880.8          1.567
        9780000       1.992399           2021         0.9950        18884.0          1.616
        9781000       1.992633           2021         0.9950        18887.7          1.671
        9782000       1.992842           2021         0.9950        18891.1          1.713
        9783000       1.993051           2022         0.9950        18895.2          1.682
        9784000       1.993232           2022         0.9950        18899.9          1.685
        9785000       1.993460           2022         0.9950        18904.1          1.657
        9786000       1.993663           2023         0.9950        18907.5          1.654
        9787000       1.993839           2023         0.9950        18910.2          1.582
        9788000       1.994025           2023         0.9950        18913.4          1.553
        9789000       1.994228           2023         0.9950        18916.6          1.611
        9790000       1.994420           2023         0.9950        18920.3          1.615
        9791000       1.994613           2023         0.9950        18923.9          1.640
        9792000       1.994866           2024         0.9950        18927.5          1.669
        9793000       1.995086           2024         0.9950        18931.7          1.721
        9794000       1.995300           2024         0.9950        18936.1          1.675
        9795000       1.995469           2024         0.9950        18939.4          1.611
        9796000       1.995691           2024         0.9950        18944.4          1.632
        9797000       1.995911           2025         0.9950        18947.1          1.615
        9798000       1.996169           2025         0.9950        18950.8          1.602
        9799000       1.996382           2025         0.9950        18955.7          1.649
        9800000       1.996597           2025         0.9950        18959.2          1.652
        9801000       1.996821           2026         0.9950        18962.7          1.634
        9802000       1.997009           2026         0.9950        18966.4          1.767
        9803000       1.997144           2026         0.9950        18970.5          1.639
        9804000       1.997348           2026         0.9950        18974.8          1.647
        9805000       1.997571           2027         0.9950        18978.9          1.684
        9806000       1.997695           2027         0.9950        18981.7          1.690
        9807000       1.997863           2028         0.9950        18985.4          1.673
        9808000       1.998068           2028         0.9950        18989.3          1.674
        9809000       1.998279           2029         0.9950        18993.0          1.621
        9810000       1.998497           2029         0.9950        18996.0          1.618
        9811000       1.998682           2029         0.9950        19000.1          1.571
        9812000       1.998885           2029         0.9950        19004.4          1.570
        9813000       1.999069           2030         0.9950        19008.5          1.557
        9814000       1.999218           2030         0.9950        19012.0          1.532
        9815000       1.999443           2030         0.9950        19015.0          1.610
        9816000       1.999636           2031         0.9950        19018.9          1.578
        9817000       1.999852           2031         0.9950        19022.1          1.532
