KMC 1+1 simulation started

Simulation parameters:
=====================================================
       substrate_lattice_constant [A] = 2.71500
          adatom_lattice_constant [A] = 2.83000
             vertical_lat_spacing [A] = 2.86833
      spring_const_neighbors [eV/A/A] = 2.15025
 spring_const_next_neighbors [eV/A/A] = 1.07513
                     misfit_coeff [A] = 0.04236
                              D [1/s] = 5.19588e+12
                               E [eV] = 0.53000
                     bond_energy [eV] = 0.40000
                               grid_x = 500
                               grid_y = 80
                     substrate_height = 32
           local_relaxation_range_min = 10
           local_relaxation_range_max = 10
                     time_fluence [s] = 8.000
                  simulation_time [s] = 2.000
                      diffusion_range = 8
              deposition_speed [ML/s] = 0.080
                      temperature [K] = 600
=====================================================

           iter       sim_time      new_atoms         pr_acc   real_time[s]        duv_max
           1000       0.001492              2         0.9990            2.9          0.851
           2000       0.002013              2         0.9995            5.7          0.851
           3000       0.002535              2         0.9997            8.2          0.851
           4000       0.003087              3         0.9997           10.7          0.851
           5000       0.004098              5         0.9998           13.4          0.851
           6000       0.006703              7         0.9997           16.0          0.851
           7000       0.007366              7         0.9997           18.5          0.851
           8000       0.008727             10         0.9997           21.1          0.851
           9000       0.010333             10         0.9997           23.4          0.851
          10000       0.011165             10         0.9997           26.2          0.852
          11000       0.011907             11         0.9997           28.6          0.852
          12000       0.014185             11         0.9997           31.2          0.851
          13000       0.016162             14         0.9996           33.7          0.851
          14000       0.018565             17         0.9995           36.3          0.852
          15000       0.019843             21         0.9995           38.8          0.852
          16000       0.020507             23         0.9995           41.4          0.852
          17000       0.022471             28         0.9994           43.9          0.852
          18000       0.027012             30         0.9993           46.4          0.851
          19000       0.030342             32         0.9992           48.9          0.852
          20000       0.033028             36         0.9991           51.6          0.853
          21000       0.034407             37         0.9991           54.2          0.855
          22000       0.036501             38         0.9991           56.8          0.854
          23000       0.039306             40         0.9991           59.4          0.853
          24000       0.041013             42         0.9991           61.8          0.857
          25000       0.043063             43         0.9991           64.5          0.856
          26000       0.044507             45         0.9991           67.2          0.854
          27000       0.047776             51         0.9990           69.7          0.852
          28000       0.050271             53         0.9989           72.1          0.854
          29000       0.052161             57         0.9989           74.7          0.857
          30000       0.055485             60         0.9988           77.4          0.923
          31000       0.058094             63         0.9987           79.9          0.934
          32000       0.059599             65         0.9987           82.5          0.895
          33000       0.062650             66         0.9985           85.0          0.895
          34000       0.064897             70         0.9985           87.5          0.877
          35000       0.067905             71         0.9984           90.2          0.860
          36000       0.071424             78         0.9984           92.7          0.862
          37000       0.074922             83         0.9983           95.3          0.858
          38000       0.078025             89         0.9983           97.8          0.865
          39000       0.082041             93         0.9982          100.3          0.872
          40000       0.085181             96         0.9981          102.9          0.871
          41000       0.088569             97         0.9981          105.4          0.898
          42000       0.091982             98         0.9981          107.8          0.872
          43000       0.096228            101         0.9980          110.4          0.907
          44000       0.100303            102         0.9979          112.9          0.924
          45000       0.104125            107         0.9978          115.5          0.879
          46000       0.107138            110         0.9978          117.9          0.881
          47000       0.110824            112         0.9977          120.4          0.878
          48000       0.113653            115         0.9977          123.0          0.881
          49000       0.116521            117         0.9977          125.7          0.879
          50000       0.120757            122         0.9978          128.2          0.879
          51000       0.123301            123         0.9978          130.8          0.885
          52000       0.127659            129         0.9977          133.4          0.928
          53000       0.131115            129         0.9977          135.9          0.875
          54000       0.134625            131         0.9976          138.3          0.912
          55000       0.137659            132         0.9977          140.9          0.869
          56000       0.141224            137         0.9977          143.4          0.932
          57000       0.144832            138         0.9976          145.9          0.863
          58000       0.147423            138         0.9977          148.4          0.862
          59000       0.151701            142         0.9976          151.0          0.955
          60000       0.154841            143         0.9976          153.4          1.022
          61000       0.158663            144         0.9975          156.0          0.952
          62000       0.163978            148         0.9974          158.6          0.883
          63000       0.166153            149         0.9974          161.2          0.969
          64000       0.169204            152         0.9973          163.7          1.014
          65000       0.173213            153         0.9972          166.3          0.954
          66000       0.175042            155         0.9972          168.7          1.017
          67000       0.178542            159         0.9971          171.3          0.916
          68000       0.182145            166         0.9972          173.9          0.892
          69000       0.185213            171         0.9972          176.4          0.871
          70000       0.188078            171         0.9972          178.9          0.878
          71000       0.191851            173         0.9971          181.4          0.934
          72000       0.195221            174         0.9971          183.8          0.878
          73000       0.197358            175         0.9971          186.5          0.887
          74000       0.200104            179         0.9971          189.0          0.958
          75000       0.202657            182         0.9970          191.7          1.065
          76000       0.207194            190         0.9969          194.1          1.096
          77000       0.211654            195         0.9968          196.6          1.009
          78000       0.213947            199         0.9968          199.2          1.010
          79000       0.217819            204         0.9968          201.7          0.881
          80000       0.220960            207         0.9968          204.1          0.881
          81000       0.223602            211         0.9968          206.7          0.881
          82000       0.226136            213         0.9968          209.2          0.872
          83000       0.228846            217         0.9968          211.8          0.874
          84000       0.232376            223         0.9967          214.2          0.874
          85000       0.234117            225         0.9968          216.8          0.876
          86000       0.236654            230         0.9968          219.3          0.877
          87000       0.240153            234         0.9967          221.8          0.889
          88000       0.244673            238         0.9968          224.3          0.881
          89000       0.247056            242         0.9968          226.8          0.883
          90000       0.248991            245         0.9968          229.4          0.884
          91000       0.252281            250         0.9968          231.9          0.883
          92000       0.254427            252         0.9968          234.4          0.884
          93000       0.256685            253         0.9968          237.0          0.883
          94000       0.258354            254         0.9968          239.5          0.883
          95000       0.260910            256         0.9968          242.2          0.883
          96000       0.262542            257         0.9969          244.6          0.882
          97000       0.266193            260         0.9968          247.3          0.934
          98000       0.268793            265         0.9968          249.8          0.883
          99000       0.272528            268         0.9968          252.4          0.881
         100000       0.275100            270         0.9968          254.9          0.880
         101000       0.278486            277         0.9968          257.5          0.879
         102000       0.281896            279         0.9968          260.0          0.879
         103000       0.283954            283         0.9968          262.6          0.924
         104000       0.287165            287         0.9967          265.0          0.936
         105000       0.290073            289         0.9967          267.7          0.881
         106000       0.292455            292         0.9967          270.2          0.882
         107000       0.296269            295         0.9967          272.7          0.882
         108000       0.299539            299         0.9967          275.1          0.901
         109000       0.303083            300         0.9967          277.6          0.900
         110000       0.305774            304         0.9967          280.3          0.887
         111000       0.308246            304         0.9967          282.8          0.882
         112000       0.311253            312         0.9967          285.3          0.900
         113000       0.314976            316         0.9967          287.9          0.887
         114000       0.317396            320         0.9967          290.5          0.886
         115000       0.321912            323         0.9967          293.1          0.885
         116000       0.325341            326         0.9967          295.6          0.888
         117000       0.328249            330         0.9967          298.1          0.887
         118000       0.332359            332         0.9967          300.9          0.888
         119000       0.336112            340         0.9967          304.3          0.888
         120000       0.338894            345         0.9967          307.0          0.895
         121000       0.340341            346         0.9968          309.5          0.892
         122000       0.344300            350         0.9967          312.1          0.892
         123000       0.346953            353         0.9967          314.9          0.885
         124000       0.349919            359         0.9967          317.6          0.889
         125000       0.352653            361         0.9968          320.2          0.889
         126000       0.356166            365         0.9967          322.6          0.890
         127000       0.358264            370         0.9967          325.1          0.889
         128000       0.361537            375         0.9967          327.7          0.890
         129000       0.364463            379         0.9967          330.2          0.888
         130000       0.367836            379         0.9967          332.6          0.889
         131000       0.371157            379         0.9967          335.1          0.893
         132000       0.374894            386         0.9967          337.7          0.891
         133000       0.379252            390         0.9966          340.3          0.891
         134000       0.381773            393         0.9966          342.8          0.892
         135000       0.384218            394         0.9966          345.3          0.904
         136000       0.387542            396         0.9966          347.8          0.899
         137000       0.390399            397         0.9966          350.4          0.890
         138000       0.393893            399         0.9966          352.9          0.897
         139000       0.397540            400         0.9966          355.4          0.895
         140000       0.401026            407         0.9966          358.0          0.892
         141000       0.403885            410         0.9966          360.5          0.890
         142000       0.407067            416         0.9965          363.0          0.890
         143000       0.409801            418         0.9965          365.6          0.891
         144000       0.412708            420         0.9965          368.2          0.895
         145000       0.416982            425         0.9964          370.8          0.894
         146000       0.419902            433         0.9964          373.2          0.887
         147000       0.423194            436         0.9964          375.8          0.888
         148000       0.425988            439         0.9963          378.3          0.886
         149000       0.428916            440         0.9961          380.9          0.940
         150000       0.431747            444         0.9959          383.3          0.890
         151000       0.435292            450         0.9958          385.8          0.889
         152000       0.438148            453         0.9958          388.4          0.891
         153000       0.442695            453         0.9958          390.9          0.903
         154000       0.445452            455         0.9957          393.5          0.902
         155000       0.449314            460         0.9957          396.0          0.900
         156000       0.451712            464         0.9957          398.4          0.904
         157000       0.455934            466         0.9955          401.0          0.906
         158000       0.458734            467         0.9955          403.6          0.935
         159000       0.461623            470         0.9954          406.1          0.948
         160000       0.465051            475         0.9951          408.6          0.915
         161000       0.466854            481         0.9950          411.1          0.912
         162000       0.471048            486         0.9948          413.6          0.957
         163000       0.474850            489         0.9945          416.2          0.917
         164000       0.477601            491         0.9943          418.6          0.958
         165000       0.479183            493         0.9942          421.2          1.038
         166000       0.482075            495         0.9938          423.7          0.913
         167000       0.485645            500         0.9935          426.3          0.944
         168000       0.488290            504         0.9935          428.8          0.908
         169000       0.491039            507         0.9935          431.4          1.073
         170000       0.494069            509         0.9926          433.9          1.211
         171000       0.496278            511         0.9906          436.2          1.193
         172000       0.498816            513         0.9902          438.7          1.327
         173000       0.501010            515         0.9881          442.1          1.275
         174000       0.503298            517         0.9863          447.1          1.302
         175000       0.503902            518         0.9824          451.5          1.343
         176000       0.507474            520         0.9825          456.5          1.291
         177000       0.511751            525         0.9821          462.3          1.310
         178000       0.513005            527         0.9798          466.8          1.187
         179000       0.515702            531         0.9785          471.4          1.209
         180000       0.517728            533         0.9784          475.0          1.179
         181000       0.522262            536         0.9783          478.5          1.167
         182000       0.524826            541         0.9780          481.7          1.189
         183000       0.527874            544         0.9776          485.0          1.260
         184000       0.529203            544         0.9734          487.7          1.355
         185000       0.531682            548         0.9711          490.7          1.316
         186000       0.534868            556         0.9713          494.2          1.384
         187000       0.536610            561         0.9686          496.9          1.320
         188000       0.539063            564         0.9684          500.3          1.277
         189000       0.542852            569         0.9685          503.9          1.336
         190000       0.545506            571         0.9676          507.4          1.322
         191000       0.547196            574         0.9648          510.6          1.397
         192000       0.548306            575         0.9614          513.4          1.361
         193000       0.550911            580         0.9616          517.1          1.388
         194000       0.553225            580         0.9609          519.9          1.351
         195000       0.555375            582         0.9587          522.5          1.367
         196000       0.557834            588         0.9589          524.9          1.355
         197000       0.559488            589         0.9582          527.1          1.294
         198000       0.560848            591         0.9562          529.2          1.287
         199000       0.563597            592         0.9563          531.8          1.394
         200000       0.565892            597         0.9552          533.9          1.343
         201000       0.567807            599         0.9539          536.1          1.272
         202000       0.570709            602         0.9541          538.3          1.355
         203000       0.572160            603         0.9524          540.5          1.421
         204000       0.575441            605         0.9526          542.9          1.427
         205000       0.577743            609         0.9528          545.6          1.409
         206000       0.581476            612         0.9530          548.2          1.430
         207000       0.584206            613         0.9532          550.7          1.411
         208000       0.588473            620         0.9534          553.3          1.353
         209000       0.590225            622         0.9536          555.8          1.431
         210000       0.594066            626         0.9538          558.0          1.438
         211000       0.596701            628         0.9540          560.6          1.429
         212000       0.601050            630         0.9541          563.8          1.421
         213000       0.604153            633         0.9535          566.2          1.363
         214000       0.604909            634         0.9510          568.1          1.270
         215000       0.607452            638         0.9497          570.3          1.402
         216000       0.610142            642         0.9500          572.7          1.415
         217000       0.612791            643         0.9494          575.1          1.512
         218000       0.615106            645         0.9496          577.4          1.424
         219000       0.618306            645         0.9498          579.7          1.439
         220000       0.620916            646         0.9500          582.3          1.386
         221000       0.624615            650         0.9501          585.1          1.447
         222000       0.628054            657         0.9503          587.8          1.496
         223000       0.630831            659         0.9505          590.0          1.478
         224000       0.634539            661         0.9507          592.5          1.343
         225000       0.636564            663         0.9504          594.7          1.359
         226000       0.640316            667         0.9506          597.0          1.318
         227000       0.641646            667         0.9481          598.8          1.318
         228000       0.645701            672         0.9483          601.3          1.413
         229000       0.648626            673         0.9485          603.5          1.363
         230000       0.652705            679         0.9486          606.1          1.451
         231000       0.656716            684         0.9488          608.9          1.406
         232000       0.660027            686         0.9490          611.3          1.412
         233000       0.663055            689         0.9491          614.1          1.475
         234000       0.666797            694         0.9493          617.0          1.501
         235000       0.670563            700         0.9495          619.4          1.585
         236000       0.672758            702         0.9497          621.7          1.462
         237000       0.675127            705         0.9499          624.1          1.481
         238000       0.678777            712         0.9500          626.8          1.392
         239000       0.681176            714         0.9502          629.2          1.445
         240000       0.684029            716         0.9504          632.0          1.542
         241000       0.687222            720         0.9506          634.6          1.491
         242000       0.690585            721         0.9507          638.1          1.627
         243000       0.693845            721         0.9509          640.5          1.575
         244000       0.697371            727         0.9511          643.0          1.536
         245000       0.699989            730         0.9513          645.4          1.521
         246000       0.703128            735         0.9514          647.8          1.499
         247000       0.706206            737         0.9516          650.1          1.523
         248000       0.709254            742         0.9518          652.4          1.513
         249000       0.711699            744         0.9519          654.7          1.568
         250000       0.714550            746         0.9521          657.4          1.466
         251000       0.717402            750         0.9523          660.0          1.451
         252000       0.720130            753         0.9523          662.4          1.368
         253000       0.722188            757         0.9524          664.7          1.500
         254000       0.724654            760         0.9526          667.1          1.474
         255000       0.726923            761         0.9526          669.5          1.536
         256000       0.730571            770         0.9527          672.2          1.520
         257000       0.733813            771         0.9529          674.7          1.426
         258000       0.737409            777         0.9530          677.5          1.523
         259000       0.740119            782         0.9532          679.8          1.550
         260000       0.744036            783         0.9533          682.7          1.581
         261000       0.747486            787         0.9534          685.5          1.577
         262000       0.751283            789         0.9536          688.6          1.489
         263000       0.753967            798         0.9538          691.1          1.480
         264000       0.757155            799         0.9539          693.7          1.506
         265000       0.760005            803         0.9541          696.5          1.461
         266000       0.763110            806         0.9542          699.1          1.604
         267000       0.765453            809         0.9544          701.7          1.591
         268000       0.767830            813         0.9545          704.2          1.609
         269000       0.772642            820         0.9547          707.1          1.626
         270000       0.776094            822         0.9548          709.8          1.626
         271000       0.778736            826         0.9550          712.4          1.580
         272000       0.781240            829         0.9551          714.8          1.621
         273000       0.786493            837         0.9552          717.5          1.543
         274000       0.789721            840         0.9554          720.2          1.524
         275000       0.791237            841         0.9555          722.5          1.580
         276000       0.794390            844         0.9557          724.8          1.613
         277000       0.797116            846         0.9558          727.1          1.593
         278000       0.800598            848         0.9559          729.9          1.576
         279000       0.803756            853         0.9561          732.6          1.580
         280000       0.807088            855         0.9562          735.0          1.568
         281000       0.809652            861         0.9560          737.4          1.504
         282000       0.812407            862         0.9562          740.5          1.585
         283000       0.814258            866         0.9562          743.2          1.649
         284000       0.817956            867         0.9563          746.0          1.559
         285000       0.821127            869         0.9565          748.8          1.539
         286000       0.824580            875         0.9566          751.4          1.533
         287000       0.827818            877         0.9567          754.3          1.564
         288000       0.830964            881         0.9568          757.4          1.563
         289000       0.833914            884         0.9562          760.2          1.501
         290000       0.836134            887         0.9553          762.5          1.531
         291000       0.839436            887         0.9554          765.3          1.534
         292000       0.842740            889         0.9555          769.0          1.591
         293000       0.845126            892         0.9557          771.8          1.581
         294000       0.847884            894         0.9558          774.4          1.541
         295000       0.849567            898         0.9559          776.8          1.528
         296000       0.851820            899         0.9548          778.8          1.519
         297000       0.852578            900         0.9526          781.0          1.560
         298000       0.854552            902         0.9513          783.4          1.517
         299000       0.858371            905         0.9514          786.5          1.489
         300000       0.861209            912         0.9515          789.2          1.548
         301000       0.864288            913         0.9516          791.6          1.580
         302000       0.866897            915         0.9517          794.2          1.587
         303000       0.869648            917         0.9519          796.7          1.677
         304000       0.873220            918         0.9520          799.7          1.582
         305000       0.876247            919         0.9516          802.7          1.514
         306000       0.879033            923         0.9513          805.3          1.585
         307000       0.881985            925         0.9506          809.4          1.614
         308000       0.884775            927         0.9507          811.8          1.601
         309000       0.886804            929         0.9506          814.3          1.596
         310000       0.889799            930         0.9502          816.8          1.624
         311000       0.891772            933         0.9497          820.0          1.625
         312000       0.894945            935         0.9491          822.4          1.686
         313000       0.896516            935         0.9482          824.9          1.684
         314000       0.898620            938         0.9467          827.2          1.497
         315000       0.901044            940         0.9461          829.6          1.476
         316000       0.903286            945         0.9458          832.2          1.518
         317000       0.905101            945         0.9436          840.7          1.558
         318000       0.905481            946         0.9410          842.5          1.559
         319000       0.908141            953         0.9408          845.1          1.614
         320000       0.910797            958         0.9405          847.3          1.611
         321000       0.911472            958         0.9383          860.2          1.681
         322000       0.912009            958         0.9358          862.3          1.767
         323000       0.912692            958         0.9337          864.2          1.769
         324000       0.913267            958         0.9323          866.4          1.778
         325000       0.913565            958         0.9299          868.3          1.745
         326000       0.914569            959         0.9275          870.7          1.774
         327000       0.915100            961         0.9252          872.5          1.771
         328000       0.915637            961         0.9227          874.3          1.739
         329000       0.916220            962         0.9205          876.6          1.778
         330000       0.916744            962         0.9182          878.4          1.778
         331000       0.917304            962         0.9159          880.3          1.776
         332000       0.917858            963         0.9134          882.1          1.776
         333000       0.918131            963         0.9109          883.8          1.779
         334000       0.918381            965         0.9084          885.4          1.779
         335000       0.918813            966         0.9066          887.9          1.875
         336000       0.919316            966         0.9045          889.8          1.782
         337000       0.919729            966         0.9021          892.0          1.780
         338000       0.920141            966         0.8996          893.6          1.781
         339000       0.920531            966         0.8974          895.3          1.780
         340000       0.921011            966         0.8955          897.2          1.777
         341000       0.921994            966         0.8943          904.1          1.793
         342000       0.922096            966         0.8918          905.8          1.792
         343000       0.922199            966         0.8894          907.6          1.792
         344000       0.922468            966         0.8872          933.2          1.979
         345000       0.922573            966         0.8846          934.9          1.794
         346000       0.922674            966         0.8821          936.7          1.794
         347000       0.922830            966         0.8796          947.8          1.794
         348000       0.922930            966         0.8772          949.3          1.794
         349000       0.923031            966         0.8747          950.9          1.787
         350000       0.923130            966         0.8723          952.6          1.792
         351000       0.923227            966         0.8701          954.2          1.793
         352000       0.923330            966         0.8676          955.8          1.793
         353000       0.923433            966         0.8652          957.4          1.793
         354000       0.923536            966         0.8628          958.9          1.793
         355000       0.923634            966         0.8606          960.6          1.793
         356000       0.923739            966         0.8582          962.2          1.793
         357000       0.923840            966         0.8559          963.7          1.793
         358000       0.923934            966         0.8538          965.4          1.794
         359000       0.924035            967         0.8515          967.1          1.793
         360000       0.924483            967         0.8498          969.2          1.977
         361000       0.924564            967         0.8475          970.9          1.813
         362000       0.924663            967         0.8453          972.5          1.795
         363000       0.924768            967         0.8430          974.1          1.794
         364000       0.924874            967         0.8407          975.7          1.794
         365000       0.924980            967         0.8383          977.3          1.794
         366000       0.925083            967         0.8362          978.9          1.794
         367000       0.925186            969         0.8339          980.5          1.793
         368000       0.925292            969         0.8317          982.1          1.794
         369000       0.925398            969         0.8294          983.6          1.794
         370000       0.925497            969         0.8272          985.3          1.804
         371000       0.925595            969         0.8250          986.8          1.804
         372000       0.925688            970         0.8229          988.4          1.804
         373000       0.925787            970         0.8207          990.0          1.804
         374000       0.925886            970         0.8185          991.6          1.804
         375000       0.925981            970         0.8164          993.4          1.804
         376000       0.926076            970         0.8144          995.1          1.799
         377000       0.926166            970         0.8124          996.7          1.800
         378000       0.926262            970         0.8103          998.3          1.800
         379000       0.926360            970         0.8082          999.8          1.800
         380000       0.926457            970         0.8061         1001.4          1.800
         381000       0.926548            971         0.8041         1003.0          1.800
         382000       0.926631            973         0.8024         1004.9          1.801
         383000       0.926728            973         0.8003         1006.5          1.801
         384000       0.926824            973         0.7982         1008.1          1.802
         385000       0.926914            973         0.7963         1009.8          1.802
         386000       0.927007            973         0.7943         1011.4          1.802
         387000       0.927097            973         0.7924         1013.2          1.803
         388000       0.927468            974         0.7909         1047.5          1.990
         389000       0.927479            975         0.7889         1049.2          1.950
         390000       0.927571            975         0.7870         1050.9          1.802
         391000       0.927662            975         0.7850         1052.5          1.801
         392000       0.927755            975         0.7831         1054.1          1.802
         393000       0.927847            975         0.7812         1056.0          1.803
         394000       0.927940            975         0.7792         1057.6          1.803
         395000       0.928029            975         0.7774         1059.2          1.803
         396000       0.928115            975         0.7757         1060.8          1.802
         397000       0.928207            975         0.7738         1062.4          1.803
         398000       0.928294            975         0.7720         1064.1          1.795
         399000       0.928385            975         0.7701         1065.7          1.795
         400000       0.928573            975         0.7683         1067.6          1.794
         401000       0.928669            975         0.7664         1069.2          1.794
         402000       0.928764            975         0.7645         1070.7          1.793
         403000       0.928857            975         0.7627         1072.4          1.766
         404000       0.928951            975         0.7609         1073.9          1.769
         405000       0.929046            975         0.7590         1075.5          1.769
         406000       0.929140            975         0.7572         1077.1          1.769
         407000       0.929228            975         0.7555         1078.7          1.769
         408000       0.929787            976         0.7540         1081.3          1.772
         409000       0.929957            977         0.7522         1083.1          1.804
         410000       0.930277            977         0.7506         1084.8          1.770
         411000       0.930368            977         0.7488         1086.9          1.806
         412000       0.930651            978         0.7474         1089.5          1.647
         413000       0.931605            980         0.7460         1093.1          1.809
         414000       0.931702            981         0.7442         1094.7          1.810
         415000       0.931799            981         0.7424         1096.3          1.810
         416000       0.931895            981         0.7407         1097.9          1.811
         417000       0.931991            981         0.7389         1099.5          1.811
         418000       0.932087            981         0.7371         1101.0          1.811
         419000       0.932181            981         0.7354         1102.6          1.812
         420000       0.932358            981         0.7340         1104.5          1.811
         421000       0.932451            981         0.7324         1106.2          1.811
         422000       0.932551            981         0.7307         1107.9          1.811
         423000       0.932652            981         0.7290         1109.4          1.811
         424000       0.932725            981         0.7274         1111.1          1.997
         425000       0.932968            981         0.7259         1113.0          1.813
         426000       0.933060            982         0.7244         1114.7          1.813
         427000       0.933184            983         0.7228         1116.7          1.813
         428000       0.933275            983         0.7213         1118.4          1.813
         429000       0.933368            984         0.7198         1120.0          1.813
         430000       0.933459            985         0.7183         1121.6          1.813
         431000       0.933548            985         0.7169         1123.3          1.813
         432000       0.933646            985         0.7153         1124.9          1.813
         433000       0.933745            985         0.7136         1126.4          1.813
         434000       0.933848            985         0.7120         1128.2          1.812
         435000       0.933956            986         0.7105         1129.8          1.812
         436000       0.934064            986         0.7090         1131.4          1.813
         437000       0.934177            986         0.7073         1132.9          1.813
         438000       0.934289            986         0.7057         1134.5          1.813
         439000       0.934393            986         0.7043         1136.2          1.814
         440000       0.934502            986         0.7027         1137.8          1.814
         441000       0.935115            987         0.7014         1140.0          1.795
         442000       0.935214            988         0.6998         1141.6          1.813
         443000       0.935313            988         0.6983         1143.2          1.813
         444000       0.935413            988         0.6967         1144.8          1.813
         445000       0.935512            988         0.6952         1146.3          1.813
         446000       0.935612            988         0.6936         1147.9          1.813
         447000       0.935712            988         0.6920         1149.5          1.813
         448000       0.935812            988         0.6905         1151.0          1.813
         449000       0.935911            988         0.6890         1152.7          1.813
         450000       0.936011            988         0.6874         1154.3          1.813
         451000       0.936116            988         0.6859         1155.9          1.814
         452000       0.936218            988         0.6845         1157.7          1.816
         453000       0.936312            988         0.6832         1159.3          1.816
         454000       0.936417            988         0.6817         1160.9          1.816
         455000       0.936607            988         0.6804         1163.5          1.813
         456000       0.936714            988         0.6789         1165.1          1.814
         457000       0.936821            989         0.6774         1166.7          1.815
         458000       0.936927            989         0.6759         1168.2          1.815
         459000       0.937033            989         0.6745         1169.8          1.814
         460000       0.937137            989         0.6731         1171.4          1.814
         461000       0.937242            989         0.6717         1173.0          1.814
         462000       0.937342            989         0.6704         1174.8          1.813
         463000       0.937728            989         0.6692         1176.6          1.814
         464000       0.938610            990         0.6682         1178.5          1.975
         465000       0.938683            991         0.6669         1180.3          1.953
         466000       0.938960            991         0.6658         1182.4          1.815
         467000       0.939047            991         0.6645         1184.2          1.773
         468000       0.939136            991         0.6631         1185.8          1.773
         469000       0.939227            991         0.6617         1187.4          1.809
         470000       0.939675            991         0.6606         1189.7          1.918
         471000       0.939767            991         0.6592         1191.3          1.776
         472000       0.939861            991         0.6578         1192.9          1.776
         473000       0.939953            991         0.6565         1194.5          1.776
         474000       0.941212            993         0.6563         1197.6          2.073
         475000       0.941317            993         0.6549         1199.3          2.006
         476000       0.941459            993         0.6536         1201.0          1.823
         477000       0.941597            994         0.6522         1202.5          1.823
         478000       0.942736            994         0.6516         1205.1          1.809
         479000       0.942983            994         0.6504         1206.9          1.825
         480000       0.943088            994         0.6490         1208.5          1.825
         481000       0.943191            994         0.6478         1210.1          1.825
         482000       0.943359            994         0.6465         1211.8          1.825
         483000       0.943459            995         0.6452         1213.6          1.827
         484000       0.943564            995         0.6439         1215.2          1.825
         485000       0.943668            995         0.6426         1216.8          1.825
         486000       0.943774            995         0.6413         1218.4          1.825
         487000       0.943878            995         0.6400         1220.0          1.825
         488000       0.943977            995         0.6389         1221.7          1.824
         489000       0.944084            995         0.6376         1223.3          1.824
         490000       0.944191            995         0.6363         1224.9          1.824
         491000       0.944481            996         0.6351         1226.5          1.824
         492000       0.944590            996         0.6339         1228.2          1.823
         493000       0.944690            996         0.6328         1229.9          1.823
         494000       0.944801            996         0.6315         1231.7          1.969
         495000       0.944912            997         0.6303         1233.4          1.823
         496000       0.945022            997         0.6290         1234.9          1.823
         497000       0.945131            997         0.6278         1236.5          1.823
         498000       0.946967            998         0.6271         1239.0          2.047
         499000       0.946992            998         0.6258         1240.6          1.915
         500000       0.947029            998         0.6246         1242.2          1.870
         501000       0.947139            998         0.6234         1243.8          1.818
         502000       0.947250            998         0.6222         1245.4          1.818
         503000       0.947367            998         0.6210         1247.0          1.817
         504000       0.947481            999         0.6198         1248.6          1.820
         505000       0.947587            999         0.6186         1250.2          1.820
         506000       0.947695            999         0.6174         1251.8          1.818
         507000       0.947804            999         0.6162         1253.4          1.818
         508000       0.947909           1000         0.6151         1255.2          1.819
         509000       0.948011           1000         0.6140         1256.9          1.819
         510000       0.948546           1000         0.6132         1259.1          2.064
         511000       0.951187           1001         0.6133         1262.5          1.926
         512000       0.952857           1004         0.6129         1265.3          2.085
         513000       0.954534           1006         0.6128         1279.0          2.098
         514000       0.954897           1006         0.6120         1281.0          2.072
         515000       0.954924           1006         0.6108         1282.6          1.942
         516000       0.954952           1006         0.6096         1284.2          1.942
         517000       0.954979           1006         0.6084         1285.7          1.942
         518000       0.955006           1007         0.6073         1287.2          1.942
         519000       0.955551           1007         0.6063         1289.1          2.083
         520000       0.955582           1008         0.6052         1290.7          1.956
         521000       0.955826           1008         0.6041         1292.9          2.095
         522000       0.955860           1008         0.6030         1294.5          1.967
         523000       0.958997           1013         0.6036         1299.7          2.119
         524000       0.960831           1014         0.6034         1302.0          2.142
         525000       0.963028           1014         0.6042         1305.0          2.020
         526000       0.965903           1016         0.6049         1308.0          1.950
         527000       0.968887           1021         0.6055         1311.5          2.093
         528000       0.971409           1024         0.6057         1315.3          2.107
         529000       0.972216           1025         0.6055         1318.2          2.072
         530000       0.973624           1027         0.6053         1320.5          2.136
         531000       0.976455           1028         0.6059         1323.9          2.120
         532000       0.979794           1029         0.6066         1328.5          2.028
         533000       0.982912           1035         0.6073         1331.8          1.997
         534000       0.985761           1038         0.6080         1336.5          2.005
         535000       0.987737           1038         0.6079         1339.9          2.028
         536000       0.989454           1041         0.6077         1342.5          2.015
         537000       0.990114           1041         0.6069         1345.0          1.804
         538000       0.990602           1041         0.6060         1347.2          1.823
         539000       0.990651           1041         0.6050         1348.8          1.718
         540000       0.990935           1041         0.6043         1351.6          1.838
         541000       0.991914           1043         0.6039         1355.1          1.921
         542000       0.992825           1045         0.6033         1357.2          1.828
         543000       0.993058           1046         0.6023         1359.2          1.838
         544000       0.993154           1047         0.6013         1361.0          1.837
         545000       0.993253           1047         0.6003         1362.7          1.841
         546000       0.994492           1048         0.5998         1366.0          2.016
         547000       0.994588           1048         0.5987         1367.7          2.021
         548000       0.994686           1048         0.5977         1369.3          2.038
         549000       0.994785           1048         0.5966         1370.8          2.042
         550000       0.994827           1048         0.5955         1374.8          2.042
         551000       0.994927           1048         0.5945         1376.5          2.042
         552000       0.996192           1052         0.5944         1393.7          2.046
         553000       0.997012           1053         0.5941         1397.0          2.010
         554000       0.998260           1054         0.5935         1399.7          2.059
         555000       1.001335           1057         0.5943         1403.1          2.058
         556000       1.003975           1060         0.5945         1407.0          2.051
         557000       1.006400           1064         0.5946         1410.6          2.053
         558000       1.009050           1068         0.5949         1414.3          2.009
         559000       1.010229           1068         0.5945         1416.7          2.055
         560000       1.011858           1069         0.5941         1429.7          2.065
         561000       1.014480           1073         0.5949         1434.1          2.071
         562000       1.016149           1076         0.5950         1444.0          2.046
         563000       1.017765           1078         0.5952         1447.0          2.044
         564000       1.017908           1078         0.5942         1448.7          1.936
         565000       1.019325           1080         0.5939         1451.4          2.032
         566000       1.020142           1080         0.5932         1468.0          2.058
         567000       1.022059           1082         0.5927         1470.1          2.059
         568000       1.022617           1083         0.5919         1477.9          2.060
         569000       1.023424           1086         0.5913         1479.8          2.045
         570000       1.023975           1086         0.5907         1488.8          2.060
         571000       1.024196           1086         0.5898         1490.8          2.034
         572000       1.024224           1086         0.5888         1492.4          1.910
         573000       1.024338           1087         0.5878         1494.3          1.923
         574000       1.024595           1087         0.5868         1495.8          1.923
         575000       1.024680           1087         0.5858         1497.4          1.921
         576000       1.024725           1087         0.5848         1499.7          1.909
         577000       1.025401           1087         0.5840         1501.7          2.069
         578000       1.027409           1090         0.5839         1509.2          2.066
         579000       1.028594           1093         0.5833         1532.1          1.941
         580000       1.029546           1094         0.5827         1538.2          1.887
         581000       1.031303           1096         0.5827         1559.3          2.069
         582000       1.031533           1096         0.5819         1561.2          2.070
         583000       1.033262           1098         0.5821         1563.8          2.070
         584000       1.036444           1105         0.5828         1567.4          2.086
         585000       1.037386           1106         0.5825         1570.2          2.089
         586000       1.037494           1106         0.5815         1575.6          2.074
         587000       1.037570           1106         0.5806         1577.5          2.089
         588000       1.038443           1109         0.5803         1580.4          2.088
         589000       1.039965           1111         0.5801         1582.3          2.083
         590000       1.040037           1112         0.5791         1584.0          2.089
         591000       1.040110           1112         0.5782         1585.6          2.089
         592000       1.041216           1114         0.5776         1588.4          2.087
         593000       1.043975           1114         0.5780         1593.0          2.074
         594000       1.045998           1118         0.5781         1597.1          2.058
         595000       1.046038           1118         0.5773         1600.2          2.090
         596000       1.047074           1118         0.5770         1603.7          2.167
         597000       1.047143           1118         0.5760         1605.4          2.164
         598000       1.047946           1118         0.5754         1608.5          2.046
         599000       1.050244           1119         0.5761         1612.8          2.084
         600000       1.051435           1120         0.5763         1616.2          2.083
         601000       1.051492           1120         0.5754         1617.8          2.083
         602000       1.051551           1120         0.5745         1619.4          2.083
         603000       1.052702           1121         0.5740         1625.5          2.082
         604000       1.053496           1122         0.5735         1627.5          2.083
         605000       1.053866           1122         0.5728         1629.4          2.085
         606000       1.053924           1122         0.5719         1631.0          2.086
         607000       1.054372           1124         0.5713         1633.3          2.083
         608000       1.055380           1126         0.5709         1638.7          2.085
         609000       1.056153           1126         0.5703         1641.1          2.029
         610000       1.056274           1126         0.5695         1669.0          2.023
         611000       1.058494           1127         0.5700         1675.6          2.085
         612000       1.060692           1127         0.5699         1678.7          2.067
         613000       1.060766           1127         0.5689         1680.5          2.076
         614000       1.062832           1128         0.5691         1683.2          2.085
         615000       1.065785           1130         0.5698         1686.3          2.064
         616000       1.068603           1134         0.5705         1690.4          2.081
         617000       1.071928           1138         0.5711         1694.2          2.096
         618000       1.074173           1140         0.5714         1700.2          2.095
         619000       1.075256           1142         0.5709         1703.4          2.048
         620000       1.075565           1142         0.5701         1705.1          2.032
         621000       1.075627           1143         0.5693         1707.1          2.030
         622000       1.076404           1143         0.5688         1709.0          2.031
         623000       1.079309           1144         0.5690         1712.0          2.098
         624000       1.081570           1146         0.5689         1715.7          2.094
         625000       1.082052           1147         0.5684         1718.9          2.092
         626000       1.082100           1147         0.5675         1720.5          2.090
         627000       1.082287           1147         0.5667         1737.0          2.090
         628000       1.082352           1147         0.5659         1738.8          2.090
         629000       1.083790           1147         0.5658         1742.1          2.093
         630000       1.086116           1150         0.5659         1747.2          2.093
         631000       1.087492           1157         0.5659         1750.5          2.092
         632000       1.089113           1158         0.5661         1752.8          2.092
         633000       1.090583           1160         0.5660         1755.0          2.089
         634000       1.091000           1160         0.5653         1758.2          2.089
         635000       1.092667           1162         0.5655         1761.3          2.090
         636000       1.092859           1162         0.5650         1767.0          2.092
         637000       1.092905           1162         0.5641         1768.7          2.092
         638000       1.093739           1162         0.5637         1772.9          2.091
         639000       1.094735           1163         0.5634         1775.4          2.036
         640000       1.094874           1163         0.5625         1787.4          2.072
         641000       1.097121           1165         0.5626         1791.6          2.000
         642000       1.100634           1171         0.5632         1795.9          2.035
         643000       1.101865           1174         0.5630         1798.1          2.038
         644000       1.101908           1174         0.5621         1799.8          2.039
         645000       1.101983           1174         0.5613         1804.7          2.039
         646000       1.104020           1174         0.5611         1808.0          2.055
         647000       1.105428           1177         0.5611         1818.4          2.030
         648000       1.107350           1179         0.5609         1821.1          2.054
         649000       1.109328           1180         0.5610         1823.3          2.055
         650000       1.109367           1180         0.5602         1827.4          2.058
         651000       1.112604           1184         0.5608         1830.7          2.058
         652000       1.115285           1186         0.5613         1834.4          2.045
         653000       1.116725           1186         0.5611         1838.0          2.028
         654000       1.118397           1187         0.5613         1842.2          2.077
         655000       1.118559           1188         0.5606         1844.1          2.078
         656000       1.119907           1191         0.5603         1851.2          2.048
         657000       1.120685           1193         0.5600         1853.5          2.051
         658000       1.120722           1193         0.5592         1855.2          2.052
         659000       1.121645           1195         0.5587         1857.7          2.005
         660000       1.121686           1195         0.5578         1859.3          1.990
         661000       1.123098           1197         0.5577         1862.3          2.014
         662000       1.124174           1199         0.5577         1865.0          2.004
         663000       1.125016           1200         0.5573         1867.6          2.052
         664000       1.126313           1201         0.5568         1869.9          2.077
         665000       1.128719           1203         0.5574         1873.5          2.095
         666000       1.132139           1208         0.5580         1877.6          2.077
         667000       1.134900           1211         0.5586         1880.8          2.059
         668000       1.136096           1211         0.5583         1883.4          2.043
         669000       1.136434           1211         0.5576         1907.4          2.046
         670000       1.137628           1213         0.5573         1910.6          2.094
         671000       1.139520           1220         0.5573         1914.1          2.115
         672000       1.139855           1220         0.5567         1916.8          2.117
         673000       1.140614           1221         0.5561         1919.6          2.097
         674000       1.140669           1221         0.5553         1923.7          2.098
         675000       1.140790           1221         0.5546         1926.4          2.098
         676000       1.142648           1223         0.5542         1940.7          2.046
         677000       1.142910           1223         0.5535         1942.9          2.099
         678000       1.143012           1223         0.5527         1951.5          2.099
         679000       1.143082           1223         0.5520         1957.7          2.099
         680000       1.145879           1229         0.5525         1962.5          2.049
         681000       1.146904           1230         0.5522         1964.9          1.999
         682000       1.147020           1230         0.5515         1966.7          2.001
         683000       1.147056           1230         0.5507         1968.3          2.000
         684000       1.147111           1230         0.5500         1973.7          2.034
         685000       1.147146           1230         0.5492         1975.3          2.034
         686000       1.148096           1233         0.5487         1977.8          2.030
         687000       1.151475           1236         0.5491         1981.3          2.072
         688000       1.154043           1241         0.5498         1985.6          2.068
         689000       1.154710           1243         0.5496         1987.8          2.066
         690000       1.154740           1243         0.5488         1989.4          2.067
         691000       1.155075           1245         0.5481         2015.9          2.067
         692000       1.155109           1245         0.5473         2017.5          2.067
         693000       1.155143           1245         0.5466         2019.0          2.067
         694000       1.155307           1245         0.5458         2032.2          2.067
         695000       1.155451           1247         0.5452         2049.4          2.066
         696000       1.155496           1248         0.5445         2053.8          2.067
         697000       1.155528           1248         0.5437         2055.6          2.031
         698000       1.155717           1248         0.5430         2072.9          2.032
         699000       1.155750           1248         0.5423         2074.5          2.032
         700000       1.156336           1248         0.5416         2082.4          2.032
         701000       1.157531           1251         0.5414         2084.9          2.033
         702000       1.159036           1254         0.5415         2087.7          1.974
         703000       1.159068           1254         0.5408         2089.3          1.975
         704000       1.159221           1255         0.5403         2093.9          1.975
         705000       1.159800           1256         0.5399         2096.4          1.977
         706000       1.161048           1257         0.5401         2102.4          1.989
         707000       1.164717           1259         0.5407         2105.9          1.931
         708000       1.165350           1259         0.5402         2107.8          1.930
         709000       1.165363           1259         0.5394         2109.4          1.815
         710000       1.165854           1259         0.5389         2111.4          1.933
         711000       1.166151           1259         0.5381         2113.3          1.957
         712000       1.166577           1259         0.5377         2115.3          1.921
         713000       1.166591           1259         0.5369         2116.9          1.809
         714000       1.166605           1259         0.5361         2118.4          1.809
         715000       1.166619           1259         0.5354         2119.9          1.809
         716000       1.166633           1259         0.5346         2121.4          1.809
         717000       1.166977           1261         0.5341         2134.3          1.961
         718000       1.167252           1261         0.5334         2135.9          1.914
         719000       1.167265           1261         0.5326         2137.5          1.794
         720000       1.167517           1261         0.5319         2139.4          1.960
         721000       1.167609           1261         0.5312         2147.3          1.961
         722000       1.170879           1265         0.5318         2151.2          1.930
         723000       1.170951           1265         0.5310         2153.0          1.818
         724000       1.173168           1268         0.5312         2156.3          2.025
         725000       1.173372           1268         0.5305         2178.9          2.028
         726000       1.173411           1268         0.5298         2180.6          2.028
         727000       1.173832           1268         0.5293         2182.6          2.016
         728000       1.174390           1269         0.5288         2185.0          2.063
         729000       1.174423           1269         0.5281         2186.7          2.062
         730000       1.175512           1269         0.5279         2189.7          2.062
         731000       1.179826           1275         0.5285         2193.4          2.056
         732000       1.180038           1275         0.5279         2195.2          2.058
         733000       1.182071           1279         0.5280         2199.1          2.067
         734000       1.182085           1279         0.5273         2200.7          2.068
         735000       1.182117           1279         0.5266         2202.4          2.069
         736000       1.182227           1279         0.5259         2212.3          2.069
         737000       1.183693           1281         0.5258         2214.8          2.092
         738000       1.186225           1282         0.5260         2218.8          2.109
         739000       1.187612           1282         0.5256         2222.4          2.151
         740000       1.188745           1282         0.5252         2225.2          2.162
         741000       1.189668           1284         0.5248         2228.7          2.163
         742000       1.189773           1284         0.5242         2230.4          2.165
         743000       1.189810           1284         0.5235         2233.4          2.166
         744000       1.189842           1284         0.5229         2235.1          2.166
         745000       1.189875           1284         0.5222         2236.6          2.166
         746000       1.192564           1289         0.5224         2240.5          2.152
         747000       1.195938           1294         0.5230         2245.9          2.176
         748000       1.199142           1297         0.5236         2250.5          2.133
         749000       1.202775           1303         0.5242         2254.8          2.097
         750000       1.203854           1306         0.5238         2257.9          2.109
         751000       1.203912           1306         0.5231         2264.6          2.079
         752000       1.203944           1306         0.5224         2266.3          2.079
         753000       1.206383           1308         0.5227         2269.5          2.132
         754000       1.207752           1310         0.5229         2272.6          2.146
         755000       1.207785           1310         0.5223         2275.0          2.187
         756000       1.208615           1310         0.5219         2277.7          2.199
         757000       1.210486           1311         0.5221         2282.1          2.121
         758000       1.211996           1314         0.5222         2284.9          2.146
         759000       1.212998           1314         0.5219         2287.6          2.120
         760000       1.215879           1318         0.5225         2291.3          2.049
         761000       1.216292           1319         0.5220         2293.2          2.050
         762000       1.216648           1320         0.5219         2295.8          2.032
         763000       1.219983           1325         0.5225         2299.7          2.046
         764000       1.221744           1325         0.5231         2304.5          2.190
         765000       1.223878           1326         0.5235         2307.6          2.157
         766000       1.225461           1326         0.5235         2311.6          2.186
         767000       1.227941           1327         0.5241         2317.1          2.189
         768000       1.228004           1327         0.5235         2318.9          2.190
         769000       1.228996           1329         0.5234         2321.8          2.185
         770000       1.232990           1335         0.5239         2326.2          2.195
         771000       1.234100           1336         0.5246         2329.6          2.104
         772000       1.235115           1337         0.5244         2332.5          2.120
         773000       1.235141           1337         0.5238         2334.1          2.121
         774000       1.235166           1337         0.5231         2335.7          2.121
         775000       1.235908           1337         0.5231         2338.6          2.121
         776000       1.237640           1338         0.5232         2345.1          2.106
         777000       1.238014           1338         0.5228         2347.5          2.106
         778000       1.240251           1340         0.5229         2359.4          2.057
         779000       1.243182           1346         0.5235         2364.8          2.052
         780000       1.245105           1348         0.5236         2370.9          2.168
         781000       1.247662           1351         0.5239         2374.3          2.204
         782000       1.248715           1351         0.5236         2376.5          2.194
         783000       1.251823           1352         0.5240         2384.3          2.198
         784000       1.253310           1353         0.5240         2388.3          2.116
         785000       1.254071           1353         0.5236         2394.5          2.124
         786000       1.256959           1355         0.5242         2399.8          2.137
         787000       1.257604           1357         0.5241         2402.3          2.090
         788000       1.257628           1357         0.5235         2403.9          2.089
         789000       1.259835           1361         0.5238         2408.5          2.061
         790000       1.261211           1362         0.5237         2412.1          2.109
         791000       1.261238           1362         0.5231         2413.7          2.108
         792000       1.262572           1363         0.5230         2417.2          2.153
         793000       1.262599           1363         0.5223         2418.8          2.153
         794000       1.262643           1363         0.5217         2420.4          2.153
         795000       1.262872           1363         0.5211         2431.5          2.151
         796000       1.267484           1365         0.5216         2436.5          2.112
         797000       1.271711           1369         0.5222         2439.9          2.200
         798000       1.275962           1378         0.5228         2444.6          2.208
         799000       1.276663           1378         0.5226         2447.2          2.206
         800000       1.276688           1378         0.5219         2448.9          2.206
         801000       1.277742           1379         0.5216         2451.4          2.199
         802000       1.280101           1381         0.5216         2455.7          2.191
         803000       1.280664           1385         0.5213         2457.8          2.193
         804000       1.281487           1387         0.5210         2460.3          2.211
         805000       1.285888           1391         0.5215         2465.2          2.214
         806000       1.286905           1394         0.5217         2467.8          2.220
         807000       1.286925           1394         0.5211         2469.7          2.221
         808000       1.288442           1396         0.5212         2481.7          2.224
         809000       1.290004           1400         0.5214         2484.8          2.219
         810000       1.293102           1402         0.5219         2491.4          2.207
         811000       1.295826           1405         0.5225         2495.4          2.210
         812000       1.298479           1406         0.5231         2500.8          2.198
         813000       1.300470           1409         0.5237         2506.6          2.164
         814000       1.301953           1409         0.5242         2510.8          2.155
         815000       1.305164           1410         0.5248         2518.9          2.237
         816000       1.306740           1413         0.5248         2522.0          2.209
         817000       1.306787           1413         0.5242         2523.6          2.208
         818000       1.306834           1413         0.5235         2525.2          2.208
         819000       1.308050           1413         0.5232         2536.7          2.247
         820000       1.308295           1413         0.5228         2538.6          2.247
         821000       1.308406           1413         0.5222         2540.3          2.247
         822000       1.308427           1413         0.5216         2541.8          2.247
         823000       1.309456           1413         0.5212         2546.5          2.245
         824000       1.309713           1413         0.5206         2548.5          2.243
         825000       1.310421           1414         0.5205         2552.3          2.246
         826000       1.313219           1418         0.5210         2556.9          2.232
         827000       1.316802           1422         0.5216         2561.5          2.242
         828000       1.319911           1424         0.5221         2565.8          2.245
         829000       1.324236           1427         0.5227         2572.6          2.245
         830000       1.327076           1429         0.5232         2577.7          2.242
         831000       1.330246           1429         0.5238         2583.3          2.241
         832000       1.332959           1430         0.5243         2587.4          2.236
         833000       1.334754           1432         0.5249         2595.0          2.240
         834000       1.337993           1440         0.5254         2599.6          2.231
         835000       1.341897           1444         0.5260         2605.7          2.218
         836000       1.344988           1448         0.5265         2611.6          2.207
         837000       1.348322           1449         0.5271         2616.0          2.202
         838000       1.351517           1453         0.5276         2622.0          2.217
         839000       1.353764           1456         0.5281         2626.6          2.184
         840000       1.355796           1459         0.5284         2634.1          2.214
         841000       1.357063           1461         0.5282         2636.6          2.215
         842000       1.359549           1462         0.5282         2640.4          2.201
         843000       1.362213           1465         0.5287         2648.4          2.191
         844000       1.365813           1471         0.5292         2654.3          2.226
         845000       1.368179           1473         0.5298         2660.0          2.228
         846000       1.371264           1474         0.5303         2665.7          2.231
         847000       1.374716           1475         0.5308         2671.7          2.203
         848000       1.377446           1478         0.5313         2683.1          2.231
         849000       1.380682           1481         0.5318         2688.2          2.236
         850000       1.383654           1485         0.5324         2692.8          2.180
         851000       1.385903           1488         0.5329         2698.1          2.139
         852000       1.388151           1494         0.5334         2704.1          2.107
         853000       1.390650           1495         0.5339         2711.5          2.150
         854000       1.394091           1501         0.5344         2717.4          2.132
         855000       1.396349           1502         0.5345         2724.5          1.981
         856000       1.399181           1503         0.5349         2730.9          2.068
         857000       1.402435           1508         0.5354         2737.1          2.178
         858000       1.404718           1512         0.5360         2742.3          2.247
         859000       1.405250           1512         0.5356         2779.6          2.310
         860000       1.405286           1512         0.5350         2891.6          2.311
         861000       1.405322           1512         0.5344         3003.5          2.311
         862000       1.405358           1512         0.5337         3116.1          2.311
         863000       1.405395           1512         0.5331         3228.3          2.311
         864000       1.405430           1512         0.5325         3338.6          2.311
         865000       1.405466           1512         0.5319         3449.8          2.311
         866000       1.405502           1512         0.5314         3558.9          2.311
         867000       1.405538           1512         0.5308         3670.1          2.311
         868000       1.406318           1514         0.5304         3700.8          2.311
         869000       1.408906           1518         0.5306         3706.3          2.286
         870000       1.412509           1522         0.5311         3711.9          2.209
         871000       1.414746           1523         0.5312         3731.9          2.001
         872000       1.415739           1524         0.5309         3748.3          2.194
         873000       1.417465           1525         0.5308         3751.6          2.233
         874000       1.420319           1530         0.5309         3755.5          2.211
         875000       1.422778           1532         0.5312         3758.3          2.211
         876000       1.424695           1534         0.5316         3761.5          2.229
         877000       1.427170           1535         0.5318         3766.8          2.227
         878000       1.427797           1536         0.5315         3769.7          2.233
         879000       1.429732           1538         0.5317         3777.9          2.234
         880000       1.431042           1538         0.5317         3782.0          2.214
         881000       1.432309           1540         0.5322         3785.0          2.170
         882000       1.432726           1540         0.5317         3787.2          2.205
         883000       1.432745           1540         0.5311         3788.8          2.290
         884000       1.433650           1541         0.5308         3791.4          2.290
         885000       1.433663           1541         0.5302         3793.0          2.289
         886000       1.433736           1541         0.5296         3794.7          2.289
         887000       1.435569           1544         0.5298         3799.6          2.306
         888000       1.438315           1547         0.5300         3804.8          2.211
         889000       1.438843           1547         0.5296         3806.7          2.211
         890000       1.440375           1547         0.5296         3811.0          2.141
         891000       1.442108           1548         0.5293         3813.8          2.145
         892000       1.442119           1548         0.5287         3928.9          2.145
         893000       1.442131           1548         0.5281         4043.9          2.145
         894000       1.442143           1548         0.5276         4159.3          2.145
         895000       1.442155           1548         0.5270         4274.5          2.145
         896000       1.442167           1548         0.5264         4389.7          2.145
         897000       1.442179           1548         0.5258         4521.6          2.145
         898000       1.442191           1548         0.5252         4637.0          2.145
         899000       1.442203           1548         0.5246         4754.1          2.145
         900000       1.442214           1548         0.5240         4870.2          2.145
         901000       1.442226           1548         0.5234         4985.1          2.145
         902000       1.442238           1548         0.5229         5101.6          2.145
         903000       1.442250           1548         0.5223         5218.3          2.145
         904000       1.442262           1548         0.5217         5334.3          2.145
         905000       1.442274           1548         0.5211         5449.6          2.145
         906000       1.442286           1548         0.5206         5566.2          2.145
         907000       1.442297           1548         0.5200         5681.6          2.145
         908000       1.442309           1548         0.5194         5796.7          2.145
         909000       1.442321           1548         0.5188         5911.8          2.145
         910000       1.442333           1548         0.5183         6027.0          2.145
         911000       1.442345           1548         0.5177         6028.5          2.145
         912000       1.442591           1548         0.5171         6037.9          2.144
         913000       1.445366           1550         0.5174         6042.2          2.193
         914000       1.447481           1551         0.5175         6048.2          2.184
         915000       1.448809           1552         0.5176         6052.7          2.098
         916000       1.450966           1553         0.5178         6056.7          2.105
         917000       1.452406           1555         0.5178         6059.2          2.145
         918000       1.454391           1555         0.5177         6062.3          2.149
         919000       1.455769           1557         0.5178         6064.7          2.155
         920000       1.455779           1557         0.5172         6066.3          2.157
         921000       1.456353           1558         0.5167         6090.2          2.158
         922000       1.456364           1558         0.5162         6206.4          2.157
         923000       1.456374           1558         0.5156         6322.8          2.157
         924000       1.456385           1558         0.5151         6439.5          2.157
         925000       1.456396           1558         0.5145         6555.4          2.157
         926000       1.456406           1558         0.5140         6670.0          2.157
         927000       1.456418           1558         0.5134         6785.1          2.157
         928000       1.456429           1558         0.5129         6901.1          2.157
         929000       1.456439           1558         0.5123         7016.6          2.157
         930000       1.456450           1558         0.5118         7132.2          2.157
         931000       1.456461           1558         0.5113         7248.3          2.157
         932000       1.456472           1558         0.5107         7342.6          2.157
         933000       1.456482           1558         0.5102         7344.2          2.157
         934000       1.457236           1559         0.5099         7431.5          2.156
         935000       1.457246           1559         0.5093         7546.1          2.157
         936000       1.457256           1559         0.5088         7659.9          2.158
         937000       1.457266           1559         0.5083         7773.4          2.158
         938000       1.457276           1559         0.5077         7888.0          2.158
         939000       1.457286           1559         0.5072         8003.7          2.158
         940000       1.457297           1559         0.5066         8119.2          2.158
         941000       1.457307           1559         0.5061         8233.7          2.158
         942000       1.457317           1559         0.5056         8349.9          2.158
         943000       1.457327           1559         0.5050         8465.1          2.158
         944000       1.457337           1559         0.5045         8580.8          2.158
         945000       1.457347           1559         0.5039         8696.8          2.158
         946000       1.457357           1559         0.5034         8813.7          2.158
         947000       1.457368           1559         0.5029         8929.8          2.158
         948000       1.457378           1559         0.5023         9045.2          2.158
         949000       1.457388           1559         0.5018         9160.9          2.158
         950000       1.457398           1559         0.5013         9276.4          2.158
         951000       1.457408           1559         0.5008         9392.6          2.158
         952000       1.457418           1559         0.5002         9508.1          2.158
         953000       1.457428           1559         0.4997         9624.1          2.158
         954000       1.457439           1559         0.4992         9740.0          2.158
         955000       1.457449           1559         0.4987         9857.8          2.158
         956000       1.457459           1559         0.4981         9973.9          2.158
         957000       1.457469           1559         0.4976        10090.0          2.158
         958000       1.457479           1559         0.4971        10206.4          2.158
         959000       1.457489           1559         0.4966        10322.4          2.158
         960000       1.457499           1559         0.4961        10438.9          2.158
         961000       1.457509           1559         0.4955        10554.1          2.158
         962000       1.457520           1559         0.4950        10669.1          2.158
         963000       1.457529           1559         0.4945        10783.7          2.158
         964000       1.457540           1559         0.4940        10899.6          2.158
         965000       1.457550           1559         0.4935        11014.9          2.158
         966000       1.457560           1559         0.4930        11131.0          2.158
         967000       1.457570           1559         0.4925        11247.1          2.158
         968000       1.457580           1559         0.4920        11363.1          2.158
         969000       1.457590           1559         0.4915        11478.8          2.158
         970000       1.457600           1559         0.4910        11594.5          2.158
         971000       1.457610           1559         0.4905        11710.2          2.158
         972000       1.457620           1559         0.4900        11826.0          2.158
         973000       1.457630           1560         0.4895        11940.8          2.158
         974000       1.457641           1560         0.4890        12054.8          2.159
         975000       1.457651           1560         0.4885        12168.3          2.159
         976000       1.457662           1560         0.4880        12282.6          2.159
         977000       1.457672           1560         0.4875        12397.5          2.159
         978000       1.457683           1560         0.4870        12514.0          2.159
         979000       1.457693           1560         0.4865        12629.4          2.159
         980000       1.457704           1560         0.4860        12744.8          2.159
         981000       1.457714           1560         0.4855        12860.6          2.159
         982000       1.457724           1560         0.4850        12976.3          2.159
         983000       1.457735           1560         0.4845        13092.0          2.159
         984000       1.457745           1561         0.4840        13208.2          2.159
         985000       1.457755           1561         0.4835        13325.3          2.159
         986000       1.457766           1561         0.4830        13441.9          2.159
         987000       1.457776           1561         0.4826        13559.0          2.159
         988000       1.457786           1561         0.4821        13676.5          2.159
         989000       1.457797           1561         0.4816        13794.5          2.159
         990000       1.457807           1561         0.4811        13912.2          2.159
         991000       1.457817           1561         0.4806        14031.4          2.144
         992000       1.457828           1561         0.4801        14149.7          2.144
         993000       1.457838           1561         0.4796        14268.5          2.144
         994000       1.457849           1561         0.4792        14386.5          2.144
         995000       1.457859           1561         0.4787        14505.0          2.144
         996000       1.457869           1561         0.4782        14623.6          2.144
         997000       1.457880           1561         0.4777        14742.9          2.144
         998000       1.457890           1561         0.4772        14861.8          2.144
         999000       1.457900           1562         0.4768        14983.1          2.143
        1000000       1.457910           1562         0.4763        15100.9          2.144
        1001000       1.457921           1562         0.4758        15220.5          2.145
        1002000       1.457931           1562         0.4753        15341.2          2.146
        1003000       1.457941           1562         0.4749        15459.9          2.146
        1004000       1.457952           1562         0.4744        15578.7          2.146
        1005000       1.457962           1562         0.4739        15697.3          2.147
        1006000       1.457972           1562         0.4735        15815.7          2.147
        1007000       1.457983           1562         0.4730        15934.6          2.147
        1008000       1.457993           1562         0.4725        16054.4          2.147
        1009000       1.458004           1562         0.4721        16172.7          2.147
        1010000       1.458014           1562         0.4716        16290.5          2.147
        1011000       1.458024           1562         0.4711        16409.1          2.147
        1012000       1.458035           1562         0.4707        16527.7          2.147
        1013000       1.458045           1562         0.4702        16647.0          2.147
        1014000       1.458055           1562         0.4697        16766.3          2.147
        1015000       1.458066           1562         0.4693        16884.4          2.147
        1016000       1.458076           1562         0.4688        17001.4          2.147
        1017000       1.458086           1562         0.4684        17118.8          2.147
        1018000       1.458096           1562         0.4679        17234.7          2.221
        1019000       1.458106           1562         0.4675        17350.2          2.162
        1020000       1.458117           1562         0.4670        17465.6          2.162
        1021000       1.458127           1562         0.4666        17582.8          2.162
        1022000       1.458137           1562         0.4661        17698.8          2.162
        1023000       1.458154           1562         0.4657        17813.2          2.163
        1024000       1.458164           1562         0.4653        17928.5          2.163
        1025000       1.458174           1562         0.4648        18045.5          2.163
        1026000       1.458185           1562         0.4643        18161.8          2.163
        1027000       1.458195           1562         0.4639        18277.4          2.163
        1028000       1.458205           1562         0.4634        18393.7          2.163
        1029000       1.458216           1562         0.4630        18509.8          2.163
        1030000       1.458226           1562         0.4625        18625.8          2.163
        1031000       1.458236           1562         0.4621        18742.7          2.163
        1032000       1.458247           1562         0.4616        18858.9          2.163
        1033000       1.458257           1562         0.4612        18975.0          2.163
        1034000       1.458267           1562         0.4608        19090.6          2.163
        1035000       1.458278           1562         0.4603        19207.1          2.163
        1036000       1.458288           1562         0.4599        19322.8          2.163
        1037000       1.458298           1562         0.4594        19439.6          2.163
        1038000       1.458309           1562         0.4590        19556.1          2.163
        1039000       1.458319           1562         0.4585        19672.8          2.163
        1040000       1.458329           1562         0.4581        19788.9          2.163
        1041000       1.458340           1562         0.4577        19903.8          2.163
        1042000       1.458350           1562         0.4572        20021.1          2.162
        1043000       1.458360           1562         0.4568        20137.9          2.162
        1044000       1.458371           1562         0.4563        20254.7          2.162
        1045000       1.458381           1562         0.4559        20371.5          2.162
        1046000       1.458391           1562         0.4555        20488.6          2.162
        1047000       1.458401           1562         0.4550        20605.6          2.162
        1048000       1.458412           1562         0.4546        20722.5          2.162
        1049000       1.458422           1562         0.4542        20839.5          2.162
        1050000       1.458432           1562         0.4537        20956.6          2.162
        1051000       1.458443           1562         0.4533        21073.4          2.163
        1052000       1.458453           1562         0.4529        21189.1          2.163
        1053000       1.458463           1562         0.4524        21306.6          2.163
        1054000       1.458473           1562         0.4520        21422.1          2.163
        1055000       1.458484           1562         0.4516        21538.2          2.163
        1056000       1.458494           1562         0.4512        21654.2          2.163
        1057000       1.458504           1562         0.4507        21770.7          2.163
        1058000       1.458515           1562         0.4503        21887.6          2.163
        1059000       1.458525           1562         0.4499        22003.4          2.163
        1060000       1.458535           1562         0.4495        22118.8          2.163
        1061000       1.458546           1562         0.4491        22235.1          2.163
        1062000       1.458556           1562         0.4487        22351.0          2.163
        1063000       1.458566           1562         0.4482        22467.7          2.163
        1064000       1.458577           1562         0.4478        22585.0          2.163
        1065000       1.458587           1562         0.4474        22700.6          2.163
        1066000       1.458597           1562         0.4470        22815.8          2.163
        1067000       1.458607           1562         0.4466        22931.0          2.163
        1068000       1.458618           1562         0.4462        23046.2          2.163
        1069000       1.458628           1562         0.4458        23161.5          2.163
        1070000       1.458638           1562         0.4454        23278.8          2.163
        1071000       1.458648           1562         0.4450        23397.1          2.148
        1072000       1.458659           1562         0.4445        23515.6          2.148
        1073000       1.458669           1562         0.4441        23634.4          2.148
        1074000       1.458679           1562         0.4437        23752.4          2.148
        1075000       1.458690           1562         0.4433        23870.6          2.148
        1076000       1.458700           1562         0.4429        23989.3          2.148
        1077000       1.458710           1562         0.4425        24107.7          2.148
        1078000       1.458721           1562         0.4421        24225.9          2.148
        1079000       1.458731           1562         0.4417        24343.4          2.148
        1080000       1.458741           1562         0.4413        24460.8          2.161
        1081000       1.458751           1562         0.4408        24578.3          2.154
        1082000       1.458762           1562         0.4404        24695.0          2.154
        1083000       1.458772           1562         0.4400        24811.6          2.154
        1084000       1.458782           1562         0.4396        24928.4          2.153
        1085000       1.458793           1562         0.4392        25045.1          2.153
        1086000       1.458803           1562         0.4388        25160.9          2.153
        1087000       1.458813           1562         0.4384        25276.9          2.153
        1088000       1.458823           1562         0.4380        25393.0          2.153
        1089000       1.458834           1562         0.4376        25508.6          2.153
        1090000       1.458844           1562         0.4372        25623.7          2.153
        1091000       1.458854           1562         0.4369        25738.8          2.151
        1092000       1.458864           1562         0.4365        25855.3          2.151
        1093000       1.458874           1562         0.4361        25971.1          2.151
        1094000       1.458885           1562         0.4357        26088.2          2.151
        1095000       1.458895           1562         0.4353        26206.1          2.151
        1096000       1.458906           1562         0.4349        26323.5          2.151
        1097000       1.458916           1562         0.4345        26441.3          2.151
        1098000       1.458926           1562         0.4341        26558.9          2.151
        1099000       1.458937           1562         0.4337        26675.7          2.151
        1100000       1.458947           1562         0.4333        26793.9          2.151
        1101000       1.458958           1562         0.4329        26912.9          2.151
        1102000       1.458968           1562         0.4325        27030.2          2.151
        1103000       1.458978           1562         0.4321        27147.4          2.151
        1104000       1.458989           1562         0.4317        27265.3          2.152
        1105000       1.458999           1562         0.4313        27381.7          2.152
        1106000       1.459009           1562         0.4310        27499.4          2.152
        1107000       1.459020           1562         0.4306        27617.3          2.152
        1108000       1.459030           1562         0.4302        27734.9          2.152
        1109000       1.459041           1562         0.4298        27852.3          2.152
        1110000       1.459051           1562         0.4294        27968.6          2.152
        1111000       1.459061           1562         0.4290        28085.8          2.152
        1112000       1.459072           1562         0.4286        28202.3          2.152
        1113000       1.459082           1562         0.4283        28319.1          2.152
        1114000       1.459092           1562         0.4279        28436.2          2.152
        1115000       1.459103           1562         0.4275        28553.7          2.152
        1116000       1.459113           1562         0.4271        28671.6          2.152
        1117000       1.459123           1562         0.4267        28788.4          2.152
        1118000       1.459134           1562         0.4263        28906.3          2.152
        1119000       1.459144           1562         0.4260        29023.8          2.152
        1120000       1.459154           1562         0.4256        29141.7          2.152
        1121000       1.459165           1562         0.4252        29258.9          2.152
        1122000       1.459175           1562         0.4248        29374.4          2.151
        1123000       1.459185           1562         0.4244        29490.5          2.151
        1124000       1.459196           1562         0.4241        29607.6          2.151
        1125000       1.459206           1562         0.4237        29724.0          2.151
        1126000       1.459216           1562         0.4233        29840.7          2.151
        1127000       1.459227           1562         0.4229        29957.9          2.151
        1128000       1.459237           1562         0.4226        30074.6          2.151
        1129000       1.459247           1562         0.4222        30191.6          2.152
        1130000       1.459258           1562         0.4218        30308.9          2.152
        1131000       1.459268           1562         0.4214        30426.7          2.152
        1132000       1.459278           1562         0.4211        30543.9          2.152
        1133000       1.459289           1562         0.4207        30660.7          2.152
        1134000       1.459299           1562         0.4203        30777.5          2.152
        1135000       1.459309           1562         0.4199        30894.5          2.152
        1136000       1.459319           1562         0.4196        31011.7          2.152
        1137000       1.459330           1562         0.4192        31127.0          2.152
        1138000       1.459340           1562         0.4188        31243.8          2.152
        1139000       1.459350           1563         0.4185        31361.4          2.152
        1140000       1.459361           1563         0.4181        31478.5          2.152
        1141000       1.459371           1563         0.4177        31596.1          2.152
        1142000       1.459381           1563         0.4174        31714.1          2.152
        1143000       1.459392           1563         0.4170        31831.7          2.152
        1144000       1.459402           1563         0.4166        31949.7          2.152
        1145000       1.459412           1563         0.4163        32068.1          2.152
        1146000       1.459423           1563         0.4159        32185.5          2.152
        1147000       1.459433           1563         0.4155        32303.3          2.152
        1148000       1.459443           1563         0.4152        32420.0          2.152
        1149000       1.459454           1563         0.4148        32537.6          2.152
        1150000       1.459464           1563         0.4145        32655.7          2.152
        1151000       1.459474           1563         0.4141        32770.8          2.152
        1152000       1.459484           1563         0.4138        32886.7          2.152
        1153000       1.459494           1563         0.4134        33003.0          2.152
        1154000       1.459504           1563         0.4131        33119.5          2.152
        1155000       1.459515           1563         0.4127        33236.4          2.152
        1156000       1.459525           1563         0.4124        33354.1          2.152
        1157000       1.459535           1563         0.4120        33472.0          2.152
        1158000       1.459546           1563         0.4117        33590.0          2.152
        1159000       1.459556           1563         0.4113        33707.3          2.152
        1160000       1.459566           1563         0.4110        33823.9          2.152
        1161000       1.459576           1563         0.4106        33941.7          2.152
        1162000       1.459587           1563         0.4103        34061.1          2.152
        1163000       1.459597           1563         0.4099        34179.3          2.152
        1164000       1.459608           1563         0.4095        34296.6          2.152
        1165000       1.459618           1563         0.4092        34413.6          2.152
        1166000       1.459628           1563         0.4089        34531.2          2.152
        1167000       1.459639           1563         0.4085        34649.1          2.152
        1168000       1.459649           1563         0.4082        34766.8          2.152
        1169000       1.459659           1563         0.4078        34884.3          2.152
        1170000       1.459670           1563         0.4075        35002.5          2.153
        1171000       1.459680           1563         0.4071        35120.8          2.153
        1172000       1.459691           1563         0.4068        35238.9          2.153
        1173000       1.459701           1563         0.4064        35356.4          2.153
        1174000       1.459712           1563         0.4061        35474.0          2.154
        1175000       1.459724           1563         0.4057        35592.0          2.154
        1176000       1.459735           1563         0.4054        35709.9          2.154
        1177000       1.459747           1563         0.4050        35827.9          2.154
        1178000       1.459758           1563         0.4047        35946.0          2.154
        1179000       1.459769           1563         0.4044        36063.3          2.154
        1180000       1.459781           1563         0.4040        36180.8          2.154
        1181000       1.459792           1563         0.4037        36298.8          2.154
        1182000       1.459804           1563         0.4033        36416.6          2.154
        1183000       1.459815           1563         0.4030        36533.6          2.154
        1184000       1.459826           1563         0.4027        36650.2          2.154
        1185000       1.459838           1563         0.4023        36766.9          2.206
        1186000       1.459849           1563         0.4020        36887.6          2.151
        1187000       1.459860           1563         0.4017        37009.4          2.114
        1188000       1.459870           1563         0.4013        37127.5          2.113
        1189000       1.459881           1563         0.4010        37245.8          2.113
        1190000       1.459891           1563         0.4006        37364.1          2.113
        1191000       1.459901           1563         0.4003        37482.6          2.113
        1192000       1.460087           1563         0.4000        37589.0          2.112
        1193000       1.460094           1563         0.3997        37690.1          2.124
        1194000       1.460104           1563         0.3993        37806.6          2.124
        1195000       1.460114           1563         0.3990        37923.9          2.163
        1196000       1.460124           1563         0.3987        38040.9          2.163
        1197000       1.460134           1563         0.3983        38158.4          2.163
        1198000       1.460144           1563         0.3980        38274.8          2.163
        1199000       1.460154           1563         0.3977        38391.7          2.163
        1200000       1.460164           1563         0.3973        38509.4          2.163
        1201000       1.460174           1563         0.3970        38626.6          2.163
        1202000       1.460184           1563         0.3967        38743.7          2.163
        1203000       1.460194           1563         0.3964        38860.9          2.163
        1204000       1.460204           1563         0.3960        38977.4          2.163
        1205000       1.460213           1563         0.3957        39093.4          2.163
        1206000       1.460223           1563         0.3954        39212.0          2.163
        1207000       1.460233           1563         0.3951        39329.9          2.147
        1208000       1.460243           1563         0.3948        39448.0          2.147
        1209000       1.460253           1563         0.3944        39567.2          2.147
        1210000       1.460264           1563         0.3941        39686.2          2.147
        1211000       1.460274           1563         0.3938        39805.5          2.147
        1212000       1.460284           1563         0.3935        39924.9          2.147
        1213000       1.460294           1563         0.3931        40044.7          2.147
        1214000       1.460304           1563         0.3928        40163.9          2.147
        1215000       1.460314           1563         0.3925        40282.6          2.147
        1216000       1.462896           1566         0.3926        40303.9          2.142
        1217000       1.462905           1566         0.3923        40419.0          2.142
        1218000       1.462914           1566         0.3920        40534.5          2.142
        1219000       1.462924           1566         0.3917        40650.2          2.142
        1220000       1.462933           1566         0.3913        40765.6          2.142
        1221000       1.462943           1566         0.3910        40880.9          2.142
        1222000       1.462954           1566         0.3907        40996.4          2.142
        1223000       1.462964           1566         0.3904        41112.7          2.142
        1224000       1.462974           1566         0.3901        41229.7          2.142
        1225000       1.462984           1566         0.3898        41345.2          2.142
        1226000       1.462995           1566         0.3894        41461.4          2.142
        1227000       1.463005           1566         0.3891        41577.4          2.142
        1228000       1.463015           1566         0.3888        41693.2          2.142
        1229000       1.463026           1566         0.3885        41808.7          2.142
        1230000       1.463036           1566         0.3882        41923.3          2.142
        1231000       1.463046           1566         0.3879        42039.3          2.142
        1232000       1.463056           1566         0.3875        42155.0          2.142
        1233000       1.463067           1566         0.3872        42270.6          2.142
        1234000       1.463077           1566         0.3869        42386.0          2.142
        1235000       1.463087           1566         0.3866        42502.5          2.142
        1236000       1.463097           1566         0.3863        42618.4          2.142
        1237000       1.463108           1566         0.3860        42734.0          2.142
        1238000       1.463118           1566         0.3857        42850.3          2.142
        1239000       1.463128           1566         0.3854        42965.8          2.142
        1240000       1.463138           1566         0.3850        43081.8          2.142
        1241000       1.463149           1566         0.3847        43198.5          2.142
        1242000       1.463159           1566         0.3844        43318.0          2.142
        1243000       1.463168           1566         0.3841        43434.7          2.142
        1244000       1.463189           1566         0.3838        43442.5          2.142
        1245000       1.463285           1566         0.3835        43444.1          2.142
        1246000       1.463482           1567         0.3832        43445.7          2.142
        1247000       1.463682           1567         0.3830        43447.4          2.143
        1248000       1.463705           1567         0.3827        43449.1          2.143
        1249000       1.463759           1567         0.3824        43450.7          2.143
        1250000       1.463813           1568         0.3821        43452.3          2.143
        1251000       1.463863           1569         0.3818        43453.8          2.143
        1252000       1.463895           1569         0.3815        43455.4          2.143
        1253000       1.463933           1569         0.3812        43457.2          2.143
        1254000       1.463942           1569         0.3809        43458.7          2.143
        1255000       1.464040           1569         0.3806        43461.1          2.143
        1256000       1.465853           1570         0.3808        43465.6          2.135
        1257000       1.465896           1570         0.3805        43467.6          2.135
        1258000       1.465959           1570         0.3802        43469.2          2.135
        1259000       1.466020           1570         0.3799        43470.7          2.135
        1260000       1.466080           1570         0.3797        43472.3          2.135
        1261000       1.466140           1570         0.3794        43473.9          2.135
        1262000       1.466202           1570         0.3791        43475.5          2.135
        1263000       1.466257           1570         0.3788        43477.5          2.134
        1264000       1.466313           1570         0.3785        43479.0          2.134
        1265000       1.466376           1570         0.3782        43480.6          2.134
        1266000       1.466438           1570         0.3779        43482.2          2.134
        1267000       1.466501           1570         0.3776        43483.7          2.134
        1268000       1.466558           1570         0.3774        43485.9          2.133
        1269000       1.466620           1570         0.3771        43487.5          2.130
        1270000       1.466683           1570         0.3768        43489.1          2.094
        1271000       1.466741           1571         0.3766        43490.7          2.094
        1272000       1.466805           1571         0.3763        43492.5          2.092
        1273000       1.466851           1571         0.3760        43497.5          2.128
        1274000       1.466914           1571         0.3758        43499.2          2.102
        1275000       1.466977           1571         0.3755        43502.2          2.097
        1276000       1.466988           1571         0.3752        43503.9          2.006
        1277000       1.466997           1571         0.3749        43505.4          2.006
        1278000       1.467006           1571         0.3746        43506.9          2.006
        1279000       1.467047           1572         0.3743        43514.1          2.147
        1280000       1.467058           1572         0.3741        43515.7          2.148
        1281000       1.467068           1572         0.3738        43517.3          2.148
        1282000       1.467079           1572         0.3735        43518.8          2.148
        1283000       1.468571           1573         0.3735        43529.0          2.170
        1284000       1.468582           1573         0.3732        43530.6          2.170
        1285000       1.470437           1574         0.3733        43538.6          2.207
        1286000       1.471798           1579         0.3735        43548.0          2.203
        1287000       1.471810           1579         0.3732        43549.6          2.202
        1288000       1.472664           1579         0.3733        43552.1          2.204
        1289000       1.474096           1582         0.3736        43555.6          2.204
        1290000       1.475375           1583         0.3736        43568.0          2.201
        1291000       1.475387           1583         0.3733        43569.7          2.201
        1292000       1.475427           1583         0.3731        43590.7          2.202
        1293000       1.475438           1583         0.3728        43592.3          2.201
        1294000       1.475467           1583         0.3726        43608.7          2.200
        1295000       1.475478           1583         0.3723        43610.3          2.200
        1296000       1.475825           1584         0.3721        43612.4          2.199
        1297000       1.477976           1585         0.3722        43617.2          2.181
        1298000       1.478038           1585         0.3720        43619.0          2.204
        1299000       1.478150           1585         0.3717        43631.8          2.205
        1300000       1.479095           1586         0.3717        43634.9          2.198
        1301000       1.479100           1586         0.3714        43636.5          2.101
        1302000       1.479105           1586         0.3711        43638.1          2.074
        1303000       1.479109           1586         0.3708        43639.6          2.074
        1304000       1.479292           1586         0.3706        43641.8          2.215
        1305000       1.479747           1586         0.3704        43737.9          2.081
        1306000       1.479754           1586         0.3701        43851.5          2.081
        1307000       1.479760           1586         0.3698        43963.8          2.081
        1308000       1.479767           1586         0.3696        44076.6          2.081
        1309000       1.479773           1586         0.3693        44190.3          2.081
        1310000       1.479780           1586         0.3690        44303.2          2.081
        1311000       1.479786           1586         0.3687        44415.6          2.081
        1312000       1.479793           1586         0.3684        44529.1          2.081
        1313000       1.479799           1586         0.3682        44642.4          2.081
        1314000       1.479806           1586         0.3679        44756.0          2.081
        1315000       1.479812           1586         0.3676        44869.8          2.081
        1316000       1.479819           1586         0.3673        44945.6          2.083
        1317000       1.479825           1586         0.3670        45058.1          2.083
        1318000       1.479831           1586         0.3668        45171.0          2.083
        1319000       1.479850           1586         0.3665        45244.1          2.081
        1320000       1.479903           1586         0.3662        45245.7          2.071
        1321000       1.479954           1586         0.3659        45247.3          2.071
        1322000       1.480007           1586         0.3657        45248.9          2.125
        1323000       1.480059           1586         0.3654        45250.5          2.073
        1324000       1.480111           1586         0.3651        45252.0          2.073
        1325000       1.480140           1586         0.3648        45316.5          2.073
        1326000       1.480148           1586         0.3646        45430.2          2.083
        1327000       1.480156           1586         0.3643        45544.8          2.083
        1328000       1.480164           1586         0.3640        45660.3          2.083
        1329000       1.480172           1586         0.3637        45775.1          2.083
        1330000       1.480180           1586         0.3635        45889.8          2.083
        1331000       1.480188           1586         0.3632        46004.6          2.083
        1332000       1.480196           1586         0.3629        46119.7          2.083
        1333000       1.480203           1586         0.3627        46233.6          2.083
        1334000       1.480211           1586         0.3624        46348.8          2.083
        1335000       1.480219           1586         0.3621        46463.4          2.083
        1336000       1.480227           1586         0.3618        46577.7          2.083
        1337000       1.480235           1586         0.3616        46693.1          2.083
        1338000       1.480243           1586         0.3613        46807.7          2.083
        1339000       1.480251           1586         0.3610        46922.4          2.083
        1340000       1.480259           1586         0.3608        47037.2          2.083
        1341000       1.480267           1586         0.3605        47152.2          2.083
        1342000       1.480275           1586         0.3602        47272.4          2.083
        1343000       1.480282           1586         0.3600        47385.4          2.082
        1344000       1.480290           1586         0.3597        47497.8          2.082
        1345000       1.480298           1586         0.3594        47610.8          2.082
        1346000       1.480306           1586         0.3592        47722.5          2.082
        1347000       1.480314           1586         0.3589        47834.6          2.082
        1348000       1.480321           1586         0.3587        47947.9          2.082
        1349000       1.480329           1586         0.3584        48060.3          2.082
        1350000       1.480337           1586         0.3581        48172.3          2.082
        1351000       1.480345           1586         0.3579        48285.2          2.082
        1352000       1.480353           1586         0.3576        48399.0          2.083
        1353000       1.480361           1586         0.3574        48513.9          2.083
        1354000       1.480368           1586         0.3571        48625.6          2.083
        1355000       1.480376           1586         0.3568        48738.0          2.083
        1356000       1.480384           1586         0.3566        48851.4          2.083
        1357000       1.480392           1586         0.3563        48963.9          2.083
        1358000       1.480400           1586         0.3560        49076.3          2.083
        1359000       1.480408           1587         0.3558        49188.7          2.083
        1360000       1.480416           1587         0.3555        49299.4          2.083
        1361000       1.480424           1587         0.3553        49411.1          2.083
        1362000       1.480432           1587         0.3550        49523.6          2.083
        1363000       1.480449           1587         0.3548        49636.2          2.083
        1364000       1.480466           1587         0.3545        49748.0          2.085
        1365000       1.480483           1587         0.3542        49859.6          2.085
        1366000       1.480499           1587         0.3540        49970.5          2.085
        1367000       1.480516           1587         0.3537        50082.0          2.085
        1368000       1.482040           1587         0.3537        50145.8          2.234
        1369000       1.484209           1590         0.3540        50151.2          2.173
        1370000       1.485113           1591         0.3539        50154.4          2.172
        1371000       1.486341           1595         0.3541        50177.1          2.182
        1372000       1.486424           1595         0.3538        50178.7          2.184
        1373000       1.486533           1596         0.3536        50180.9          2.186
        1374000       1.487376           1596         0.3537        50184.4          2.181
        1375000       1.488101           1597         0.3536        50230.2          2.192
        1376000       1.488983           1597         0.3535        50233.1          2.214
        1377000       1.489167           1597         0.3533        50254.5          2.212
        1378000       1.489780           1597         0.3531        50257.1          2.228
        1379000       1.490969           1598         0.3533        50266.9          2.229
        1380000       1.490980           1598         0.3531        50268.5          2.228
        1381000       1.491092           1598         0.3528        50270.3          2.228
        1382000       1.491582           1598         0.3527        50272.6          2.228
        1383000       1.491592           1598         0.3524        50274.1          2.228
        1384000       1.494355           1600         0.3527        50278.6          2.158
        1385000       1.494592           1600         0.3526        50284.6          2.148
        1386000       1.494638           1600         0.3524        50298.0          2.051
        1387000       1.494977           1600         0.3521        50299.6          2.029
        1388000       1.495651           1601         0.3521        50301.9          2.159
        1389000       1.496335           1603         0.3521        50303.9          2.146
        1390000       1.496382           1603         0.3519        50329.9          2.144
        1391000       1.496389           1603         0.3516        50331.5          2.144
        1392000       1.496400           1603         0.3514        50333.1          2.143
        1393000       1.498110           1605         0.3514        50335.9          2.149
        1394000       1.498929           1605         0.3512        50337.8          2.160
        1395000       1.499126           1605         0.3510        50339.4          2.160
        1396000       1.499315           1606         0.3508        50341.7          2.164
        1397000       1.499510           1607         0.3506        50343.6          2.164
        1398000       1.499718           1607         0.3504        50345.2          2.165
        1399000       1.499907           1609         0.3502        50346.9          2.166
        1400000       1.500105           1609         0.3500        50348.5          2.168
        1401000       1.500483           1609         0.3498        50350.1          2.168
        1402000       1.500681           1610         0.3496        50353.8          2.166
        1403000       1.500692           1610         0.3494        50355.3          2.166
        1404000       1.500764           1610         0.3492        50357.5          2.164
        1405000       1.500943           1610         0.3491        50359.3          2.165
        1406000       1.501090           1610         0.3489        50360.9          2.165
        1407000       1.501199           1611         0.3486        50373.6          2.164
        1408000       1.501253           1611         0.3484        50375.6          2.164
        1409000       1.501458           1612         0.3482        50377.3          2.155
        1410000       1.501657           1612         0.3481        50379.0          2.156
        1411000       1.501871           1613         0.3478        50380.6          2.156
        1412000       1.502090           1613         0.3476        50382.2          2.145
        1413000       1.502309           1613         0.3473        50383.8          2.145
        1414000       1.502477           1613         0.3471        50391.1          2.144
        1415000       1.502488           1613         0.3469        50392.7          2.143
        1416000       1.502536           1613         0.3466        50413.1          2.144
        1417000       1.502547           1613         0.3464        50414.8          2.143
        1418000       1.502705           1613         0.3461        50416.5          2.144
        1419000       1.502903           1613         0.3460        50418.3          2.144
        1420000       1.503022           1614         0.3459        50424.8          2.144
        1421000       1.503033           1614         0.3457        50426.4          2.144
        1422000       1.503056           1614         0.3454        50428.2          2.144
        1423000       1.503254           1614         0.3452        50430.2          2.144
        1424000       1.503470           1615         0.3450        50431.9          2.134
        1425000       1.503664           1616         0.3448        50433.6          2.134
        1426000       1.503847           1616         0.3447        50435.9          2.101
        1427000       1.504052           1616         0.3444        50437.5          2.105
        1428000       1.504252           1617         0.3442        50439.1          2.101
        1429000       1.504451           1617         0.3440        50440.9          2.101
        1430000       1.504660           1617         0.3439        50442.8          2.045
        1431000       1.504860           1618         0.3437        50444.4          2.045
        1432000       1.505058           1618         0.3435        50446.4          2.045
        1433000       1.505259           1618         0.3433        50448.5          2.058
        1434000       1.505468           1618         0.3431        50450.1          2.058
        1435000       1.505680           1618         0.3429        50451.7          2.058
        1436000       1.505892           1618         0.3427        50453.3          2.059
        1437000       1.506079           1618         0.3425        50455.8          2.066
        1438000       1.506216           1618         0.3424        50457.6          2.066
        1439000       1.506439           1618         0.3422        50459.5          2.065
        1440000       1.506637           1618         0.3420        50461.5          2.066
        1441000       1.506694           1618         0.3418        50463.1          2.072
        1442000       1.506701           1618         0.3416        50464.9          2.072
        1443000       1.506709           1618         0.3413        50467.7          1.961
        1444000       1.506861           1618         0.3411        50469.4          2.074
        1445000       1.507047           1618         0.3410        50471.6          2.075
        1446000       1.507200           1619         0.3408        50473.5          2.076
        1447000       1.507341           1620         0.3407        50475.3          2.075
        1448000       1.507489           1620         0.3406        50477.0          2.075
        1449000       1.507659           1621         0.3404        50478.7          2.075
        1450000       1.507756           1622         0.3402        50480.4          2.072
        1451000       1.507927           1622         0.3400        50482.0          2.072
        1452000       1.508097           1623         0.3398        50483.7          2.072
        1453000       1.508268           1623         0.3396        50485.5          2.081
        1454000       1.508434           1623         0.3394        50487.2          2.072
        1455000       1.508608           1623         0.3392        50488.9          2.135
        1456000       1.508788           1623         0.3390        50490.5          2.135
        1457000       1.508971           1623         0.3387        50492.1          2.135
        1458000       1.509152           1623         0.3385        50493.7          2.136
        1459000       1.509329           1623         0.3383        50495.3          2.138
        1460000       1.509509           1623         0.3380        50496.9          2.138
        1461000       1.509639           1623         0.3378        50498.5          2.139
        1462000       1.509760           1624         0.3376        50500.3          2.140
        1463000       1.510477           1626         0.3375        50502.5          2.141
        1464000       1.510619           1626         0.3373        50506.3          2.136
        1465000       1.510773           1626         0.3371        50507.9          2.136
        1466000       1.510916           1626         0.3369        50509.6          2.137
        1467000       1.511011           1626         0.3367        50511.3          2.145
        1468000       1.511254           1626         0.3365        50526.2          2.202
        1469000       1.511389           1626         0.3363        50528.3          2.189
        1470000       1.511521           1626         0.3361        50530.2          2.205
        1471000       1.511657           1626         0.3359        50532.2          2.205
        1472000       1.511804           1627         0.3357        50533.8          2.205
        1473000       1.511983           1627         0.3355        50535.8          2.205
        1474000       1.512191           1628         0.3353        50537.5          2.205
        1475000       1.512395           1628         0.3351        50539.3          2.205
        1476000       1.512596           1628         0.3349        50540.9          2.205
        1477000       1.512761           1629         0.3347        50542.6          2.203
        1478000       1.512900           1629         0.3345        50544.5          2.156
        1479000       1.513032           1630         0.3344        50546.7          2.201
        1480000       1.513170           1630         0.3343        50548.4          2.201
        1481000       1.513297           1631         0.3342        50550.4          2.226
        1482000       1.513443           1632         0.3340        50552.1          2.220
        1483000       1.513609           1632         0.3338        50554.2          2.210
        1484000       1.513764           1632         0.3336        50555.8          2.210
        1485000       1.513922           1632         0.3334        50558.0          2.226
        1486000       1.514083           1632         0.3333        50560.2          2.225
        1487000       1.514266           1632         0.3331        50561.8          2.226
        1488000       1.514447           1632         0.3328        50563.4          2.226
        1489000       1.514587           1632         0.3326        50565.2          2.226
        1490000       1.514765           1632         0.3324        50567.1          2.226
        1491000       1.514929           1632         0.3323        50568.7          2.226
        1492000       1.515052           1632         0.3321        50570.8          2.226
        1493000       1.515123           1633         0.3319        50572.7          2.226
        1494000       1.515299           1633         0.3317        50575.1          2.226
        1495000       1.515445           1633         0.3316        50577.0          2.226
        1496000       1.515580           1633         0.3314        50578.7          2.226
        1497000       1.515721           1633         0.3312        50580.3          2.226
        1498000       1.515862           1633         0.3309        50581.9          2.226
        1499000       1.516000           1634         0.3308        50583.8          2.226
        1500000       1.516126           1634         0.3306        50585.6          2.230
        1501000       1.516252           1634         0.3305        50587.2          2.231
        1502000       1.516380           1634         0.3303        50589.2          2.225
        1503000       1.516513           1634         0.3301        50591.1          2.230
        1504000       1.516648           1634         0.3300        50592.7          2.230
        1505000       1.516777           1634         0.3298        50594.8          2.231
        1506000       1.516915           1634         0.3296        50596.5          2.231
        1507000       1.517050           1635         0.3294        50598.3          2.228
        1508000       1.517187           1635         0.3292        50599.9          2.228
        1509000       1.517319           1635         0.3290        50601.6          2.229
        1510000       1.517462           1635         0.3288        50603.2          2.231
        1511000       1.517573           1635         0.3286        50604.8          2.231
        1512000       1.517682           1635         0.3284        50606.5          2.232
        1513000       1.517790           1635         0.3283        50608.2          2.232
        1514000       1.517879           1635         0.3280        50615.7          2.232
        1515000       1.517956           1635         0.3278        50617.4          2.233
        1516000       1.518069           1635         0.3276        50619.1          2.233
        1517000       1.518187           1635         0.3274        50620.6          2.233
        1518000       1.518304           1635         0.3272        50622.2          2.233
        1519000       1.518419           1635         0.3270        50623.9          2.230
        1520000       1.518535           1635         0.3268        50625.5          2.230
        1521000       1.518652           1635         0.3266        50627.2          2.231
        1522000       1.518762           1636         0.3264        50628.9          2.231
        1523000       1.518868           1636         0.3262        50630.6          2.231
        1524000       1.518979           1636         0.3260        50632.2          2.231
        1525000       1.519086           1636         0.3258        50634.1          2.223
        1526000       1.519190           1636         0.3257        50636.0          2.226
        1527000       1.519296           1636         0.3255        50638.1          2.227
        1528000       1.519408           1636         0.3252        50639.7          2.227
        1529000       1.519478           1636         0.3250        50641.3          2.227
        1530000       1.519490           1636         0.3248        50642.9          2.223
        1531000       1.519551           1636         0.3247        50644.8          2.227
        1532000       1.519847           1636         0.3245        50646.9          2.226
        1533000       1.519948           1636         0.3243        50648.6          2.227
        1534000       1.520050           1636         0.3241        50650.2          2.228
        1535000       1.520094           1636         0.3239        50651.9          2.228
        1536000       1.520130           1636         0.3237        50657.2          2.228
        1537000       1.520162           1636         0.3235        50659.2          2.229
        1538000       1.520224           1636         0.3233        50662.0          2.228
        1539000       1.520333           1636         0.3231        50663.8          2.228
        1540000       1.520432           1636         0.3229        50665.4          2.228
        1541000       1.520534           1636         0.3227        50667.0          2.228
        1542000       1.520631           1636         0.3225        50668.6          2.228
        1543000       1.520723           1636         0.3224        50670.7          2.230
        1544000       1.520823           1637         0.3222        50672.3          2.230
        1545000       1.520917           1637         0.3220        50673.9          2.230
        1546000       1.521009           1637         0.3218        50675.6          2.222
        1547000       1.521101           1637         0.3216        50677.2          2.222
        1548000       1.521193           1637         0.3214        50678.8          2.222
        1549000       1.521285           1637         0.3212        50680.4          2.222
        1550000       1.521377           1637         0.3210        50681.9          2.221
        1551000       1.521469           1637         0.3208        50683.5          2.221
        1552000       1.521562           1637         0.3206        50685.2          2.221
        1553000       1.521652           1637         0.3204        50686.8          2.221
        1554000       1.521740           1637         0.3202        50688.5          2.217
        1555000       1.521830           1637         0.3200        50690.2          2.221
        1556000       1.521921           1637         0.3198        50691.9          2.220
        1557000       1.522005           1638         0.3196        50693.5          2.221
        1558000       1.522068           1638         0.3195        50695.3          2.221
        1559000       1.522242           1638         0.3193        50703.5          2.224
        1560000       1.522318           1638         0.3191        50705.4          2.222
        1561000       1.522396           1638         0.3189        50707.0          2.223
        1562000       1.522474           1638         0.3188        50708.7          2.223
        1563000       1.522539           1638         0.3186        50710.4          2.223
        1564000       1.522588           1638         0.3184        50712.0          2.223
        1565000       1.522636           1639         0.3182        50713.8          2.223
        1566000       1.522685           1639         0.3180        50715.4          2.225
        1567000       1.522735           1639         0.3178        50717.0          2.225
        1568000       1.522784           1639         0.3176        50718.6          2.225
        1569000       1.522832           1639         0.3174        50720.2          2.224
        1570000       1.522879           1639         0.3173        50721.8          2.224
        1571000       1.522926           1639         0.3171        50723.5          2.224
        1572000       1.522976           1639         0.3169        50728.4          2.223
        1573000       1.522985           1639         0.3167        50820.8          2.223
        1574000       1.522993           1639         0.3165        50910.4          2.223
        1575000       1.523002           1639         0.3163        51000.3          2.223
        1576000       1.523011           1639         0.3161        51095.9          2.222
        1577000       1.523019           1639         0.3159        51176.5          2.207
        1578000       1.523028           1639         0.3157        51247.6          2.207
        1579000       1.523036           1639         0.3155        51341.8          2.207
        1580000       1.523045           1639         0.3153        51438.4          2.300
        1581000       1.523054           1639         0.3151        51529.4          2.222
        1582000       1.523062           1639         0.3149        51623.2          2.222
        1583000       1.523071           1639         0.3147        51715.5          2.222
        1584000       1.523080           1639         0.3145        51807.1          2.222
        1585000       1.523088           1639         0.3143        51900.2          2.222
        1586000       1.523097           1639         0.3141        51994.0          2.222
        1587000       1.523106           1639         0.3139        52089.9          2.223
        1588000       1.523114           1639         0.3138        52184.0          2.223
        1589000       1.523123           1639         0.3136        52274.0          2.223
        1590000       1.523132           1639         0.3134        52365.3          2.223
        1591000       1.523140           1639         0.3132        52459.6          2.223
        1592000       1.523149           1639         0.3130        52552.4          2.223
        1593000       1.523158           1639         0.3128        52645.5          2.223
        1594000       1.523166           1639         0.3126        52739.1          2.223
        1595000       1.523175           1639         0.3124        52830.5          2.223
        1596000       1.523184           1639         0.3122        52924.2          2.223
        1597000       1.523192           1639         0.3120        53017.8          2.223
        1598000       1.523201           1639         0.3118        53112.5          2.223
        1599000       1.523210           1639         0.3116        53207.3          2.223
        1600000       1.523218           1639         0.3114        53300.8          2.223
        1601000       1.523227           1639         0.3112        53397.2          2.223
        1602000       1.523236           1639         0.3110        53491.8          2.223
        1603000       1.523244           1639         0.3108        53584.8          2.223
        1604000       1.523253           1639         0.3106        53677.5          2.223
        1605000       1.523262           1639         0.3104        53769.8          2.223
        1606000       1.523270           1639         0.3102        53864.0          2.223
        1607000       1.523279           1639         0.3100        53956.7          2.223
        1608000       1.523288           1639         0.3099        54048.2          2.223
        1609000       1.523296           1639         0.3097        54142.9          2.223
        1610000       1.523305           1639         0.3095        54235.3          2.223
        1611000       1.523314           1639         0.3093        54329.6          2.223
        1612000       1.523322           1639         0.3091        54423.7          2.223
        1613000       1.523331           1639         0.3089        54515.0          2.223
        1614000       1.523340           1639         0.3087        54609.3          2.223
        1615000       1.523348           1639         0.3085        54703.5          2.223
        1616000       1.523357           1639         0.3083        54795.9          2.223
        1617000       1.523366           1639         0.3081        54888.8          2.223
        1618000       1.523374           1639         0.3079        54982.2          2.223
        1619000       1.523383           1639         0.3077        55076.0          2.223
        1620000       1.523392           1639         0.3076        55169.1          2.223
        1621000       1.523401           1639         0.3074        55262.9          2.223
        1622000       1.523409           1639         0.3072        55357.4          2.223
        1623000       1.523418           1639         0.3070        55451.2          2.223
        1624000       1.523427           1639         0.3068        55542.9          2.223
        1625000       1.523435           1639         0.3066        55656.9          2.223
        1626000       1.523444           1639         0.3064        55761.9          2.223
        1627000       1.523453           1639         0.3062        55893.3          2.223
        1628000       1.523461           1639         0.3060        55986.5          2.223
        1629000       1.523470           1639         0.3059        56079.4          2.223
        1630000       1.523479           1639         0.3057        56174.3          2.223
        1631000       1.523487           1639         0.3055        56269.0          2.223
        1632000       1.523496           1639         0.3053        56362.8          2.223
        1633000       1.523505           1639         0.3051        56456.2          2.223
        1634000       1.523513           1639         0.3049        56551.9          2.223
        1635000       1.523522           1639         0.3047        56645.1          2.223
        1636000       1.523531           1639         0.3045        56740.5          2.223
        1637000       1.523539           1639         0.3044        56834.8          2.223
        1638000       1.523548           1639         0.3042        56928.3          2.223
        1639000       1.523557           1639         0.3040        57024.0          2.223
        1640000       1.523565           1639         0.3038        57115.8          2.223
        1641000       1.523574           1639         0.3036        57209.1          2.223
        1642000       1.523583           1639         0.3034        57303.0          2.223
        1643000       1.523591           1639         0.3033        57393.1          2.223
        1644000       1.523600           1639         0.3031        57486.8          2.223
        1645000       1.523609           1639         0.3029        57578.0          2.223
        1646000       1.523617           1639         0.3027        57673.5          2.223
        1647000       1.523626           1639         0.3025        57768.8          2.223
        1648000       1.523635           1639         0.3023        57864.1          2.223
        1649000       1.523643           1639         0.3022        57959.6          2.223
        1650000       1.523652           1639         0.3020        58052.2          2.223
        1651000       1.523661           1639         0.3018        58146.2          2.223
        1652000       1.523669           1639         0.3016        58241.0          2.223
        1653000       1.523678           1639         0.3014        58334.1          2.223
        1654000       1.523687           1639         0.3012        58429.6          2.223
        1655000       1.523695           1639         0.3011        58522.8          2.223
        1656000       1.523704           1639         0.3009        58616.0          2.223
        1657000       1.523713           1639         0.3007        58707.6          2.223
        1658000       1.523721           1639         0.3005        58799.1          2.223
        1659000       1.523730           1639         0.3003        58891.8          2.223
        1660000       1.523739           1639         0.3002        58984.1          2.223
        1661000       1.523747           1639         0.3000        59077.2          2.223
        1662000       1.523756           1639         0.2998        59172.5          2.223
        1663000       1.523765           1639         0.2996        59262.8          2.223
        1664000       1.523773           1639         0.2994        59356.2          2.223
        1665000       1.523782           1639         0.2993        59449.9          2.223
        1666000       1.523791           1639         0.2991        59543.6          2.223
        1667000       1.523799           1639         0.2989        59636.6          2.223
        1668000       1.523808           1639         0.2987        59731.4          2.223
        1669000       1.523817           1639         0.2985        59822.1          2.223
        1670000       1.523826           1639         0.2984        59916.2          2.223
        1671000       1.523834           1639         0.2982        60012.4          2.223
        1672000       1.523843           1639         0.2980        60104.4          2.223
        1673000       1.523852           1639         0.2978        60198.1          2.223
        1674000       1.523860           1639         0.2976        60293.6          2.223
        1675000       1.523869           1639         0.2975        60388.6          2.223
        1676000       1.523878           1639         0.2973        60479.4          2.223
        1677000       1.523886           1639         0.2971        60573.6          2.223
        1678000       1.523895           1639         0.2969        60662.2          2.223
        1679000       1.523903           1639         0.2968        60752.6          2.223
        1680000       1.523912           1639         0.2966        60845.3          2.223
        1681000       1.523921           1639         0.2964        60937.2          2.223
        1682000       1.523929           1639         0.2962        61027.9          2.223
        1683000       1.523938           1639         0.2961        61121.7          2.223
        1684000       1.523946           1639         0.2959        61211.6          2.223
        1685000       1.523955           1639         0.2957        61306.4          2.223
        1686000       1.523964           1639         0.2955        61400.3          2.223
        1687000       1.523972           1639         0.2954        61494.2          2.223
        1688000       1.523981           1639         0.2952        61585.6          2.223
        1689000       1.523989           1639         0.2950        61682.9          2.223
        1690000       1.523998           1639         0.2948        61773.7          2.223
        1691000       1.524007           1639         0.2947        61866.9          2.223
        1692000       1.524015           1639         0.2945        61960.6          2.223
        1693000       1.524024           1639         0.2943        62054.0          2.223
        1694000       1.524033           1639         0.2941        62145.2          2.223
        1695000       1.524041           1639         0.2940        62238.4          2.223
        1696000       1.524050           1639         0.2938        62333.3          2.223
        1697000       1.524058           1639         0.2936        62427.8          2.223
        1698000       1.524067           1639         0.2934        62523.3          2.223
        1699000       1.524076           1639         0.2933        62616.6          2.223
        1700000       1.524084           1639         0.2931        62709.5          2.223
        1701000       1.524093           1639         0.2929        62804.9          2.223
        1702000       1.524101           1639         0.2927        62903.7          2.223
        1703000       1.524110           1639         0.2926        62996.5          2.223
        1704000       1.524119           1639         0.2924        63092.8          2.223
        1705000       1.524127           1639         0.2922        63189.4          2.223
        1706000       1.524141           1639         0.2921        63267.8          2.223
        1707000       1.524195           1639         0.2919        63269.8          2.224
        1708000       1.524252           1639         0.2917        63271.6          2.221
        1709000       1.524306           1639         0.2916        63273.3          2.220
        1710000       1.524359           1639         0.2914        63275.0          2.221
        1711000       1.524412           1639         0.2912        63277.1          2.223
        1712000       1.524465           1639         0.2911        63279.2          2.223
        1713000       1.524519           1639         0.2909        63281.0          2.221
        1714000       1.524572           1640         0.2908        63282.6          2.222
        1715000       1.524622           1641         0.2906        63284.4          2.222
        1716000       1.524672           1642         0.2905        63286.2          2.223
        1717000       1.524727           1642         0.2904        63287.8          2.223
        1718000       1.524783           1642         0.2902        63289.5          2.223
        1719000       1.524838           1642         0.2900        63291.1          2.223
        1720000       1.524893           1642         0.2899        63292.8          2.223
        1721000       1.524948           1642         0.2897        63294.4          2.223
        1722000       1.525003           1642         0.2895        63296.2          2.223
        1723000       1.525058           1642         0.2893        63297.8          2.223
        1724000       1.525113           1642         0.2892        63299.5          2.223
        1725000       1.525167           1642         0.2890        63301.3          2.222
        1726000       1.525221           1642         0.2889        63303.0          2.222
        1727000       1.525276           1642         0.2887        63304.6          2.222
        1728000       1.525331           1642         0.2885        63306.3          2.222
        1729000       1.525385           1642         0.2884        63307.9          2.222
        1730000       1.525440           1642         0.2882        63309.5          2.222
        1731000       1.525494           1642         0.2880        63311.2          2.222
        1732000       1.525547           1642         0.2879        63312.9          2.220
        1733000       1.525601           1642         0.2877        63314.6          2.220
        1734000       1.525654           1642         0.2876        63316.7          2.219
        1735000       1.525709           1642         0.2874        63318.4          2.219
        1736000       1.525764           1642         0.2872        63320.1          2.219
        1737000       1.525819           1642         0.2871        63321.8          2.219
        1738000       1.525874           1642         0.2869        63323.4          2.219
        1739000       1.525930           1642         0.2868        63325.1          2.218
        1740000       1.525985           1642         0.2866        63326.8          2.218
        1741000       1.526040           1642         0.2864        63328.6          2.219
        1742000       1.526094           1642         0.2863        63330.4          2.218
        1743000       1.526149           1642         0.2861        63332.1          2.218
        1744000       1.526205           1642         0.2860        63333.7          2.218
        1745000       1.526261           1642         0.2858        63335.4          2.218
        1746000       1.526316           1642         0.2857        63337.3          2.218
        1747000       1.526374           1642         0.2855        63339.1          2.218
        1748000       1.526432           1642         0.2853        63340.8          2.218
        1749000       1.526488           1642         0.2852        63342.6          2.218
        1750000       1.526540           1642         0.2850        63344.4          2.218
        1751000       1.526594           1642         0.2849        63346.2          2.175
        1752000       1.526647           1642         0.2847        63347.9          2.175
        1753000       1.526700           1643         0.2846        63350.1          2.176
        1754000       1.526755           1643         0.2844        63351.8          2.176
        1755000       1.526809           1643         0.2843        63353.4          2.176
        1756000       1.526863           1643         0.2841        63355.1          2.177
        1757000       1.526917           1643         0.2840        63357.3          2.204
        1758000       1.526973           1643         0.2838        63359.0          2.220
        1759000       1.527030           1643         0.2836        63360.7          2.220
        1760000       1.527056           1643         0.2835        63362.4          2.220
        1761000       1.527558           1643         0.2834        63364.3          2.221
        1762000       1.528035           1645         0.2833        63366.2          2.214
        1763000       1.528463           1646         0.2832        63368.1          2.213
        1764000       1.529908           1649         0.2834        63373.0          2.234
        1765000       1.530595           1649         0.2833        63375.5          2.234
        1766000       1.530957           1650         0.2832        63389.9          2.245
        1767000       1.531387           1650         0.2832        63391.9          2.241
        1768000       1.531556           1650         0.2830        63467.7          2.242
        1769000       1.531565           1650         0.2828        63578.6          2.242
        1770000       1.531574           1650         0.2827        63690.1          2.242
        1771000       1.531583           1650         0.2825        63801.1          2.242
        1772000       1.531592           1650         0.2824        63911.6          2.242
        1773000       1.531601           1650         0.2822        64022.6          2.242
        1774000       1.531610           1650         0.2821        64132.6          2.242
        1775000       1.531619           1650         0.2819        64243.0          2.242
        1776000       1.531628           1650         0.2817        64353.8          2.242
        1777000       1.531637           1650         0.2816        64464.5          2.242
        1778000       1.531646           1650         0.2814        64575.9          2.242
        1779000       1.531655           1650         0.2813        64687.2          2.242
        1780000       1.531663           1650         0.2811        64798.1          2.242
        1781000       1.531672           1650         0.2810        64909.2          2.242
        1782000       1.531681           1650         0.2808        65020.5          2.242
        1783000       1.531690           1650         0.2807        65133.2          2.242
        1784000       1.531699           1650         0.2805        65246.0          2.242
        1785000       1.531708           1650         0.2803        65356.8          2.242
        1786000       1.531717           1650         0.2802        65468.1          2.242
        1787000       1.531726           1650         0.2800        65578.7          2.242
        1788000       1.531735           1650         0.2799        65690.5          2.242
        1789000       1.531744           1650         0.2797        65802.0          2.242
        1790000       1.531753           1650         0.2796        65913.6          2.242
        1791000       1.531762           1650         0.2794        66026.8          2.242
        1792000       1.531771           1650         0.2793        66138.4          2.242
        1793000       1.531780           1650         0.2791        66250.6          2.242
        1794000       1.531789           1650         0.2789        66363.2          2.242
        1795000       1.531798           1650         0.2788        66477.5          2.242
        1796000       1.531807           1650         0.2786        66588.7          2.242
        1797000       1.531816           1650         0.2785        66698.9          2.242
        1798000       1.531825           1650         0.2783        66810.3          2.242
        1799000       1.531834           1650         0.2782        66922.3          2.242
        1800000       1.531843           1650         0.2780        67033.3          2.242
        1801000       1.531852           1650         0.2779        67144.0          2.242
        1802000       1.531861           1650         0.2777        67254.4          2.242
        1803000       1.531870           1650         0.2776        67365.4          2.242
        1804000       1.531879           1650         0.2774        67475.9          2.242
        1805000       1.531888           1650         0.2773        67587.2          2.242
        1806000       1.531897           1650         0.2771        67698.7          2.242
        1807000       1.531906           1650         0.2770        67810.4          2.242
        1808000       1.531915           1650         0.2768        67922.6          2.242
        1809000       1.531924           1650         0.2767        68033.4          2.242
        1810000       1.531933           1650         0.2765        68146.0          2.242
        1811000       1.531942           1650         0.2764        68258.1          2.242
        1812000       1.531951           1650         0.2762        68370.6          2.242
        1813000       1.531960           1650         0.2761        68483.5          2.242
        1814000       1.531969           1650         0.2759        68597.1          2.242
        1815000       1.531978           1650         0.2758        68709.1          2.242
        1816000       1.531987           1650         0.2756        68820.7          2.242
        1817000       1.531996           1650         0.2755        68937.1          2.242
        1818000       1.532005           1650         0.2753        69049.3          2.242
        1819000       1.532014           1650         0.2752        69162.1          2.242
        1820000       1.532023           1650         0.2750        69275.3          2.242
        1821000       1.532032           1650         0.2749        69387.3          2.242
        1822000       1.532041           1650         0.2747        69499.7          2.242
        1823000       1.532050           1650         0.2746        69608.6          2.242
        1824000       1.532059           1650         0.2744        69719.4          2.242
        1825000       1.532067           1650         0.2743        69831.7          2.242
        1826000       1.532076           1650         0.2741        69943.8          2.242
        1827000       1.532085           1650         0.2740        70056.1          2.242
        1828000       1.532094           1650         0.2738        70167.8          2.242
        1829000       1.532103           1650         0.2737        70278.9          2.242
        1830000       1.532112           1650         0.2736        70390.0          2.242
        1831000       1.532121           1650         0.2734        70502.7          2.242
        1832000       1.532130           1650         0.2733        70615.4          2.242
        1833000       1.532139           1650         0.2731        70728.2          2.242
        1834000       1.532148           1650         0.2730        70840.4          2.242
        1835000       1.532157           1650         0.2728        70953.1          2.242
        1836000       1.532166           1650         0.2727        71065.4          2.242
        1837000       1.532175           1650         0.2725        71178.2          2.242
        1838000       1.532184           1650         0.2724        71233.6          2.243
        1839000       1.532281           1651         0.2722        71237.2          2.243
        1840000       1.532739           1651         0.2721        71238.9          2.243
        1841000       1.533185           1652         0.2721        71241.0          2.240
        1842000       1.533380           1652         0.2719        71243.3          2.239
        1843000       1.533418           1652         0.2718        71245.0          2.239
        1844000       1.533457           1652         0.2717        71246.7          2.239
        1845000       1.533496           1652         0.2715        71248.5          2.239
        1846000       1.533536           1652         0.2714        71250.1          2.239
        1847000       1.533576           1653         0.2712        71252.2          2.224
        1848000       1.533609           1653         0.2711        71253.8          2.225
        1849000       1.534049           1654         0.2710        71266.8          2.239
        1850000       1.534088           1655         0.2709        71268.6          2.197
        1851000       1.534127           1655         0.2707        71270.3          2.197
        1852000       1.534144           1655         0.2706        71271.9          2.197
        1853000       1.534565           1655         0.2705        71275.0          2.234
        1854000       1.534975           1655         0.2704        71286.8          2.237
        1855000       1.534985           1656         0.2703        71399.2          2.237
        1856000       1.534995           1656         0.2701        71509.9          2.237
        1857000       1.535176           1656         0.2700        71571.1          2.237
        1858000       1.535266           1656         0.2699        71573.0          2.237
        1859000       1.535303           1656         0.2697        71574.7          2.237
        1860000       1.535339           1656         0.2696        71576.3          2.237
        1861000       1.535376           1656         0.2694        71577.9          2.237
        1862000       1.535413           1656         0.2693        71579.5          2.237
        1863000       1.535449           1656         0.2692        71581.2          2.238
        1864000       1.535486           1656         0.2690        71582.8          2.238
        1865000       1.535523           1656         0.2689        71584.4          2.238
        1866000       1.535675           1656         0.2687        71586.0          2.238
        1867000       1.535792           1657         0.2686        71587.7          2.237
        1868000       1.535869           1657         0.2685        71589.6          2.238
        1869000       1.536151           1657         0.2684        71592.3          2.174
        1870000       1.536923           1657         0.2684        71594.9          2.182
        1871000       1.537235           1657         0.2684        71596.9          2.225
        1872000       1.537509           1657         0.2683        71598.7          2.224
        1873000       1.537803           1658         0.2682        71601.0          2.222
        1874000       1.538298           1660         0.2681        71603.2          2.224
        1875000       1.538724           1660         0.2680        71605.1          2.224
        1876000       1.539829           1661         0.2681        71608.0          2.222
        1877000       1.540556           1662         0.2680        71610.4          2.173
        1878000       1.540970           1662         0.2680        71612.8          2.155
        1879000       1.541384           1663         0.2679        71615.7          2.228
        1880000       1.542109           1663         0.2679        71618.3          2.230
        1881000       1.542812           1663         0.2679        71620.9          2.234
        1882000       1.543300           1663         0.2679        71624.6          2.233
        1883000       1.544861           1664         0.2679        71627.7          2.213
        1884000       1.545310           1665         0.2678        71629.7          2.232
        1885000       1.545368           1665         0.2677        71631.4          2.232
        1886000       1.545428           1665         0.2675        71633.1          2.232
        1887000       1.545488           1665         0.2674        71634.8          2.232
        1888000       1.545548           1665         0.2673        71636.5          2.232
        1889000       1.545607           1665         0.2671        71638.2          2.232
        1890000       1.545666           1665         0.2670        71639.9          2.232
        1891000       1.545726           1665         0.2669        71641.6          2.227
        1892000       1.545785           1665         0.2668        71643.9          2.185
        1893000       1.545842           1665         0.2667        71646.2          2.186
        1894000       1.545950           1665         0.2666        71648.5          2.186
        1895000       1.545979           1665         0.2664        71650.4          2.186
        1896000       1.546079           1665         0.2663        71652.3          2.230
        1897000       1.546180           1666         0.2663        71654.1          2.230
        1898000       1.546287           1666         0.2661        71656.1          2.227
        1899000       1.546395           1666         0.2660        71658.1          2.230
        1900000       1.546453           1666         0.2659        71659.8          2.230
        1901000       1.546579           1666         0.2658        71661.5          2.231
        1902000       1.546701           1666         0.2656        71663.6          2.231
        1903000       1.546817           1666         0.2655        71665.2          2.231
        1904000       1.546922           1667         0.2654        71667.7          2.229
        1905000       1.547032           1668         0.2653        71669.5          2.232
        1906000       1.547145           1668         0.2651        71671.2          2.232
        1907000       1.547248           1669         0.2650        71672.9          2.232
        1908000       1.547356           1671         0.2649        71674.7          2.232
        1909000       1.547464           1671         0.2648        71676.4          2.232
        1910000       1.547576           1671         0.2647        71678.1          2.232
        1911000       1.547689           1671         0.2646        71679.9          2.232
        1912000       1.547739           1671         0.2645        71681.5          2.232
        1913000       1.548229           1671         0.2644        71683.6          2.232
        1914000       1.548313           1671         0.2643        71685.8          2.233
        1915000       1.548440           1671         0.2642        71687.7          2.233
        1916000       1.548555           1671         0.2640        71689.7          2.233
        1917000       1.548670           1671         0.2639        71691.4          2.233
        1918000       1.548785           1671         0.2638        71693.0          2.228
        1919000       1.548898           1671         0.2636        71695.0          2.216
        1920000       1.549010           1671         0.2635        71697.1          2.216
        1921000       1.549119           1672         0.2634        71698.8          2.216
        1922000       1.549225           1672         0.2633        71700.9          2.230
        1923000       1.549337           1672         0.2632        71702.7          2.234
        1924000       1.549447           1672         0.2630        71704.3          2.234
        1925000       1.549555           1672         0.2629        71706.0          2.235
        1926000       1.549662           1673         0.2628        71708.1          2.235
        1927000       1.549776           1673         0.2627        71709.8          2.235
        1928000       1.549889           1673         0.2626        71711.4          2.235
        1929000       1.549997           1673         0.2624        71713.1          2.235
        1930000       1.550104           1673         0.2623        71715.4          2.235
        1931000       1.550217           1673         0.2622        71717.0          2.237
        1932000       1.550330           1674         0.2621        71718.8          2.225
        1933000       1.550444           1674         0.2620        71720.6          2.225
        1934000       1.550557           1674         0.2618        71722.2          2.225
        1935000       1.550670           1674         0.2617        71723.9          2.225
        1936000       1.550780           1674         0.2616        71725.6          2.222
        1937000       1.550892           1674         0.2614        71727.4          2.224
        1938000       1.551002           1674         0.2613        71729.2          2.236
        1939000       1.551112           1674         0.2612        71730.9          2.236
        1940000       1.551224           1674         0.2611        71732.5          2.236
        1941000       1.551337           1674         0.2609        71734.2          2.249
        1942000       1.551449           1674         0.2608        71735.9          2.249
        1943000       1.551556           1674         0.2607        71737.6          2.249
        1944000       1.551658           1675         0.2606        71739.4          2.250
        1945000       1.551765           1676         0.2605        71741.2          2.232
        1946000       1.551872           1676         0.2603        71742.9          2.233
        1947000       1.551930           1676         0.2602        71744.6          2.233
        1948000       1.552034           1676         0.2602        71747.2          2.239
        1949000       1.552313           1676         0.2601        71749.3          2.239
        1950000       1.552410           1676         0.2601        71751.0          2.239
        1951000       1.552514           1676         0.2600        71752.6          2.239
        1952000       1.552618           1676         0.2598        71754.5          2.240
        1953000       1.552721           1676         0.2597        71756.4          2.240
        1954000       1.552827           1676         0.2596        71758.2          2.240
        1955000       1.552899           1676         0.2594        71760.0          2.240
        1956000       1.553016           1676         0.2593        71761.9          2.239
        1957000       1.553124           1676         0.2592        71763.6          2.239
        1958000       1.553229           1676         0.2591        71765.3          2.240
        1959000       1.553328           1676         0.2589        71767.0          2.240
        1960000       1.553414           1676         0.2589        71769.1          2.240
        1961000       1.553493           1676         0.2588        71771.3          2.240
        1962000       1.553572           1676         0.2587        71772.9          2.240
        1963000       1.553656           1676         0.2585        71774.6          2.240
        1964000       1.553753           1676         0.2584        71776.4          2.240
        1965000       1.553849           1676         0.2583        71778.2          2.231
        1966000       1.553949           1676         0.2582        71779.9          2.231
        1967000       1.554042           1676         0.2581        71782.0          2.231
        1968000       1.554081           1676         0.2580        71783.8          2.231
        1969000       1.554397           1676         0.2579        71796.6          2.231
        1970000       1.554495           1676         0.2578        71798.7          2.231
        1971000       1.554596           1677         0.2577        71800.4          2.231
        1972000       1.554684           1677         0.2577        71802.2          2.231
        1973000       1.554775           1677         0.2576        71804.0          2.232
        1974000       1.554875           1678         0.2575        71805.8          2.232
        1975000       1.554968           1678         0.2574        71807.7          2.231
        1976000       1.555059           1678         0.2573        71809.4          2.230
        1977000       1.555154           1678         0.2572        71811.1          2.230
        1978000       1.555251           1678         0.2570        71812.8          2.230
        1979000       1.555348           1679         0.2569        71814.6          2.230
        1980000       1.555449           1679         0.2568        71816.3          2.230
        1981000       1.555549           1679         0.2567        71818.1          2.230
        1982000       1.555645           1679         0.2565        71820.2          2.230
        1983000       1.555741           1679         0.2564        71821.9          2.230
        1984000       1.555838           1679         0.2563        71823.6          2.230
        1985000       1.555936           1679         0.2562        71825.2          2.230
        1986000       1.556036           1679         0.2561        71827.1          2.224
        1987000       1.556135           1679         0.2560        71828.9          2.234
        1988000       1.556177           1679         0.2558        71830.9          2.232
        1989000       1.556278           1679         0.2558        71832.8          2.233
        1990000       1.556388           1679         0.2556        71834.4          2.233
        1991000       1.556494           1679         0.2555        71836.5          2.234
        1992000       1.556600           1679         0.2555        71838.4          2.233
        1993000       1.556710           1679         0.2553        71840.2          2.232
        1994000       1.556821           1679         0.2552        71841.9          2.233
        1995000       1.556929           1679         0.2551        71843.8          2.233
        1996000       1.557043           1679         0.2550        71845.5          2.234
        1997000       1.557161           1679         0.2549        71847.9          2.234
        1998000       1.557285           1679         0.2548        71849.5          2.234
        1999000       1.557377           1681         0.2547        71851.7          2.227
        2000000       1.557508           1682         0.2546        71853.7          2.227
        2001000       1.557557           1682         0.2545        71855.5          2.226
        2002000       1.557669           1682         0.2544        71857.4          2.226
        2003000       1.557806           1682         0.2543        71859.0          2.227
        2004000       1.557951           1682         0.2542        71861.3          2.224
        2005000       1.558074           1682         0.2541        71863.1          2.223
        2006000       1.558184           1682         0.2540        71864.8          2.224
        2007000       1.558296           1682         0.2540        71866.9          2.225
        2008000       1.558406           1682         0.2539        71868.6          2.225
        2009000       1.558514           1682         0.2537        71870.3          2.225
        2010000       1.558626           1682         0.2536        71872.2          2.218
        2011000       1.558739           1682         0.2535        71873.9          2.180
        2012000       1.558863           1682         0.2534        71875.8          2.224
        2013000       1.558972           1682         0.2534        71878.4          2.224
        2014000       1.559113           1682         0.2533        71880.1          2.226
        2015000       1.559229           1682         0.2532        71881.9          2.226
        2016000       1.559344           1682         0.2530        71883.6          2.226
        2017000       1.559460           1682         0.2529        71885.3          2.226
        2018000       1.559572           1682         0.2529        71887.0          2.225
        2019000       1.559696           1682         0.2527        71888.7          2.224
        2020000       1.559817           1683         0.2526        71890.3          2.224
        2021000       1.559935           1683         0.2525        71892.0          2.224
        2022000       1.560043           1683         0.2524        71894.4          2.229
        2023000       1.560163           1683         0.2523        71896.4          2.186
        2024000       1.560292           1683         0.2522        71898.4          2.229
        2025000       1.560431           1683         0.2521        71900.3          2.230
        2026000       1.560570           1683         0.2520        71902.0          2.232
        2027000       1.560713           1683         0.2519        71903.9          2.233
        2028000       1.560848           1683         0.2518        71905.7          2.233
        2029000       1.560942           1684         0.2517        71907.5          2.233
        2030000       1.560963           1684         0.2516        71909.2          2.233
        2031000       1.560984           1684         0.2515        71910.9          2.233
        2032000       1.561005           1684         0.2514        71912.5          2.233
        2033000       1.561026           1684         0.2513        71914.2          2.233
        2034000       1.561048           1684         0.2511        71915.9          2.233
        2035000       1.561069           1684         0.2510        71917.4          2.233
        2036000       1.561090           1684         0.2509        71919.1          2.233
        2037000       1.561111           1684         0.2508        71920.7          2.233
        2038000       1.561132           1684         0.2507        71922.4          2.233
        2039000       1.561153           1684         0.2505        71924.0          2.233
        2040000       1.561175           1684         0.2504        71925.7          2.233
        2041000       1.561194           1684         0.2503        71927.4          2.233
        2042000       1.561212           1684         0.2502        71929.0          2.233
        2043000       1.561231           1684         0.2500        71930.7          2.233
        2044000       1.561250           1684         0.2499        71932.3          2.233
        2045000       1.561269           1684         0.2498        71933.9          2.233
        2046000       1.561287           1685         0.2497        71935.6          2.233
        2047000       1.561306           1685         0.2496        71937.2          2.232
        2048000       1.561325           1685         0.2494        71938.8          2.232
        2049000       1.561344           1685         0.2493        71940.5          2.232
        2050000       1.561362           1685         0.2492        71942.2          2.232
        2051000       1.561381           1685         0.2491        71943.9          2.232
        2052000       1.561399           1685         0.2490        71945.5          2.232
        2053000       1.561418           1685         0.2489        71947.2          2.232
        2054000       1.561437           1685         0.2487        71948.9          2.232
        2055000       1.561455           1685         0.2486        71950.7          2.213
        2056000       1.561474           1685         0.2485        71952.4          2.213
        2057000       1.561493           1685         0.2484        71954.0          2.213
        2058000       1.561512           1685         0.2483        71955.7          2.213
        2059000       1.561531           1685         0.2482        71957.3          2.213
        2060000       1.561550           1685         0.2480        71958.9          2.213
        2061000       1.561569           1685         0.2479        71960.5          2.213
        2062000       1.561588           1685         0.2478        71962.1          2.213
        2063000       1.564122           1687         0.2481        71970.4          2.226
        2064000       1.564224           1687         0.2480        71972.1          2.229
        2065000       1.564241           1687         0.2478        71973.8          2.229
        2066000       1.564258           1687         0.2477        71975.7          2.228
        2067000       1.564275           1687         0.2476        71977.4          2.228
        2068000       1.564292           1687         0.2475        71979.0          2.228
        2069000       1.564309           1687         0.2474        71980.7          2.228
        2070000       1.564326           1687         0.2473        71982.3          2.228
        2071000       1.564342           1687         0.2471        71983.9          2.228
        2072000       1.564359           1687         0.2470        71985.7          2.228
        2073000       1.564377           1687         0.2469        71987.4          2.228
        2074000       1.564394           1687         0.2468        71989.1          2.228
        2075000       1.564411           1687         0.2467        71990.9          2.228
        2076000       1.564429           1687         0.2466        71992.6          2.228
        2077000       1.564446           1687         0.2464        71994.2          2.227
        2078000       1.564463           1687         0.2463        71995.8          2.228
        2079000       1.564480           1687         0.2462        71997.5          2.228
        2080000       1.564498           1687         0.2461        71999.2          2.228
        2081000       1.564515           1687         0.2460        72000.8          2.228
        2082000       1.564532           1688         0.2459        72002.5          2.228
        2083000       1.564550           1688         0.2457        72004.2          2.228
        2084000       1.564566           1688         0.2456        72005.9          2.229
        2085000       1.564583           1688         0.2455        72007.5          2.229
        2086000       1.564600           1688         0.2454        72009.2          2.229
        2087000       1.564617           1688         0.2453        72010.8          2.229
        2088000       1.564634           1688         0.2452        72012.5          2.229
        2089000       1.564651           1688         0.2450        72014.2          2.229
        2090000       1.564667           1688         0.2449        72015.8          2.229
        2091000       1.564684           1688         0.2448        72017.5          2.229
        2092000       1.564700           1688         0.2447        72019.1          2.229
        2093000       1.564717           1688         0.2446        72020.8          2.229
        2094000       1.564733           1688         0.2445        72022.5          2.229
        2095000       1.564750           1688         0.2444        72024.2          2.229
        2096000       1.564766           1688         0.2442        72025.8          2.229
        2097000       1.564783           1688         0.2441        72027.5          2.229
        2098000       1.564800           1688         0.2440        72029.2          2.229
        2099000       1.564816           1688         0.2439        72030.9          2.229
        2100000       1.564833           1688         0.2438        72032.6          2.229
        2101000       1.564850           1688         0.2437        72034.2          2.229
        2102000       1.564867           1688         0.2436        72035.8          2.229
        2103000       1.565766           1689         0.2435        72038.5          2.230
        2104000       1.567354           1689         0.2436        72041.8          2.228
        2105000       1.567376           1689         0.2435        72043.5          2.228
        2106000       1.567401           1689         0.2434        72045.3          2.228
        2107000       1.567429           1689         0.2432        72047.0          2.228
        2108000       1.567456           1689         0.2431        72048.6          2.228
        2109000       1.567484           1689         0.2430        72050.3          2.228
        2110000       1.567511           1689         0.2429        72051.9          2.228
        2111000       1.567539           1689         0.2428        72053.5          2.228
        2112000       1.567566           1689         0.2427        72055.2          2.228
        2113000       1.567594           1689         0.2426        72056.8          2.228
        2114000       1.567621           1689         0.2424        72058.4          2.228
        2115000       1.567647           1689         0.2423        72060.1          2.228
        2116000       1.567674           1689         0.2422        72061.8          2.228
        2117000       1.567702           1689         0.2421        72063.4          2.228
        2118000       1.567729           1689         0.2420        72065.1          2.228
        2119000       1.567755           1690         0.2419        72067.0          2.229
        2120000       1.567783           1690         0.2418        72068.6          2.229
        2121000       1.567810           1690         0.2417        72070.3          2.230
        2122000       1.567837           1690         0.2416        72071.9          2.229
        2123000       1.567865           1690         0.2415        72073.6          2.229
        2124000       1.567891           1690         0.2414        72075.3          2.229
        2125000       1.567919           1690         0.2413        72076.9          2.229
        2126000       1.567946           1690         0.2412        72078.8          2.229
        2127000       1.567974           1690         0.2411        72080.4          2.229
        2128000       1.568002           1690         0.2410        72082.1          2.229
        2129000       1.568332           1691         0.2409        72084.1          2.228
        2130000       1.568373           1691         0.2408        72085.7          2.228
        2131000       1.569317           1691         0.2408        72088.5          2.208
        2132000       1.569348           1691         0.2407        72090.4          2.208
        2133000       1.569377           1691         0.2405        72092.1          2.207
        2134000       1.569410           1691         0.2404        72093.9          2.207
        2135000       1.569443           1691         0.2403        72095.8          2.212
        2136000       1.569475           1691         0.2402        72097.8          2.213
        2137000       1.569508           1691         0.2401        72099.5          2.214
        2138000       1.569541           1691         0.2400        72101.2          2.214
        2139000       1.569574           1691         0.2399        72102.8          2.209
        2140000       1.569607           1691         0.2398        72104.5          2.189
        2141000       1.569639           1691         0.2397        72106.3          2.189
        2142000       1.569672           1691         0.2396        72108.0          2.189
        2143000       1.569704           1691         0.2395        72110.1          2.187
        2144000       1.569736           1691         0.2394        72112.2          2.087
        2145000       1.569774           1691         0.2393        72159.3          2.088
        2146000       1.569796           1691         0.2392        72161.1          2.182
        2147000       1.569828           1691         0.2391        72163.0          2.211
        2148000       1.569860           1691         0.2390        72164.8          2.211
        2149000       1.569894           1691         0.2389        72166.5          2.211
        2150000       1.569928           1691         0.2388        72168.1          2.211
        2151000       1.569962           1691         0.2387        72170.0          2.211
        2152000       1.570167           1691         0.2386        72172.0          2.186
        2153000       1.570207           1691         0.2385        72173.7          2.186
        2154000       1.570234           1691         0.2384        72175.3          2.186
        2155000       1.570274           1691         0.2383        72177.0          2.185
        2156000       1.571048           1692         0.2383        72183.4          2.231
        2157000       1.571091           1692         0.2382        72185.2          2.232
        2158000       1.571133           1692         0.2381        72186.8          2.232
        2159000       1.571176           1692         0.2380        72188.4          2.232
        2160000       1.571218           1692         0.2379        72190.2          2.232
        2161000       1.571261           1692         0.2378        72191.8          2.232
        2162000       1.571660           1692         0.2377        72193.8          2.231
        2163000       1.571924           1692         0.2376        72195.7          2.230
        2164000       1.572741           1693         0.2377        72199.7          2.235
        2165000       1.575616           1696         0.2379        72205.5          2.232
        2166000       1.575632           1696         0.2378        72207.2          2.232
        2167000       1.575648           1696         0.2377        72208.9          2.232
        2168000       1.575663           1696         0.2376        72210.6          2.232
        2169000       1.575679           1696         0.2375        72212.2          2.232
        2170000       1.575694           1696         0.2374        72213.9          2.232
        2171000       1.575710           1696         0.2373        72215.5          2.232
        2172000       1.575725           1696         0.2372        72217.1          2.232
        2173000       1.575741           1696         0.2371        72218.8          2.232
        2174000       1.575756           1696         0.2370        72220.4          2.232
        2175000       1.575772           1696         0.2368        72222.0          2.232
        2176000       1.575788           1696         0.2367        72223.6          2.232
        2177000       1.575803           1696         0.2366        72225.3          2.232
        2178000       1.575818           1696         0.2365        72227.0          2.232
        2179000       1.575834           1696         0.2364        72228.7          2.232
        2180000       1.575849           1696         0.2363        72230.3          2.232
        2181000       1.575865           1696         0.2362        72232.0          2.232
        2182000       1.575880           1696         0.2361        72233.7          2.232
        2183000       1.575896           1696         0.2360        72235.4          2.232
        2184000       1.575911           1696         0.2359        72237.2          2.227
        2185000       1.575926           1696         0.2358        72239.3          2.185
        2186000       1.575942           1696         0.2357        72241.1          2.228
        2187000       1.575957           1696         0.2356        72243.0          2.226
        2188000       1.577532           1696         0.2357        72246.2          2.231
        2189000       1.577550           1696         0.2356        72247.9          2.232
        2190000       1.577568           1696         0.2355        72249.6          2.232
        2191000       1.577585           1697         0.2354        72251.2          2.232
        2192000       1.577603           1697         0.2353        72252.9          2.232
        2193000       1.577620           1697         0.2352        72254.5          2.232
        2194000       1.577637           1697         0.2351        72256.2          2.232
        2195000       1.577654           1697         0.2350        72257.8          2.232
        2196000       1.577672           1697         0.2349        72259.5          2.232
        2197000       1.577690           1697         0.2348        72261.4          2.186
        2198000       1.577708           1697         0.2346        72263.0          2.186
        2199000       1.577726           1697         0.2345        72264.6          2.186
        2200000       1.577743           1697         0.2344        72266.3          2.186
        2201000       1.577761           1697         0.2343        72267.9          2.186
        2202000       1.577779           1697         0.2342        72269.7          2.186
        2203000       1.577797           1697         0.2341        72271.4          2.186
        2204000       1.577815           1697         0.2340        72273.2          2.213
        2205000       1.577833           1697         0.2339        72275.1          2.213
        2206000       1.577851           1697         0.2338        72276.7          2.213
        2207000       1.577869           1697         0.2337        72278.4          2.213
        2208000       1.577887           1697         0.2336        72280.0          2.213
        2209000       1.577905           1697         0.2335        72281.7          2.213
        2210000       1.577923           1697         0.2334        72283.4          2.213
        2211000       1.578038           1697         0.2333        72285.3          2.209
        2212000       1.578216           1697         0.2333        72287.4          2.210
        2213000       1.578237           1697         0.2331        72289.1          2.211
        2214000       1.578257           1697         0.2330        72290.7          2.211
        2215000       1.578277           1697         0.2329        72292.4          2.211
        2216000       1.578298           1697         0.2328        72294.0          2.211
        2217000       1.578318           1697         0.2327        72295.7          2.211
        2218000       1.578339           1697         0.2326        72297.4          2.211
        2219000       1.578359           1697         0.2325        72299.0          2.211
        2220000       1.578380           1697         0.2324        72300.8          2.212
        2221000       1.578401           1697         0.2323        72302.5          2.213
        2222000       1.578419           1697         0.2322        72304.3          2.213
        2223000       1.578435           1697         0.2321        72305.9          2.213
        2224000       1.578451           1697         0.2320        72307.6          2.213
        2225000       1.578466           1697         0.2319        72309.2          2.213
        2226000       1.578482           1697         0.2318        72310.8          2.213
        2227000       1.578503           1697         0.2317        72312.5          2.213
        2228000       1.578523           1697         0.2316        72314.2          2.213
        2229000       1.578543           1697         0.2315        72315.9          2.213
        2230000       1.578563           1697         0.2314        72317.5          2.213
        2231000       1.578583           1697         0.2313        72319.2          2.213
        2232000       1.578603           1697         0.2312        72320.8          2.213
        2233000       1.578623           1697         0.2311        72322.4          2.213
        2234000       1.578643           1697         0.2310        72324.1          2.212
        2235000       1.578663           1697         0.2309        72325.8          2.212
        2236000       1.578683           1697         0.2308        72327.5          2.212
        2237000       1.578703           1697         0.2307        72329.1          2.212
        2238000       1.578723           1697         0.2306        72330.8          2.212
        2239000       1.578743           1697         0.2305        72332.4          2.212
        2240000       1.578763           1697         0.2304        72334.1          2.212
        2241000       1.578783           1697         0.2303        72335.7          2.212
        2242000       1.578803           1697         0.2302        72337.4          2.212
        2243000       1.578823           1697         0.2301        72339.1          2.212
        2244000       1.578842           1697         0.2300        72340.7          2.211
        2245000       1.578862           1697         0.2299        72342.3          2.211
        2246000       1.578882           1697         0.2298        72344.0          2.211
        2247000       1.578902           1697         0.2297        72345.7          2.211
        2248000       1.578922           1697         0.2296        72347.3          2.211
        2249000       1.578941           1697         0.2295        72349.1          2.211
        2250000       1.578961           1697         0.2294        72350.7          2.211
        2251000       1.579089           1697         0.2293        72352.9          2.209
        2252000       1.579469           1697         0.2292        72355.1          2.210
        2253000       1.579715           1697         0.2292        72357.2          2.213
        2254000       1.579840           1698         0.2291        72364.8          2.077
        2255000       1.579845           1698         0.2290        72471.6          2.077
        2256000       1.579850           1698         0.2289        72580.4          2.077
        2257000       1.579856           1698         0.2288        72688.3          2.077
        2258000       1.579861           1698         0.2287        72796.0          2.077
        2259000       1.579866           1698         0.2286        72904.8          2.077
        2260000       1.579871           1698         0.2285        73013.0          2.077
        2261000       1.579877           1698         0.2284        73122.5          2.077
        2262000       1.579882           1698         0.2283        73230.4          2.077
        2263000       1.579887           1698         0.2282        73339.4          2.077
        2264000       1.579893           1698         0.2281        73448.8          2.077
        2265000       1.579898           1698         0.2280        73556.3          2.077
        2266000       1.579903           1698         0.2279        73665.0          2.077
        2267000       1.579909           1698         0.2278        73772.3          2.077
        2268000       1.579914           1698         0.2277        73880.7          2.077
        2269000       1.579919           1698         0.2276        73988.7          2.077
        2270000       1.579924           1698         0.2275        74097.0          2.077
        2271000       1.579930           1698         0.2274        74204.3          2.077
        2272000       1.579935           1698         0.2273        74312.6          2.077
        2273000       1.579940           1698         0.2272        74421.0          2.077
        2274000       1.579946           1698         0.2271        74529.5          2.077
        2275000       1.579951           1698         0.2270        74637.3          2.077
        2276000       1.579956           1698         0.2269        74745.6          2.077
        2277000       1.579961           1698         0.2268        74853.3          2.077
        2278000       1.579967           1698         0.2267        74960.2          2.077
        2279000       1.579972           1698         0.2266        75067.5          2.077
        2280000       1.579998           1698         0.2265        75156.9          2.077
        2281000       1.580033           1698         0.2264        75158.7          2.089
        2282000       1.580269           1698         0.2264        75161.0          2.233
        2283000       1.580394           1698         0.2263        75163.3          2.230
        2284000       1.580524           1698         0.2262        75165.4          2.194
        2285000       1.580644           1698         0.2261        75167.3          2.234
        2286000       1.580765           1698         0.2261        75169.6          2.297
        2287000       1.580890           1699         0.2260        75171.6          2.347
        2288000       1.581020           1699         0.2259        75173.3          2.193
        2289000       1.581146           1699         0.2258        75175.0          2.174
        2290000       1.581210           1699         0.2257        75177.0          2.173
        2291000       1.581324           1699         0.2256        75179.3          2.172
        2292000       1.581446           1700         0.2256        75181.4          2.159
        2293000       1.581572           1700         0.2255        75184.1          2.158
        2294000       1.581706           1700         0.2254        75185.7          2.158
        2295000       1.581775           1700         0.2254        75187.4          2.158
        2296000       1.581910           1700         0.2253        75189.1          2.158
        2297000       1.582044           1700         0.2252        75190.8          2.158
        2298000       1.582177           1700         0.2251        75192.6          2.159
        2299000       1.582308           1700         0.2250        75194.3          2.158
        2300000       1.582320           1700         0.2249        75294.7          2.055
        2301000       1.582326           1700         0.2248        75387.0          2.055
        2302000       1.582428           1701         0.2248        75397.0          2.219
        2303000       1.582555           1701         0.2247        75398.9          2.219
        2304000       1.582669           1701         0.2246        75400.6          2.219
        2305000       1.582795           1701         0.2246        75402.3          2.219
        2306000       1.582864           1701         0.2245        75404.1          2.218
        2307000       1.582876           1701         0.2244        75405.8          2.217
        2308000       1.582931           1701         0.2243        75408.0          2.218
        2309000       1.583056           1701         0.2242        75410.1          2.218
        2310000       1.583154           1701         0.2242        75412.2          2.217
        2311000       1.583220           1701         0.2241        75414.2          2.217
        2312000       1.583232           1701         0.2240        75415.9          2.218
        2313000       1.583273           1701         0.2240        75417.6          2.215
        2314000       1.583373           1701         0.2239        75420.0          2.215
        2315000       1.583557           1701         0.2238        75421.9          2.213
        2316000       1.583658           1701         0.2238        75423.5          2.213
        2317000       1.583785           1702         0.2237        75425.3          2.216
        2318000       1.583844           1702         0.2236        75484.6          2.083
        2319000       1.583846           1702         0.2235        75546.7          2.083
        2320000       1.583848           1702         0.2234        75641.9          2.083
        2321000       1.583849           1702         0.2233        75689.1          2.083
        2322000       1.583852           1702         0.2232        75781.1          2.083
        2323000       1.583854           1702         0.2231        75883.4          2.083
        2324000       1.583856           1702         0.2230        75950.2          2.083
        2325000       1.583859           1702         0.2229        76041.0          2.083
        2326000       1.583861           1702         0.2228        76130.6          2.083
        2327000       1.583863           1702         0.2227        76222.8          2.083
        2328000       1.583866           1702         0.2226        76312.4          2.083
        2329000       1.583868           1702         0.2225        76403.6          2.083
        2330000       1.583871           1702         0.2225        76514.7          2.085
        2331000       1.583874           1702         0.2224        76625.5          2.085
        2332000       1.583877           1702         0.2223        76737.2          2.085
        2333000       1.583880           1702         0.2222        76849.1          2.085
        2334000       1.583883           1702         0.2221        76960.8          2.085
        2335000       1.583886           1702         0.2220        77072.1          2.085
        2336000       1.583889           1702         0.2219        77184.1          2.085
        2337000       1.583892           1702         0.2218        77296.0          2.085
        2338000       1.583895           1702         0.2217        77408.8          2.085
        2339000       1.583898           1702         0.2216        77521.3          2.085
        2340000       1.583901           1702         0.2215        77633.3          2.085
        2341000       1.583904           1702         0.2214        77745.0          2.085
        2342000       1.583907           1702         0.2213        77855.9          2.085
        2343000       1.583910           1702         0.2212        77967.5          2.085
        2344000       1.583913           1702         0.2211        78079.1          2.085
        2345000       1.583916           1702         0.2210        78191.0          2.085
        2346000       1.583919           1702         0.2209        78304.2          2.079
        2347000       1.583922           1702         0.2209        78416.9          2.079
        2348000       1.583925           1702         0.2208        78530.0          2.079
        2349000       1.583928           1702         0.2207        78643.4          2.079
        2350000       1.583932           1702         0.2206        78756.1          2.079
        2351000       1.583935           1702         0.2205        78868.6          2.079
        2352000       1.583938           1702         0.2204        78981.7          2.079
        2353000       1.583941           1702         0.2203        79094.1          2.079
        2354000       1.583944           1702         0.2202        79206.9          2.079
        2355000       1.583947           1702         0.2201        79318.1          2.079
        2356000       1.583950           1702         0.2200        79430.4          2.079
        2357000       1.583953           1702         0.2199        79543.1          2.079
        2358000       1.583957           1702         0.2198        79655.0          2.079
        2359000       1.583960           1702         0.2197        79767.7          2.079
        2360000       1.583963           1702         0.2196        79880.6          2.079
        2361000       1.583966           1702         0.2195        79994.0          2.079
        2362000       1.583969           1702         0.2194        80107.7          2.079
        2363000       1.583972           1702         0.2194        80220.6          2.079
        2364000       1.583975           1702         0.2193        80333.5          2.079
        2365000       1.583978           1702         0.2192        80445.4          2.079
        2366000       1.583982           1702         0.2191        80558.4          2.079
        2367000       1.583985           1702         0.2190        80670.5          2.079
        2368000       1.583988           1702         0.2189        80782.8          2.079
        2369000       1.583991           1702         0.2188        80896.7          2.079
        2370000       1.583994           1702         0.2187        81010.0          2.079
        2371000       1.583997           1702         0.2186        81121.7          2.079
        2372000       1.584000           1702         0.2185        81234.0          2.079
        2373000       1.584003           1702         0.2184        81345.7          2.079
        2374000       1.584007           1702         0.2183        81457.4          2.079
        2375000       1.584010           1702         0.2182        81569.8          2.079
        2376000       1.584013           1702         0.2182        81683.7          2.079
        2377000       1.584016           1702         0.2181        81796.2          2.079
        2378000       1.584019           1702         0.2180        81908.9          2.079
        2379000       1.584022           1702         0.2179        82020.4          2.079
        2380000       1.584025           1702         0.2178        82133.1          2.079
        2381000       1.584028           1702         0.2177        82244.7          2.079
        2382000       1.584031           1702         0.2176        82313.5          2.079
        2383000       1.584035           1702         0.2175        82425.8          2.079
        2384000       1.584038           1702         0.2174        82537.6          2.079
        2385000       1.584041           1702         0.2173        82649.1          2.079
        2386000       1.584044           1702        